track_id,cell_index,frame,x,y,width,height,area,confidence,mean_intensity
26,0,31,391.14007568359375,91.00076293945312,16.87956428527832,16.87956428527832,223.7754016037159,0.8,0.71897686
26,0,32,390.0533752441406,90.96968841552734,15.946647644042969,15.946647644042969,199.72327448889857,0.8,0.74174327
26,0,33,390.0919494628906,89.95884704589844,16.817079544067383,16.817079544067383,222.12172529585996,0.8,0.7207681
26,0,34,389.1049499511719,89.98494720458984,16.065839767456055,16.065839767456055,202.72006827062557,0.8,0.7403835
26,0,35,389.1199645996094,89.03166198730469,16.20301055908203,16.20301055908203,206.19651051784786,0.8,0.7402249
26,0,36,389.18121337890625,89.01288604736328,16.115243911743164,16.115243911743164,203.9687562398116,0.8,0.7365485
26,0,37,388.1376037597656,87.97989654541016,14.400186538696289,14.400186538696289,162.8643825953288,0.8,0.76739
26,0,38,388.1346435546875,87.95307159423828,14.473699569702148,14.473699569702148,164.53147414422335,0.8,0.76616997
26,0,39,387.1034851074219,86.89358520507812,14.395866394042969,14.395866394042969,162.76667661798265,0.8,0.76726794
26,0,40,387.1247253417969,86.92060089111328,14.303303718566895,14.303303718566895,160.6802884119686,0.8,0.7632244
26,0,41,386.0892639160156,86.04351043701172,14.337494850158691,14.337494850158691,161.44939844849446,0.8,0.7613072
26,0,42,386.1358642578125,85.88326263427734,14.302701950073242,14.302701950073242,160.66676841644866,0.8,0.7605751
26,0,43,386.1673278808594,84.91751861572266,14.360710144042969,14.360710144042969,161.9726599711565,0.8,0.76254463
26,0,44,385.1861267089844,84.94866943359375,14.417065620422363,14.417065620422363,163.24640713762798,0.8,0.76045316
26,0,45,385.0594482421875,83.89661407470703,14.358246803283691,14.358246803283691,161.91709731014365,0.8,0.76318955
26,0,46,384.0755615234375,84.04718780517578,14.27700138092041,14.27700138092041,160.08988196577027,0.8,0.76277125
26,0,47,384.0721130371094,82.96037292480469,14.386301040649414,14.386301040649414,162.55044739066741,0.8,0.76643133
26,0,48,384.0210876464844,82.96459197998047,14.354188919067383,14.354188919067383,161.82558920374586,0.8,0.7684184
26,0,49,383.07861328125,81.96605682373047,14.46035385131836,14.46035385131836,164.22819599813124,0.8,0.76869714
26,0,50,383.05889892578125,81.95287322998047,14.450634956359863,14.450634956359863,164.0075125732958,0.8,0.7727407
26,0,51,382.0317077636719,80.92347717285156,14.534502029418945,14.534502029418945,165.91673587009456,0.8,0.76965576
26,0,52,382.0331726074219,80.90247344970703,14.400186538696289,14.400186538696289,162.8643825953288,0.8,0.7673203
26,0,53,381.0229797363281,79.95252990722656,16.07343864440918,16.07343864440918,202.91188011233584,0.8,0.7290225
26,0,54,381.04400634765625,79.92854309082031,16.2127628326416,16.2127628326416,206.4447964677057,0.8,0.72449964
26,0,55,381.02618408203125,78.91014862060547,17.406129837036133,17.406129837036133,237.95471728517415,0.8,0.72496104
26,0,56,380.01837158203125,78.96668243408203,17.280376434326172,17.280376434326172,234.52885275733976,0.8,0.7245675
26,0,57,379.9487609863281,77.9616470336914,17.80309295654297,17.80309295654297,248.93204120928897,0.8,0.7269421
26,0,58,379.0410461425781,77.93142700195312,18.35430335998535,18.35430335998535,264.5852881520748,0.8,0.6710228
26,0,59,378.97186279296875,76.88892364501953,19.03980255126953,19.03980255126953,284.71789357338383,0.8,0.66863286
26,0,60,378.92449951171875,76.94975280761719,18.882902145385742,18.882902145385742,280.0447055753203,0.8,0.6701428
26,0,61,377.9638977050781,75.93563842773438,20.121429443359375,20.121429443359375,317.9856646129413,0.8,0.62206346
26,0,62,377.9606018066406,75.94206237792969,19.30002212524414,19.30002212524414,292.5536326413679,0.8,0.67031664
26,0,63,376.9041442871094,74.87033081054688,20.23033905029297,20.23033905029297,321.4372501876206,0.8,0.62353873
26,0,64,376.939697265625,74.89311218261719,20.246139526367188,20.246139526367188,321.9395497226638,0.8,0.6110267
26,0,65,376.97186279296875,73.82451629638672,20.27618408203125,20.27618408203125,322.89575251445103,0.8,0.62232494
26,0,66,375.9544982910156,73.8980712890625,20.22861099243164,20.22861099243164,321.382338755619,0.8,0.6124939
26,0,67,375.9024963378906,72.93602752685547,20.353832244873047,20.353832244873047,325.37356286605507,0.8,0.615375
26,0,68,374.92083740234375,72.83658599853516,20.339536666870117,20.339536666870117,324.916669085238,0.8,0.6081811
26,0,69,375.01025390625,71.8477783203125,20.174575805664062,20.174575805664062,319.6676623982376,0.8,0.619972
26,0,70,373.9576416015625,71.92729187011719,20.16023826599121,20.16023826599121,319.2134650719444,0.8,0.60558444
26,0,71,373.9924621582031,70.85566711425781,20.379297256469727,20.379297256469727,326.18823251671887,0.8,0.609426
26,0,72,374.0599060058594,70.828369140625,20.161020278930664,20.161020278930664,319.2382300472765,0.8,0.61641455
26,0,73,372.95880126953125,69.85209655761719,20.34518814086914,20.34518814086914,325.09725463597675,0.8,0.6067227
26,0,74,373.00250244140625,69.82786560058594,20.186906814575195,20.186906814575195,320.0585533377428,0.8,0.61490196
26,0,75,372.0413818359375,68.88298034667969,20.198101043701172,20.198101043701172,320.4136153785734,0.8,0.6147432
26,0,76,372.02935791015625,68.856201171875,20.245447158813477,20.245447158813477,321.91753103738574,0.8,0.6127638
26,0,77,371.9835510253906,67.86152648925781,20.16023826599121,20.16023826599121,319.2134650719444,0.8,0.614986
26,0,78,370.9862976074219,67.84101104736328,20.313289642333984,20.313289642333984,324.07863689089334,0.8,0.616592
26,0,79,371.04541015625,66.91637420654297,20.348478317260742,20.348478317260742,325.2024110782361,0.8,0.6076298
26,0,80,369.95166015625,66.89637756347656,19.6651554107666,19.6651554107666,303.727871890785,0.8,0.6702298
26,0,81,369.96051025390625,65.89078521728516,20.348594665527344,20.348594665527344,325.2061299651627,0.8,0.61391664
26,0,82,368.9724426269531,65.8526382446289,20.43490219116211,20.43490219116211,327.9706707893846,0.8,0.61750036
26,0,83,368.9517517089844,64.93778228759766,19.936735153198242,19.936735153198242,312.17488508923594,0.8,0.6339902
26,0,84,368.9336242675781,64.95768737792969,20.439207077026367,20.439207077026367,328.10886817410324,0.8,0.61593527
26,0,85,367.9100341796875,63.943233489990234,20.025175094604492,20.025175094604492,314.9506620554883,0.8,0.63553923
26,0,86,367.9219970703125,63.90187072753906,20.724687576293945,20.724687576293945,337.33846620694806,0.8,0.61951
26,0,87,366.9497375488281,62.95998764038086,20.880613327026367,20.880613327026367,342.4336093829699,0.8,0.6256725
26,0,88,366.9454345703125,62.93375778198242,20.827686309814453,20.827686309814453,340.6998461630898,0.8,0.6199636
26,0,89,366.9844970703125,61.98875427246094,20.59165382385254,20.59165382385254,333.02155038671646,0.8,0.61573076
26,0,90,365.9767150878906,62.003379821777344,20.827686309814453,20.827686309814453,340.6998461630898,0.8,0.6176516
26,0,91,365.94268798828125,60.971839904785156,20.880613327026367,20.880613327026367,342.4336093829699,0.8,0.6167978
26,0,92,364.894775390625,60.965118408203125,20.827686309814453,20.827686309814453,340.6998461630898,0.8,0.620008
26,0,93,364.9388122558594,59.9945068359375,20.827686309814453,20.827686309814453,340.6998461630898,0.8,0.6181495
26,0,94,364.9482727050781,60.02711486816406,20.099750518798828,20.099750518798828,317.3008351715834,0.8,0.63126063
26,0,95,363.9476013183594,59.01633834838867,20.880613327026367,20.880613327026367,342.4336093829699,0.8,0.6185052
26,0,96,363.9999084472656,58.01492691040039,20.08112335205078,20.08112335205078,316.7129993312897,0.8,0.61501044
26,0,97,362.9244384765625,58.06296920776367,20.057479858398438,20.057479858398438,315.9676432715095,0.8,0.640853
26,0,98,362.9544372558594,57.01754379272461,20.733837127685547,20.733837127685547,337.63638885941947,0.8,0.61577517
26,0,99,361.9355163574219,57.026222229003906,20.880613327026367,20.880613327026367,342.4336093829699,0.8,0.6155529
26,0,100,361.9930114746094,55.959224700927734,20.07928466796875,20.07928466796875,316.6550037221684,0.8,0.62566763
26,0,101,361.9853210449219,56.00132369995117,20.08112335205078,20.08112335205078,316.7129993312897,0.8,0.6154195
26,0,102,360.9875183105469,55.050689697265625,20.591472625732422,20.591472625732422,333.01568950600154,0.8,0.6168156
26,0,103,361.0081787109375,54.986167907714844,20.880613327026367,20.880613327026367,342.4336093829699,0.8,0.6157307
26,0,104,359.96673583984375,54.00527572631836,20.08112335205078,20.08112335205078,316.7129993312897,0.8,0.6154906
26,0,105,359.9280700683594,54.03717041015625,20.057479858398438,20.057479858398438,315.9676432715095,0.8,0.6447353
26,0,106,359.9891357421875,53.00896453857422,20.666440963745117,20.666440963745117,335.44495525137063,0.8,0.6154462
26,0,107,358.9656677246094,53.02665328979492,20.08112335205078,20.08112335205078,316.7129993312897,0.8,0.6165044
26,0,108,358.9748229980469,51.99541473388672,20.317577362060547,20.317577362060547,324.2154640658601,0.8,0.6203281
26,0,109,357.9748229980469,52.03562545776367,20.118085861206055,20.118085861206055,317.8799939040893,0.8,0.6219999
26,0,110,357.969482421875,51.02739715576172,20.099750518798828,20.099750518798828,317.3008351715834,0.8,0.61964345
26,0,111,356.9116516113281,50.9736442565918,20.317577362060547,20.317577362060547,324.2154640658601,0.8,0.6235739
26,0,112,357.02520751953125,49.98763656616211,20.099750518798828,20.099750518798828,317.3008351715834,0.8,0.62015915
26,0,113,356.9244384765625,49.99774932861328,20.338390350341797,20.338390350341797,324.8800461416054,0.8,0.62232006
26,0,114,355.9977111816406,49.98712158203125,20.16023826599121,20.16023826599121,319.2134650719444,0.8,0.621742
26,0,115,355.9381103515625,49.98779296875,20.348617553710938,20.348617553710938,325.20686155197905,0.8,0.6224801
26,0,116,354.9864501953125,51.00398254394531,20.16023826599121,20.16023826599121,319.2134650719444,0.8,0.62291586
26,0,117,355.0140075683594,51.07332992553711,20.16749382019043,20.16749382019043,319.44327261059084,0.8,0.6222223
26,0,118,355.0036926269531,52.03458023071289,20.099750518798828,20.099750518798828,317.3008351715834,0.8,0.62051487
26,0,119,353.98773193359375,51.99433135986328,20.10463523864746,20.10463523864746,317.4550772872352,0.8,0.62370723
26,0,120,353.97613525390625,52.9726676940918,20.269939422607422,20.269939422607422,322.6968922659692,0.8,0.6190299
26,0,121,352.997802734375,53.02820587158203,20.16023826599121,20.16023826599121,319.2134650719444,0.8,0.62112844
26,0,122,353.037841796875,54.09343338012695,20.103439331054688,20.103439331054688,317.4173113052819,0.8,0.6383847
26,0,123,352.9776306152344,54.036415100097656,20.16023826599121,20.16023826599121,319.2134650719444,0.8,0.6207105
26,0,124,351.9914855957031,55.05160903930664,20.094419479370117,20.094419479370117,317.13254264096685,0.8,0.6344258
26,0,125,351.9696044921875,55.02286148071289,20.08112335205078,20.08112335205078,316.7129993312897,0.8,0.62081724
26,0,126,350.99456787109375,56.05238342285156,20.08112335205078,20.08112335205078,316.7129993312897,0.8,0.634071
26,0,127,350.9731140136719,56.064727783203125,20.08112335205078,20.08112335205078,316.7129993312897,0.8,0.63590103
26,0,128,350.0210876464844,57.04239273071289,20.07928466796875,20.07928466796875,316.6550037221684,0.8,0.6339122
26,0,129,349.9776611328125,57.02301788330078,20.057479858398438,20.057479858398438,315.9676432715095,0.8,0.6142457
26,0,130,349.99261474609375,58.03743362426758,20.07928466796875,20.07928466796875,316.6550037221684,0.8,0.61526835
26,0,131,349.000732421875,58.04088592529297,20.08112335205078,20.08112335205078,316.7129993312897,0.8,0.6360038
26,0,132,348.9994812011719,58.9921760559082,20.08061408996582,20.08061408996582,316.6969357003493,0.8,0.61436135
26,0,133,348.0104675292969,58.99576187133789,20.099750518798828,20.099750518798828,317.3008351715834,0.8,0.6157396
26,0,134,348.0169677734375,60.01601028442383,20.880613327026367,20.880613327026367,342.4336093829699,0.8,0.61675334
26,0,135,348.020751953125,60.078365325927734,20.880613327026367,20.880613327026367,342.4336093829699,0.8,0.6155796
26,0,136,347.0289001464844,60.99028778076172,20.214893341064453,20.214893341064453,320.94660779296686,0.8,0.62015915
26,0,137,347.0232238769531,61.03605651855469,20.16023826599121,20.16023826599121,319.2134650719444,0.8,0.6193945
26,0,138,345.9999694824219,62.01596450805664,20.880613327026367,20.880613327026367,342.4336093829699,0.8,0.6177404
26,0,139,346.0432434082031,61.98948669433594,20.211688995361328,20.211688995361328,320.8448667294432,0.8,0.6252368
26,0,140,346.0190734863281,62.991844177246094,20.099750518798828,20.099750518798828,317.3008351715834,0.8,0.6227914
26,0,141,345.0077209472656,62.97649002075195,20.1640567779541,20.1640567779541,319.33439974103885,0.8,0.624641
26,0,142,344.9986267089844,63.974185943603516,20.16023826599121,20.16023826599121,319.2134650719444,0.8,0.62526345
26,0,143,343.99334716796875,63.999298095703125,20.880613327026367,20.880613327026367,342.4336093829699,0.8,0.62241787
26,0,144,344.0137939453125,64.9345932006836,20.108882904052734,20.108882904052734,317.58923395127016,0.8,0.6294958
26,0,145,343.0157165527344,64.9802474975586,20.099750518798828,20.099750518798828,317.3008351715834,0.8,0.62391174
26,0,146,342.9844055175781,65.98004150390625,20.08112335205078,20.08112335205078,316.7129993312897,0.8,0.6201236
26,0,147,342.9903564453125,65.95770263671875,20.880613327026367,20.880613327026367,342.4336093829699,0.8,0.6189142
26,0,148,341.98095703125,66.9408187866211,20.170595169067383,20.170595169067383,319.54152787410555,0.8,0.62315595
26,0,149,342.0111389160156,66.989501953125,20.099750518798828,20.099750518798828,317.3008351715834,0.8,0.61821175
26,0,150,341.002197265625,67.96115112304688,20.16023826599121,20.16023826599121,319.2134650719444,0.8,0.6210306
26,0,151,341.00054931640625,67.99024200439453,20.16749382019043,20.16749382019043,319.44327261059084,0.8,0.6185585
26,0,152,341.009521484375,68.97100830078125,20.099750518798828,20.099750518798828,317.3008351715834,0.8,0.61833626
26,0,153,339.9896545410156,68.93270111083984,20.16023826599121,20.16023826599121,319.2134650719444,0.8,0.6204615
26,0,154,340.0314025878906,69.93246459960938,20.85275650024414,20.85275650024414,341.5205374797887,0.8,0.61943
26,0,155,338.9050598144531,69.99560546875,20.28190803527832,20.28190803527832,323.078084758238,0.8,0.62162644
26,0,156,338.9891662597656,70.92440032958984,20.16023826599121,20.16023826599121,319.2134650719444,0.8,0.624641
26,0,157,337.9874572753906,70.90705871582031,20.124635696411133,20.124635696411133,318.0870116608784,0.8,0.63196075
26,0,158,337.939208984375,71.98047637939453,20.099750518798828,20.099750518798828,317.3008351715834,0.8,0.62933713
26,0,159,337.94390869140625,71.93443298339844,20.08112335205078,20.08112335205078,316.7129993312897,0.8,0.63945097
26,0,160,336.98187255859375,72.96239471435547,20.118085861206055,20.118085861206055,317.8799939040893,0.8,0.62619716
26,0,161,336.93829345703125,72.99327087402344,20.880613327026367,20.880613327026367,342.4336093829699,0.8,0.6253168
26,0,162,335.9683532714844,73.96224975585938,20.099750518798828,20.099750518798828,317.3008351715834,0.8,0.62609935
26,0,163,336.0198669433594,73.93087768554688,20.197980880737305,20.197980880737305,320.4098029671912,0.8,0.62420523
26,0,164,335.9874572753906,74.99628448486328,20.880613327026367,20.880613327026367,342.4336093829699,0.8,0.6262505
26,0,165,335.01300048828125,74.93800354003906,20.318361282348633,20.318361282348633,324.24048318882126,0.8,0.62791336
26,0,166,334.9769287109375,75.98165893554688,20.118085861206055,20.118085861206055,317.8799939040893,0.8,0.62740654
26,0,167,334.00567626953125,75.98229217529297,20.118085861206055,20.118085861206055,317.8799939040893,0.8,0.6276378
26,0,168,333.9886474609375,76.95530700683594,20.099750518798828,20.099750518798828,317.3008351715834,0.8,0.626215
26,0,169,333.977294921875,76.97969055175781,20.118085861206055,20.118085861206055,317.8799939040893,0.8,0.62842023
26,0,170,332.9683837890625,77.97410583496094,20.08112335205078,20.08112335205078,316.7129993312897,0.8,0.6279045
26,0,171,333.0164794921875,77.96149444580078,20.16023826599121,20.16023826599121,319.2134650719444,0.8,0.62434757
26,0,172,331.99676513671875,78.97335815429688,20.14109992980957,20.14109992980957,318.60768702950884,0.8,0.6268819
26,0,173,331.9954528808594,78.95388793945312,20.880613327026367,20.880613327026367,342.4336093829699,0.8,0.6240007
26,0,174,331.053466796875,79.9632797241211,20.827686309814453,20.827686309814453,340.6998461630898,0.8,0.6251212
26,0,175,331.05902099609375,79.97933959960938,20.07928466796875,20.07928466796875,316.6550037221684,0.8,0.6453875
26,0,176,331.0144348144531,80.88834381103516,20.103439331054688,20.103439331054688,317.4173113052819,0.8,0.6364146
26,0,177,330.0202331542969,80.95831298828125,20.6794376373291,20.6794376373291,335.86699593526487,0.8,0.6224001
26,0,178,330.0660705566406,81.92155456542969,20.635047912597656,20.635047912597656,334.4266238948536,0.8,0.62039924
26,0,179,329.0283508300781,81.91759490966797,20.538537979125977,20.538537979125977,331.3057186012411,0.8,0.62035483
26,0,180,329.0250549316406,82.90682983398438,19.997087478637695,19.997087478637695,314.06777246418727,0.8,0.6506079
26,0,181,329.05755615234375,82.92233276367188,20.269939422607422,20.269939422607422,322.6968922659692,0.8,0.61721575
26,0,182,328.07012939453125,83.92891693115234,20.35331153869629,20.35331153869629,325.35691520435313,0.8,0.6131163
26,0,183,328.0954895019531,83.89314270019531,20.22968292236328,20.22968292236328,321.41640026149173,0.8,0.61597085
26,0,184,327.10009765625,84.88593292236328,20.22441291809082,20.22441291809082,321.24895866827444,0.8,0.6228944
26,0,185,327.1115417480469,84.89490509033203,20.235143661499023,20.235143661499023,321.58994801459227,0.8,0.6140679
26,0,186,326.14886474609375,85.8934555053711,20.329965591430664,20.329965591430664,324.61095216354107,0.8,0.6100308
26,0,187,326.0702819824219,85.91182708740234,20.263296127319336,20.263296127319336,322.4854047624172,0.8,0.608688
26,0,188,326.1346130371094,86.87380981445312,20.280027389526367,20.280027389526367,323.0181725195214,0.8,0.6129741
26,0,189,325.17767333984375,87.8796157836914,20.22968292236328,20.22968292236328,321.41640026149173,0.8,0.6410588
26,0,190,325.1158447265625,87.80445861816406,20.125925064086914,20.125925064086914,318.12777207567325,0.8,0.6409509
26,0,191,324.13116455078125,88.90351867675781,20.103439331054688,20.103439331054688,317.4173113052819,0.8,0.6373138
26,0,192,324.1357421875,88.91310119628906,20.00225830078125,20.00225830078125,314.2302159758887,0.8,0.63854903
26,0,193,324.1383056640625,89.9288558959961,20.214614868164062,20.214614868164062,320.9377653701416,0.8,0.6325024
26,0,194,323.09576416015625,89.96176147460938,20.096479415893555,20.096479415893555,317.1975663051206,0.8,0.62870216
26,0,195,323.14422607421875,90.85746002197266,20.176271438598633,20.176271438598633,319.72139951770436,0.8,0.6415785
26,0,196,322.1152648925781,91.00242614746094,20.174575805664062,20.174575805664062,319.6676623982376,0.8,0.6311391
26,0,197,322.13885498046875,91.92369079589844,20.095191955566406,20.095191955566406,317.15692573392056,0.8,0.64147055
26,0,198,322.06402587890625,91.97932434082031,20.05313491821289,20.05313491821289,315.8307654760227,0.8,0.62968254
26,0,199,321.1148986816406,92.9354248046875,20.12335968017578,20.12335968017578,318.04667589236317,0.8,0.6432157
26,0,200,321.17254638671875,92.98355865478516,20.138071060180664,20.138071060180664,318.511868172646,0.8,0.63028944
26,0,201,320.1372985839844,93.99832916259766,20.161943435668945,20.161943435668945,319.26746603496986,0.8,0.6303735
26,0,202,320.1341552734375,93.98905181884766,20.046772003173828,20.046772003173828,315.6303693275759,0.8,0.6288889
26,0,203,319.1664733886719,95.00090789794922,20.072769165039062,20.072769165039062,316.4495350611739,0.8,0.6281326
26,0,204,319.1058654785156,94.98921203613281,20.095726013183594,20.095726013183594,317.1737837289237,0.8,0.62989736
26,0,205,319.1866760253906,95.96563720703125,20.244876861572266,20.244876861572266,321.8993949999213,0.8,0.6311579
26,0,206,318.2059326171875,95.98863983154297,20.28573226928711,20.28573226928711,323.1999315468887,0.8,0.6335014
26,0,207,318.1791076660156,97.02987670898438,20.246692657470703,20.246692657470703,321.95714094895186,0.8,0.6324556
26,0,208,317.21673583984375,97.03164672851562,20.14268684387207,20.14268684387207,318.6578951054253,0.8,0.62478995
26,0,209,317.2244567871094,98.03202056884766,20.04672622680664,20.04672622680664,315.6289278590758,0.8,0.6418628
26,0,210,317.202392578125,98.07073974609375,20.12796974182129,20.12796974182129,318.1924152473151,0.8,0.64698035
26,0,211,316.2373352050781,98.98914337158203,20.080829620361328,20.080829620361328,316.7037341161563,0.8,0.6238282
26,0,212,316.2186279296875,99.00054168701172,19.90465545654297,19.90465545654297,311.1710679125156,0.8,0.6540558
26,0,213,315.21343994140625,100.0186996459961,20.130762100219727,20.130762100219727,318.28070720182944,0.8,0.6269561
26,0,214,315.1409606933594,100.04983520507812,19.878732681274414,19.878732681274414,310.3610900616212,0.8,0.65567595
26,0,215,314.2187194824219,101.05880737304688,20.010337829589844,20.010337829589844,314.48412178998217,0.8,0.64399016
26,0,216,314.18115234375,101.1238021850586,19.830345153808594,19.830345153808594,308.8520071067817,0.8,0.646402
26,0,217,314.23297119140625,102.0929183959961,19.829574584960938,19.829574584960938,308.82800479018886,0.8,0.64406866
26,0,218,313.2461242675781,102.09400939941406,19.644182205200195,19.644182205200195,303.08035601530975,0.8,0.65584105
26,0,219,313.19207763671875,103.12510681152344,19.66486167907715,19.66486167907715,303.71879860020607,0.8,0.6533127
26,0,220,312.1361389160156,103.13096618652344,19.51753044128418,19.51753044128418,299.1848596767311,0.8,0.65933406
26,0,221,312.14208984375,104.14463806152344,19.496097564697266,19.496097564697266,298.5281299374471,0.8,0.6582369
26,0,222,312.08465576171875,104.11219787597656,19.812347412109375,19.812347412109375,308.2916420568481,0.8,0.6493189
26,0,223,311.16558837890625,105.13257598876953,19.46811294555664,19.46811294555664,297.6717328865124,0.8,0.66259307
26,0,224,311.1534118652344,105.10484313964844,20.27408218383789,20.27408218383789,322.8288110408243,0.8,0.6183007
26,0,225,310.157958984375,106.11795043945312,19.108938217163086,19.108938217163086,286.78933300277635,0.8,0.66097444
26,0,226,310.16143798828125,106.17486572265625,20.13050651550293,20.13050651550293,318.2726253251868,0.8,0.6346079
26,0,227,310.1161193847656,107.14288330078125,20.2675838470459,20.2675838470459,322.6218952243414,0.8,0.6143138
26,0,228,309.0787658691406,107.11912536621094,20.238365173339844,20.238365173339844,321.6923528515219,0.8,0.59451336
26,0,229,309.0960998535156,108.16386413574219,20.146867752075195,20.146867752075195,318.79019301433567,0.8,0.634402
26,0,230,308.0902099609375,108.120361328125,20.13718032836914,20.13718032836914,318.4836924473654,0.8,0.63268626
26,0,231,308.0240173339844,109.1676025390625,19.597692489624023,19.597692489624023,301.6475199077746,0.8,0.6639509
26,0,232,307.00555419921875,109.13726806640625,19.478116989135742,19.478116989135742,297.9777395473324,0.8,0.6654826
26,0,233,306.98895263671875,110.11031341552734,19.755281448364258,19.755281448364258,306.5182405917674,0.8,0.66424423
26,0,234,307.0059814453125,110.15509796142578,20.259765625,20.259765625,322.3730403891186,0.8,0.6195331
26,0,235,306.030517578125,111.19139862060547,20.339712142944336,20.339712142944336,324.92227544180525,0.8,0.61928105
26,0,236,305.99468994140625,111.15603637695312,19.52678871154785,19.52678871154785,299.46876765027207,0.8,0.66742706
26,0,237,304.98931884765625,112.16365051269531,19.874053955078125,19.874053955078125,310.21501196894803,0.8,0.6524974
26,0,238,304.9540100097656,112.15653991699219,19.57910919189453,19.57910919189453,301.0757232079726,0.8,0.66644937
26,0,239,304.9486389160156,113.15122985839844,19.576120376586914,19.576120376586914,300.9838098284429,0.8,0.66574335
26,0,240,303.9549255371094,113.11985778808594,19.796314239501953,19.796314239501953,307.7928729826113,0.8,0.65530443
26,0,241,303.95391845703125,114.12227630615234,19.79827880859375,19.79827880859375,307.85396621053235,0.8,0.65364295
26,0,242,302.9537048339844,114.15747833251953,19.948532104492188,19.948532104492188,312.54443421071164,0.8,0.6388628
26,0,243,302.9075622558594,115.14456176757812,20.046892166137695,20.046892166137695,315.6341531980493,0.8,0.64181376
26,0,244,301.9766540527344,115.13553619384766,20.07489776611328,20.07489776611328,316.5166539056289,0.8,0.6322783
26,0,245,301.9364929199219,116.16300201416016,20.025522232055664,20.025522232055664,314.96158152232795,0.8,0.6405196
26,0,246,301.8935852050781,116.15889739990234,20.025522232055664,20.025522232055664,314.96158152232795,0.8,0.64079416
26,0,247,300.922607421875,117.1577377319336,20.027667999267578,20.027667999267578,315.0290824279402,0.8,0.6400588
26,0,248,300.9420471191406,117.15895080566406,19.728511810302734,19.728511810302734,305.6881007652115,0.8,0.6578845
26,0,249,299.89453125,118.15933227539062,19.85331916809082,19.85331916809082,309.5680491702506,0.8,0.6395294
26,0,250,299.96368408203125,118.1922836303711,19.799978256225586,19.799978256225586,307.90681970889557,0.8,0.6575336
26,0,251,299.90301513671875,119.17906951904297,19.914859771728516,19.914859771728516,311.4901994424819,0.8,0.6365
26,0,252,298.9729919433594,119.19474029541016,19.800312042236328,19.800312042236328,307.917201119823,0.8,0.65452015
26,0,253,298.93182373046875,120.17491149902344,19.794132232666016,19.794132232666016,307.7250250861198,0.8,0.65683174
26,0,254,297.9397888183594,120.1953353881836,19.605703353881836,19.605703353881836,301.8941766220168,0.8,0.6658085
26,0,255,297.9560241699219,121.21206665039062,19.976001739501953,19.976001739501953,313.40579009395015,0.8,0.63712746
26,0,256,297.90667724609375,121.1890869140625,19.63500213623047,19.63500213623047,302.7971527305705,0.8,0.656192
26,0,257,296.9249572753906,122.24272155761719,19.840286254882812,19.840286254882812,309.16174438924565,0.8,0.65845203
26,0,258,296.95135498046875,122.19999694824219,19.905303955078125,19.905303955078125,311.1913443015657,0.8,0.6387549
26,0,259,295.917236328125,123.23750305175781,20.079309463500977,20.079309463500977,316.6557857853073,0.8,0.64210784
26,0,260,295.9222412109375,123.19271850585938,20.05722427368164,20.05722427368164,315.9595908156009,0.8,0.6425392
26,0,261,294.9333801269531,124.16593933105469,19.982149124145508,19.982149124145508,313.5987138246179,0.8,0.6442647
26,0,262,294.9305419921875,125.17507934570312,20.17548370361328,20.17548370361328,319.6964344674298,0.8,0.6292157
26,0,263,294.9403076171875,125.17413330078125,20.222043991088867,20.222043991088867,321.1737059758006,0.8,0.631494
26,0,264,293.9810485839844,126.12185668945312,20.220855712890625,20.220855712890625,321.1359617695429,0.8,0.6359664
26,0,265,293.978515625,126.1147232055664,20.17548370361328,20.17548370361328,319.6964344674298,0.8,0.6285248
26,0,266,292.9085693359375,127.17009735107422,20.106199264526367,20.106199264526367,317.5044715948778,0.8,0.64168626
26,0,267,292.933837890625,127.17244720458984,20.197181701660156,20.197181701660156,320.3844479828229,0.8,0.632493
26,0,268,292.9667663574219,128.13314819335938,20.215045928955078,20.215045928955078,320.9514530078181,0.8,0.6342764
26,0,269,291.9184875488281,128.1096954345703,20.22441291809082,20.22441291809082,321.24895866827444,0.8,0.61903876
26,0,270,291.9453430175781,129.14724731445312,20.20657730102539,20.20657730102539,320.68259889559374,0.8,0.63622785
26,0,271,290.9265441894531,129.11761474609375,20.18195152282715,20.18195152282715,319.9014427049286,0.8,0.63352937
26,0,272,290.9373779296875,130.12008666992188,20.09369468688965,20.09369468688965,317.109665529529,0.8,0.649451
26,0,273,289.93414306640625,130.07521057128906,20.18660545349121,20.18660545349121,320.04899739403083,0.8,0.6170202
26,0,274,289.9099426269531,131.10159301757812,20.34518814086914,20.34518814086914,325.09725463597675,0.8,0.621742
26,0,275,289.9114685058594,131.0386962890625,20.252058029174805,20.252058029174805,322.127800784239,0.8,0.6221778
26,0,276,288.9393310546875,132.04336547851562,20.309036254882812,20.309036254882812,323.9429338396308,0.8,0.6183007
26,0,277,288.949951171875,132.03514099121094,20.16749382019043,20.16749382019043,319.44327261059084,0.8,0.621911
26,0,278,287.9419250488281,133.02877807617188,20.16023826599121,20.16023826599121,319.2134650719444,0.8,0.616122
26,0,279,287.94573974609375,133.0054931640625,19.78731346130371,19.78731346130371,307.51304861280596,0.8,0.67919177
26,0,280,287.9333801269531,133.97750854492188,19.567155838012695,19.567155838012695,300.708212505851,0.8,0.6836239
26,0,281,286.93218994140625,133.99203491210938,19.336275100708008,19.336275100708008,293.65372471841573,0.8,0.68073434
26,0,282,286.9365539550781,134.9433135986328,18.439088821411133,18.439088821411133,267.03537285641715,0.8,0.6808756
26,0,283,314.0038146972656,132.03103637695312,14.429136276245117,14.429136276245117,163.5198769464539,0.8,0.8310414
26,0,284,312.9971618652344,131.025146484375,14.361578941345215,14.361578941345215,161.99225867697342,0.8,0.82786924
26,0,285,311.9357604980469,130.86131286621094,14.420470237731934,14.420470237731934,163.3235181370106,0.8,0.83037907
26,0,286,311.0015869140625,130.09971618652344,14.366005897521973,14.366005897521973,162.09214228463517,0.8,0.83093685
26,0,287,309.92120361328125,128.96205139160156,16.265182495117188,16.265182495117188,207.78192343569958,0.8,0.7938259
26,0,288,308.88348388671875,127.96516418457031,16.227005004882812,16.227005004882812,206.8076604416667,0.8,0.79763556
26,0,289,307.8576354980469,128.03411865234375,16.32947540283203,16.32947540283203,209.42780801483872,0.8,0.7938395
26,0,290,306.8208312988281,127.18253326416016,16.48337745666504,16.48337745666504,213.39404160228773,0.8,0.7966755
26,0,291,305.9656066894531,126.06336212158203,16.492422103881836,16.492422103881836,213.6282901181701,0.8,0.7994437
26,0,292,304.8798522949219,126.14059448242188,16.614795684814453,16.614795684814453,216.81029056126937,0.8,0.79970145
26,0,293,303.8333435058594,125.06359100341797,16.49310874938965,16.49310874938965,213.64607888908668,0.8,0.80086845
26,0,294,302.83453369140625,124.07610321044922,15.178801536560059,15.178801536560059,180.9526078882517,0.8,0.8356775
26,0,295,300.9287414550781,123.19712829589844,15.17338752746582,15.17338752746582,180.82354574256027,0.8,0.83288884
26,0,296,299.9128723144531,123.16871643066406,14.818286895751953,14.818286895751953,172.45900618841338,0.8,0.8301351
26,0,297,298.9562072753906,122.1314468383789,14.812784194946289,14.812784194946289,172.33094629627627,0.8,0.82725924
26,0,298,297.92779541015625,121.13602447509766,14.633437156677246,14.633437156677246,168.1831858772211,0.8,0.834806
26,0,299,297.1390686035156,120.20804595947266,14.54835033416748,14.54835033416748,166.23305356863995,0.8,0.83037907
26,0,300,296.1319580078125,120.15245819091797,14.61613941192627,14.61613941192627,167.78581233376656,0.8,0.8311634
26,0,301,295.1639099121094,119.08273315429688,14.533502578735352,14.533502578735352,165.89391845353185,0.8,0.82933336
26,0,303,293.0695495605469,118.31523132324219,14.978707313537598,14.978707313537598,176.2132457418235,0.8,0.82809585
26,0,304,292.0228576660156,117.20756530761719,14.557826042175293,14.557826042175293,166.44966766117778,0.8,0.82882786
26,0,305,291.1124572753906,116.05164337158203,14.372000694274902,14.372000694274902,162.22744950888418,0.8,0.8292113
26,0,309,285.993408203125,113.23372650146484,14.783255577087402,14.783255577087402,171.64456316265583,0.8,0.83097166
26,0,310,284.97039794921875,112.10887145996094,14.578766822814941,14.578766822814941,166.92887285260892,0.8,0.8324183
26,0,313,282.07110595703125,110.09780883789062,14.713791847229004,14.713791847229004,170.03530201272093,0.8,0.83199996
26,0,318,276.9341735839844,107.12800598144531,14.400186538696289,14.400186538696289,162.8643825953288,0.8,0.8320349
26,0,319,275.9453125,106.0032958984375,14.367475509643555,14.367475509643555,162.12530734987826,0.8,0.8310588
26,0,322,269.3624572753906,101.17771911621094,21.375036239624023,21.375036239624023,358.84227452287865,0.8,0.74890083
26,0,323,269.2528076171875,100.68789672851562,18.19049072265625,18.19049072265625,259.8835027542833,0.8,0.815662
26,0,324,268.908447265625,100.21198272705078,17.3527889251709,17.3527889251709,236.49853220995223,0.8,0.82719314
26,0,325,268.68170166015625,100.34449768066406,17.19411277770996,17.19411277770996,232.19316069397007,0.8,0.8251035
26,0,326,268.20098876953125,99.67938232421875,16.468095779418945,16.468095779418945,212.99855138926432,0.8,0.82531714
26,0,327,267.7918395996094,99.05988311767578,15.828664779663086,15.828664779663086,196.7788620318583,0.8,0.8441013
26,0,328,267.8428039550781,98.17329406738281,17.049840927124023,17.049840927124023,228.3129493128484,0.8,0.8235973
26,0,329,267.68768310546875,98.05760192871094,17.711545944213867,17.711545944213867,246.3785082949563,0.8,0.82240164
26,0,333,260.8880310058594,96.0670394897461,14.276841163635254,14.276841163635254,160.08628891122515,0.8,0.8283573
26,0,334,259.9349670410156,95.0160140991211,14.392468452453613,14.392468452453613,162.6898481212024,0.8,0.8312157
26,0,335,258.8209533691406,93.88418579101562,16.121845245361328,16.121845245361328,204.13589507969803,0.8,0.80320156
26,0,336,256.8046569824219,93.97093200683594,17.602130889892578,17.602130889892578,243.3438492749273,0.8,0.78997225
26,0,337,255.88412475585938,92.88710021972656,17.317522048950195,17.317522048950195,235.53821522112358,0.8,0.7881674
26,0,338,254.92140197753906,92.0137710571289,18.01532745361328,18.01532745361328,254.9025629960465,0.8,0.76876056
26,0,339,253.88363647460938,90.9320068359375,18.721206665039062,18.721206665039062,275.2691592437184,0.8,0.7493021
26,0,340,252.8758087158203,90.93798065185547,19.104724884033203,19.104724884033203,286.6628784849095,0.8,0.74870455
26,0,341,251.91354370117188,89.94412994384766,19.141582489013672,19.141582489013672,287.77002858478374,0.8,0.7515073
26,0,342,250.8429412841797,88.96432495117188,18.978891372680664,18.978891372680664,282.89909720871475,0.8,0.7549618
26,0,343,249.9032440185547,88.89400482177734,19.063058853149414,19.063058853149414,285.4138597417083,0.8,0.7542882
26,0,344,248.8577423095703,87.93885803222656,18.686683654785156,18.686683654785156,274.25487015222075,0.8,0.7494759
26,0,345,247.9546661376953,86.87838745117188,20.21380615234375,20.21380615234375,320.91208669576747,0.8,0.71254903
26,0,346,246.7890167236328,85.8272476196289,19.9387264251709,19.9387264251709,312.23724797245467,0.8,0.7195882
26,0,347,245.80848693847656,85.89163208007812,20.561012268066406,20.561012268066406,332.0311776646173,0.8,0.7063892
26,0,348,244.83291625976562,84.92855834960938,21.91328239440918,21.91328239440918,377.1418719146086,0.8,0.6762275
26,0,349,242.79739379882812,83.90383911132812,22.175521850585938,22.175521850585938,386.222507287975,0.8,0.6828634
26,0,350,241.74868774414062,82.91734313964844,22.245168685913086,22.245168685913086,388.6523411175214,0.8,0.67280483
26,0,351,240.71026611328125,82.91939544677734,22.3490047454834,22.3490047454834,392.289114156859,0.8,0.67400604
26,0,352,239.7650146484375,81.8875503540039,22.378103256225586,22.378103256225586,393.31130376606205,0.8,0.6703325
26,0,353,238.7610321044922,80.93128204345703,22.350107192993164,22.350107192993164,392.32781734107056,0.8,0.66999924
26,0,354,237.80838012695312,80.8921890258789,22.404953002929688,22.404953002929688,394.25567729119,0.8,0.6647244
26,0,355,236.796630859375,79.95379638671875,22.42449378967285,22.42449378967285,394.9436881711619,0.8,0.6690982
26,0,356,235.82391357421875,78.85035705566406,22.559234619140625,22.559234619140625,399.70410022670904,0.8,0.66930574
26,0,357,234.86331176757812,77.88241577148438,22.44636344909668,22.44636344909668,395.7144075302368,0.8,0.6727455
26,0,358,233.80662536621094,77.89273071289062,22.559267044067383,22.559267044067383,399.70524923603557,0.8,0.6682679
26,0,359,232.81729125976562,76.9173812866211,22.457698822021484,22.457698822021484,396.1141785660851,0.8,0.6678305
26,0,360,231.87759399414062,75.86249542236328,22.33021354675293,22.33021354675293,391.6297126534082,0.8,0.6666889
26,0,361,230.87844848632812,75.88081359863281,22.454023361206055,22.454023361206055,395.98453188984064,0.8,0.66427225
26,0,362,229.84178161621094,74.81549835205078,22.379621505737305,22.379621505737305,393.3646742367221,0.8,0.6608918
26,0,363,227.92462158203125,73.8520736694336,22.246170043945312,22.246170043945312,388.6873319875316,0.8,0.6695032
26,0,364,226.93511962890625,72.86325073242188,22.41668701171875,22.41668701171875,394.6687476517886,0.8,0.6610327
26,0,365,225.93182373046875,72.84419250488281,22.298969268798828,22.298969268798828,390.5345482764303,0.8,0.67075104
26,0,366,224.94754028320312,71.84822082519531,22.36787986755371,22.36787986755371,392.9520189960664,0.8,0.660069
26,0,367,223.92649841308594,70.82767486572266,22.29668426513672,22.29668426513672,390.4545152362529,0.8,0.67008454
26,0,368,222.93357849121094,69.81676483154297,22.12923240661621,22.12923240661621,384.61177940235325,0.8,0.6782612
26,0,369,221.97096252441406,69.80368041992188,22.13454246520996,22.13454246520996,384.79638192991524,0.8,0.66830194
26,0,370,220.92291259765625,68.84795379638672,22.340063095092773,22.340063095092773,391.97527374672904,0.8,0.6588754
26,0,371,219.93064880371094,67.796142578125,22.299640655517578,22.299640655517578,390.55806538638944,0.8,0.67130905
26,0,372,218.92318725585938,67.80902862548828,22.097187042236328,22.097187042236328,383.4986724993228,0.8,0.67814773
26,0,373,217.90499877929688,66.86054992675781,22.202892303466797,22.202892303466797,387.17649689547136,0.8,0.6699062
26,0,374,216.9038543701172,65.84888458251953,22.249967575073242,22.249967575073242,388.8200450095074,0.8,0.6680617
26,0,375,215.89646911621094,64.82376861572266,22.03167152404785,22.03167152404785,381.2279882058677,0.8,0.67151195
26,0,376,213.91232299804688,64.8680419921875,22.324798583984375,22.324798583984375,391.43979927134495,0.8,0.6555765
26,0,377,212.9268035888672,63.86989974975586,22.310842514038086,22.310842514038086,390.9505448087128,0.8,0.6533303
26,0,378,211.86561584472656,62.862483978271484,22.258586883544922,22.258586883544922,389.1213496321086,0.8,0.67199004
26,0,379,210.84481811523438,61.91173553466797,22.145225524902344,22.145225524902344,385.1679093510979,0.8,0.67217624
26,0,380,209.8900909423828,61.85973358154297,21.98153305053711,21.98153305053711,379.4948069668694,0.8,0.67041004
26,0,381,208.90126037597656,60.92057800292969,22.399349212646484,22.399349212646484,394.05848430072757,0.8,0.6583194
26,0,382,207.90306091308594,59.92668151855469,22.278762817382812,22.278762817382812,389.82709477220936,0.8,0.6575262
26,0,383,206.91983032226562,59.95424270629883,22.316240310668945,22.316240310668945,391.1397377365576,0.8,0.65814894
26,0,384,205.84768676757812,58.96328353881836,22.19220733642578,22.19220733642578,386.80393528411054,0.8,0.6661475
26,0,385,204.91336059570312,57.9444580078125,22.457698822021484,22.457698822021484,396.1141785660851,0.8,0.66119576
26,0,386,203.88356018066406,56.95912170410156,22.55166244506836,22.55166244506836,399.4358179804195,0.8,0.66452426
26,0,387,202.86070251464844,56.938072204589844,22.542892456054688,22.542892456054688,399.1252096956748,0.8,0.66061014
26,0,388,201.90145874023438,55.975616455078125,22.515750885009766,22.515750885009766,398.16469729682086,0.8,0.66061753
26,0,389,200.90841674804688,55.06154251098633,22.48615264892578,22.48615264892578,397.11856503480163,0.8,0.66192967
26,0,390,198.91395568847656,53.98805618286133,22.52010726928711,22.52010726928711,398.31878731483147,0.8,0.6595871
26,0,391,197.89923095703125,53.9825553894043,22.395483016967773,22.395483016967773,393.92246465893214,0.8,0.6594092
26,0,392,196.88401794433594,53.047096252441406,22.53607177734375,22.53607177734375,398.8837240043693,0.8,0.65869015
26,0,393,195.8712921142578,51.951622009277344,22.691837310791016,22.691837310791016,404.41681431321854,0.8,0.6625895
26,0,394,194.91795349121094,51.934043884277344,22.698013305664062,22.698013305664062,404.6369830048483,0.8,0.6622855
26,0,395,193.8981170654297,50.973838806152344,22.74720573425293,22.74720573425293,406.3927882667651,0.8,0.66427225
26,0,396,192.92591857910156,49.93702697753906,22.70827865600586,22.70827865600586,405.00306611673074,0.8,0.6624709
26,0,397,191.99356079101562,50.03361129760742,22.756338119506836,22.756338119506836,406.7191651018303,0.8,0.66270804
26,0,398,190.93492126464844,49.98213195800781,22.730953216552734,22.730953216552734,405.81227332252183,0.8,0.66510993
26,0,399,190.0287322998047,50.998016357421875,22.715463638305664,22.715463638305664,405.25939556056954,0.8,0.65950555
26,0,400,188.9674835205078,51.98351287841797,22.74720573425293,22.74720573425293,406.3927882667651,0.8,0.66227067
26,0,401,188.02349853515625,51.99710464477539,22.660789489746094,22.660789489746094,403.31089497019883,0.8,0.66092145
26,0,402,187.03883361816406,52.989051818847656,22.627662658691406,22.627662658691406,402.1325912415304,0.8,0.65916455
26,0,403,185.0772247314453,54.07747268676758,22.627647399902344,22.627647399902344,402.13204889171647,0.8,0.6587642
26,0,404,184.06556701660156,55.06583023071289,22.56757354736328,22.56757354736328,399.9996527924254,0.8,0.6584084
26,0,405,183.0137176513672,54.981300354003906,22.715463638305664,22.715463638305664,405.25939556056954,0.8,0.65854925
26,0,406,182.0792999267578,56.04508972167969,22.715463638305664,22.715463638305664,405.25939556056954,0.8,0.66227806
26,0,407,181.05551147460938,56.9734992980957,22.65752410888672,22.65752410888672,403.1946705296244,0.8,0.6589274
26,0,408,180.0299072265625,57.00882339477539,22.715463638305664,22.715463638305664,405.25939556056954,0.8,0.66220397
26,0,409,179.0034637451172,57.99980545043945,22.774959564208984,22.774959564208984,407.38507164356497,0.8,0.66556215
26,0,410,177.99313354492188,59.001792907714844,22.76031494140625,22.76031494140625,406.8613312978373,0.8,0.6666297
26,0,411,176.99636840820312,60.016849517822266,22.715463638305664,22.715463638305664,405.25939556056954,0.8,0.66278213
26,0,412,175.97579956054688,60.0016975402832,22.660789489746094,22.660789489746094,403.31089497019883,0.8,0.6629749
26,0,413,174.9376678466797,60.989662170410156,22.74720573425293,22.74720573425293,406.3927882667651,0.8,0.6605805
26,0,414,174.00624084472656,62.03424835205078,22.66429901123047,22.66429901123047,403.43582776272257,0.8,0.65937954
26,0,415,172.94076538085938,63.01850509643555,22.715463638305664,22.715463638305664,405.25939556056954,0.8,0.66112906
26,0,416,171.96372985839844,63.06082534790039,22.74720573425293,22.74720573425293,406.3927882667651,0.8,0.6624337
26,0,417,169.87513732910156,63.9058723449707,22.74945640563965,22.74945640563965,406.4732114959154,0.8,0.66563624
26,0,418,168.94993591308594,64.96627807617188,22.709247589111328,22.709247589111328,405.0376287761528,0.8,0.66962457
26,0,419,167.89930725097656,65.01533508300781,22.70981788635254,22.70981788635254,405.0579724482027,0.8,0.6656066
26,0,420,166.92884826660156,65.91484832763672,22.72490882873535,22.72490882873535,405.5964829318516,0.8,0.6683791
26,0,421,165.92784118652344,66.9429702758789,22.715463638305664,22.715463638305664,405.25939556056954,0.8,0.67142594
26,0,422,164.9066925048828,67.94434356689453,22.66429901123047,22.66429901123047,403.43582776272257,0.8,0.66420555
26,0,423,164.0028076171875,67.94749450683594,22.62755012512207,22.62755012512207,402.12859142025036,0.8,0.6633085
26,0,424,162.9824676513672,68.95071411132812,22.521953582763672,22.521953582763672,398.3841024115131,0.8,0.6676156
26,0,425,161.92857360839844,69.91282653808594,22.470422744750977,22.470422744750977,396.56316080949773,0.8,0.6618482
26,0,426,160.94662475585938,70.84979248046875,22.33329963684082,22.33329963684082,391.7379685003902,0.8,0.6569184
26,0,427,159.9827423095703,70.89740753173828,22.36160659790039,22.36160659790039,392.7316361692742,0.8,0.6627228
26,0,428,159.01980590820312,71.91741180419922,22.11336898803711,22.11336898803711,384.0605564154033,0.8,0.6644346
26,0,429,157.9539337158203,72.79785919189453,21.797597885131836,21.797597885131836,373.1703712208635,0.8,0.690629
26,0,430,155.90451049804688,72.77796173095703,22.21335220336914,22.21335220336914,387.5413846131837,0.8,0.6663877
26,0,431,154.8826446533203,73.79780578613281,21.81073760986328,21.81073760986328,373.62040556575175,0.8,0.67108256
26,0,432,153.883544921875,74.85234069824219,21.63481330871582,21.63481330871582,367.61750672796296,0.8,0.7067805
26,0,433,152.8927001953125,75.81084442138672,21.8409366607666,21.8409366607666,374.65574815997513,0.8,0.67433155
26,0,434,151.84425354003906,75.79515838623047,21.354867935180664,21.354867935180664,358.1654264625144,0.8,0.70117825
26,0,435,150.8194122314453,76.83707427978516,21.563661575317383,21.563661575317383,365.2034705154707,0.8,0.7029034
26,0,436,149.90716552734375,77.81925201416016,21.891035079956055,21.891035079956055,376.3764790792334,0.8,0.67745906
26,0,437,148.82615661621094,78.90522766113281,20.289209365844727,20.289209365844727,323.310737868031,0.8,0.70923436
26,0,438,147.86265563964844,78.87882232666016,18.743595123291016,18.743595123291016,275.927934848218,0.8,0.74394655
26,0,439,146.8976287841797,79.8731460571289,17.36461639404297,17.36461639404297,236.82103164254522,0.8,0.7843273
26,0,440,145.96395874023438,80.9482421875,15.909602165222168,15.909602165222168,198.79640253263622,0.8,0.80465686
26,0,441,144.9224853515625,80.96888732910156,15.808670043945312,15.808670043945312,196.28203474493614,0.8,0.81254905
26,0,442,143.86302185058594,81.89949035644531,15.420022010803223,15.420022010803223,186.74968099825563,0.8,0.81340307
26,0,443,142.856689453125,82.8572006225586,13.766646385192871,13.766646385192871,148.84909401267828,0.8,0.8229292
26,0,444,140.86367797851562,84.09868621826172,13.904144287109375,13.904144287109375,151.83727928978865,0.8,0.83009213
26,0,445,139.93820190429688,83.76860809326172,13.42517375946045,13.42517375946045,141.55646611588304,0.8,0.8481494
26,0,446,138.89260864257812,84.85379791259766,13.884407997131348,13.884407997131348,151.40653322301816,0.8,0.82026815
26,0,447,137.83746337890625,85.79161071777344,13.532252311706543,13.532252311706543,143.82356673172362,0.8,0.845829
26,0,448,136.87088012695312,85.93118286132812,14.470170974731445,14.470170974731445,164.45126049043128,0.8,0.80946404
26,0,449,135.84898376464844,86.84968566894531,14.883173942565918,14.883173942565918,173.97265700756063,0.8,0.81399566
26,0,450,134.80355834960938,87.88795471191406,16.31768798828125,16.31768798828125,209.12556665704443,0.8,0.77609575
26,0,451,133.7587432861328,88.91714477539062,16.59465217590332,16.59465217590332,216.28489468295072,0.8,0.7713549
26,0,452,132.6487579345703,88.82038116455078,17.85238265991211,17.85238265991211,250.31233749672973,0.8,0.75015736
26,0,453,131.68528747558594,89.87284088134766,18.508319854736328,18.508319854736328,269.04434853732096,0.8,0.7486527
26,0,454,130.70904541015625,90.9588394165039,20.207183837890625,20.207183837890625,320.7018509178034,0.8,0.7092157
26,0,455,129.75814819335938,91.93257141113281,21.291091918945312,21.291091918945312,356.02930884091273,0.8,0.6996843
26,0,456,128.77854919433594,91.95056915283203,21.114988327026367,21.114988327026367,350.16406291653175,0.8,0.6985639
26,0,457,126.801025390625,92.91317749023438,21.22018051147461,21.22018051147461,353.6616992470412,0.8,0.695825
26,0,458,125.86743927001953,94.02263641357422,21.13605308532715,21.13605308532715,350.86307354574734,0.8,0.6945801
26,0,459,124.84169006347656,94.01660919189453,21.62436294555664,21.62436294555664,367.26244855867077,0.8,0.6972745
26,0,460,123.84390258789062,94.99883270263672,21.366384506225586,21.366384506225586,358.55184419584975,0.8,0.69692767
26,0,461,122.9111099243164,96.04896545410156,21.486427307128906,21.486427307128906,362.59206708865037,0.8,0.6991952
26,0,462,121.92109680175781,97.03787994384766,21.873600006103516,21.873600006103516,375.7771891435649,0.8,0.6875817
26,0,463,120.83950805664062,96.98054504394531,21.902034759521484,21.902034759521484,376.7548130207235,0.8,0.6894067
26,0,464,119.87129211425781,98.03302001953125,21.65741729736328,21.65741729736328,368.38607937651875,0.8,0.7039616
26,0,465,118.92225646972656,99.05228424072266,21.433059692382812,21.433059692382812,360.79310423302655,0.8,0.6987507
26,0,466,117.82998657226562,100.0708236694336,21.86976432800293,21.86976432800293,375.6454107478058,0.8,0.67568463
26,0,467,116.83613586425781,99.99235534667969,21.744873046875,21.744873046875,371.3672778856886,0.8,0.68525594
26,0,468,115.78910827636719,101.10514831542969,21.7477970123291,21.7477970123291,371.46715780638823,0.8,0.68405056
26,0,469,114.82780456542969,102.07247161865234,21.7042236328125,21.7042236328125,369.98012310489554,0.8,0.68466175
26,0,470,113.85236358642578,102.14010620117188,21.699060440063477,21.699060440063477,369.80411575220563,0.8,0.70277
26,0,471,111.753662109375,103.12018585205078,21.688983917236328,21.688983917236328,369.4607391886992,0.8,0.6882438
26,0,472,110.77172088623047,104.1390151977539,21.735380172729492,21.735380172729492,371.043102773994,0.8,0.678164
26,0,473,109.71357727050781,105.16434478759766,21.836198806762695,21.836198806762695,374.49322109112177,0.8,0.6803598
26,0,474,108.71918487548828,105.13678741455078,22.177845001220703,22.177845001220703,386.3034343631525,0.8,0.6796711
26,0,475,107.71401977539062,106.13347625732422,22.072952270507812,22.072952270507812,382.65794048790565,0.8,0.68270946
26,0,476,106.7168960571289,107.18965148925781,22.121301651000977,22.121301651000977,384.33615163623045,0.8,0.684808
26,0,477,105.73278045654297,108.14942169189453,22.239988327026367,22.239988327026367,388.47134683454306,0.8,0.68518066
26,0,478,104.71709442138672,108.1367416381836,22.22283363342285,22.22283363342285,387.8722874582983,0.8,0.6829445
26,0,479,103.69412994384766,109.15929412841797,22.318859100341797,22.318859100341797,391.23154287869886,0.8,0.6748973
26,0,480,102.78653717041016,110.20111083984375,22.374677658081055,22.374677658081055,393.190898266644,0.8,0.68658245
26,0,481,101.78657531738281,110.15601348876953,22.453311920166016,22.453311920166016,395.959439265715,0.8,0.6655103
26,0,482,100.7972183227539,111.14213562011719,22.36155891418457,22.36155891418457,392.72996125529306,0.8,0.67102224
26,0,483,99.87579345703125,112.13400268554688,22.48816680908203,22.48816680908203,397.1897107062358,0.8,0.66833466
26,0,484,97.88349151611328,113.11537170410156,22.5758113861084,22.5758113861084,400.29172974450285,0.8,0.6681123
26,0,485,96.8656005859375,113.03227996826172,22.562620162963867,22.562620162963867,399.824079234102,0.8,0.66861635
26,0,486,95.98191833496094,114.08810424804688,22.564559936523438,22.564559936523438,399.8928302488949,0.8,0.6655547
26,0,487,94.96932983398438,115.05196380615234,22.528539657592773,22.528539657592773,398.61713469581167,0.8,0.668861
26,0,488,93.9666748046875,115.03203582763672,22.45249366760254,22.45249366760254,395.9305803674118,0.8,0.6691575
26,0,489,93.01918029785156,116.02945709228516,22.479049682617188,22.479049682617188,396.86771960784273,0.8,0.6611809
26,0,490,92.00801849365234,117.00473022460938,22.715463638305664,22.715463638305664,405.25939556056954,0.8,0.6618333
26,0,491,90.99178314208984,117.97445678710938,22.571060180664062,22.571060180664062,400.1232602189766,0.8,0.66183335
26,0,492,90.03313446044922,118.02631378173828,22.660789489746094,22.660789489746094,403.31089497019883,0.8,0.6646132
26,0,493,89.03926849365234,119.03113555908203,22.571060180664062,22.571060180664062,400.1232602189766,0.8,0.66199636
26,0,494,88.03536987304688,120.0168685913086,22.62743377685547,22.62743377685547,402.1244560327234,0.8,0.66434634
26,0,495,87.06460571289062,120.98155975341797,22.420928955078125,22.420928955078125,394.81812930435115,0.8,0.6654064
26,0,496,86.06149291992188,120.9659194946289,22.360679626464844,22.360679626464844,392.69907648163826,0.8,0.6637311
26,0,497,85.10189819335938,122.0294189453125,22.52222442626953,22.52222442626953,398.393684208702,0.8,0.6647541
26,0,498,83.04940032958984,122.98538208007812,22.498781204223633,22.498781204223633,397.564745588244,0.8,0.6637607
26,0,499,82.02339935302734,122.97441101074219,22.44367790222168,22.44367790222168,395.6197243963614,0.8,0.66227067
26,0,500,81.0865249633789,124.03858947753906,22.305694580078125,22.305694580078125,390.7701522129657,0.8,0.65828985
81,1,143,253.21414184570312,138.7523193359375,20.05984115600586,20.05984115600586,316.04204320239376,0.8,0.8383039
81,1,144,254.0233917236328,137.79037475585938,20.623769760131836,20.623769760131836,334.061159879699,0.8,0.8286515
81,1,145,254.09555053710938,137.93905639648438,22.371057510375977,22.371057510375977,393.06367462585155,0.8,0.79826534
81,1,146,254.23358154296875,137.03060913085938,22.621976852416992,22.621976852416992,401.930523464645,0.8,0.80178654
81,1,147,254.04869079589844,135.99496459960938,22.62751579284668,22.62751579284668,402.1273711397522,0.8,0.80195713
81,1,148,254.07420349121094,135.9873046875,22.78543472290039,22.78543472290039,407.7599047707435,0.8,0.8033656
81,1,149,254.17044067382812,135.01889038085938,22.966272354125977,22.966272354125977,414.2579988383899,0.8,0.7998962
81,1,150,254.16294860839844,134.99220275878906,22.374727249145508,22.374727249145508,393.19264119917557,0.8,0.7967901
81,1,151,254.21759033203125,133.9908905029297,22.49805450439453,22.49805450439453,397.53906370225894,0.8,0.7986137
81,1,152,254.14019775390625,133.89720153808594,22.60891342163086,22.60891342163086,401.46645477707284,0.8,0.79993325
81,1,153,255.182861328125,132.94808959960938,22.505985260009766,22.505985260009766,397.8193849054023,0.8,0.79472923
81,1,154,255.22035217285156,133.0948028564453,22.36769676208496,22.36769676208496,392.9455855415272,0.8,0.80475855
81,1,155,255.2093505859375,132.0232696533203,22.534767150878906,22.534767150878906,398.83754211385104,0.8,0.79557437
81,1,156,255.2456512451172,131.97650146484375,22.282512664794922,22.282512664794922,389.95833322159467,0.8,0.8032473
81,1,157,255.25079345703125,130.9619598388672,22.201597213745117,22.201597213745117,387.13133037656456,0.8,0.80223984
81,1,158,255.23890686035156,130.93055725097656,21.9913330078125,21.9913330078125,379.8332603320906,0.8,0.8061983
81,1,159,255.37603759765625,130.09756469726562,21.923301696777344,21.923301696777344,377.4868282055227,0.8,0.81014425
81,1,160,255.4197998046875,129.97203063964844,23.799427032470703,23.799427032470703,444.85951556877905,0.8,0.78708446
81,1,161,255.354736328125,129.0111083984375,23.67282485961914,23.67282485961914,440.13920173266945,0.8,0.788761
81,1,162,256.3610534667969,128.94540405273438,23.735204696655273,23.735204696655273,442.4618637723092,0.8,0.789102
81,1,163,256.3282470703125,128.04249572753906,21.81908416748047,21.81908416748047,373.9064152351797,0.8,0.8155589
81,1,164,256.29071044921875,127.99468231201172,21.854848861694336,21.854848861694336,375.1331952754039,0.8,0.81607676
81,1,165,256.2632141113281,126.99290466308594,22.021230697631836,22.021230697631836,380.8667453375322,0.8,0.8032705
81,1,166,256.3356628417969,126.03362274169922,21.673999786376953,21.673999786376953,368.9504215309147,0.8,0.8145574
81,1,167,256.389404296875,126.0562515258789,21.77438735961914,21.77438735961914,372.3760755368,0.8,0.81300396
81,1,168,256.3146057128906,125.09634399414062,21.417648315429688,21.417648315429688,360.27443638568593,0.8,0.8100756
81,1,169,256.4465026855469,125.10504913330078,21.35335350036621,21.35335350036621,358.11462783811356,0.8,0.8088532
81,1,170,256.45379638671875,124.07472229003906,21.12994956970215,21.12994956970215,350.66046343308005,0.8,0.81017745
81,1,171,257.34234619140625,124.10692596435547,21.362890243530273,21.362890243530273,358.43457850820033,0.8,0.8126135
81,1,172,257.4778137207031,123.1287612915039,23.634557723999023,23.634557723999023,438.7173812805434,0.8,0.78071904
81,1,173,257.4186706542969,123.11310577392578,23.797399520874023,23.797399520874023,444.78372219729516,0.8,0.77730125
81,1,174,257.4051818847656,122.04769134521484,21.947477340698242,21.947477340698242,378.3198249003929,0.8,0.8114649
81,1,175,257.2593994140625,122.01978302001953,22.098834991455078,22.098834991455078,383.555875246664,0.8,0.80134857
81,1,176,257.2841491699219,121.0648422241211,23.920743942260742,23.920743942260742,449.4063926283593,0.8,0.782741
81,1,177,257.1712951660156,121.05902099609375,22.40863037109375,22.40863037109375,394.3851078021246,0.8,0.7973461
81,1,178,257.1704406738281,120.09191131591797,22.432754516601562,22.432754516601562,395.2347201930338,0.8,0.7921124
81,1,179,257.07574462890625,119.96073150634766,22.53884506225586,22.53884506225586,398.9819031626453,0.8,0.80040777
81,1,180,257.141845703125,118.9266128540039,22.484037399291992,22.484037399291992,397.0438554654796,0.8,0.79914004
81,1,181,258.02984619140625,118.95870208740234,22.44725799560547,22.44725799560547,395.7459486746321,0.8,0.7950999
81,1,182,257.9431457519531,117.84945678710938,22.531641006469727,22.531641006469727,398.72689200053543,0.8,0.79882133
81,1,183,257.99591064453125,117.8351821899414,22.434160232543945,22.434160232543945,395.2842553630725,0.8,0.79621184
81,1,184,257.9320983886719,116.90567016601562,22.508655548095703,22.508655548095703,397.91379138181094,0.8,0.7968643
81,1,185,257.9415588378906,116.0492935180664,22.590421676635742,22.590421676635742,400.81000754211055,0.8,0.7952185
81,1,186,257.9497375488281,116.12809753417969,22.93817710876465,22.93817710876465,413.24507336323524,0.8,0.79815406
81,1,187,257.8448486328125,115.0748062133789,22.62175941467285,22.62175941467285,401.92279695631345,0.8,0.7948034
81,1,188,257.919677734375,115.0730209350586,22.596084594726562,22.596084594726562,401.0109811019432,0.8,0.79682726
81,1,189,257.86358642578125,113.98623657226562,22.623016357421875,22.623016357421875,401.9674626227806,0.8,0.8014307
81,1,190,258.9065246582031,114.06484985351562,22.519868850708008,22.519868850708008,398.3103534210259,0.8,0.79922163
81,1,191,258.8709411621094,113.06433868408203,22.661579132080078,22.661579132080078,403.3390031616921,0.8,0.7966789
81,1,192,258.89337158203125,113.01891326904297,22.94493865966797,22.94493865966797,413.4887360928088,0.8,0.79979247
81,1,193,258.90814208984375,112.09669494628906,22.575382232666016,22.575382232666016,400.2765112490914,0.8,0.80073386
81,1,194,258.8759460449219,112.15109252929688,22.95223617553711,22.95223617553711,413.7517937107516,0.8,0.80014086
81,1,195,258.80499267578125,111.08585357666016,23.168750762939453,23.168750762939453,421.59467488646175,0.8,0.8014827
81,1,196,258.823974609375,111.0616226196289,23.53948974609375,23.53948974609375,435.1950736981772,0.8,0.8037881
81,1,197,258.8073425292969,110.00696563720703,22.84894371032715,22.84894371032715,410.0361403606039,0.8,0.80467033
81,1,198,258.87115478515625,110.15702056884766,23.012235641479492,23.012235641479492,415.91779913584884,0.8,0.80457395
81,1,199,259.89239501953125,109.04792022705078,22.578201293945312,22.578201293945312,400.37648514596555,0.8,0.7989547
81,1,200,259.933837890625,109.13055419921875,22.575180053710938,22.575180053710938,400.2693417470586,0.8,0.79831725
81,1,201,259.9117736816406,108.10209655761719,22.551389694213867,22.551389694213867,399.426156093886,0.8,0.79292786
81,1,202,259.9037780761719,108.16651153564453,22.478883743286133,22.478883743286133,396.8618603102509,0.8,0.79142296
81,1,203,259.9693908691406,107.17420196533203,22.389972686767578,22.389972686767578,393.7286420195755,0.8,0.7944846
81,1,204,259.90911865234375,106.14305114746094,22.2999267578125,22.2999267578125,390.5680870972625,0.8,0.7949294
81,1,205,259.8584899902344,106.12542724609375,22.25862693786621,22.25862693786621,389.1227500809029,0.8,0.8008447
81,1,206,259.903564453125,105.16719055175781,23.987592697143555,23.987592697143555,451.92171872398177,0.8,0.77585787
81,1,207,259.8237609863281,105.09465789794922,23.882143020629883,23.882143020629883,447.9571480608202,0.8,0.77741015
81,1,208,260.7736511230469,104.16332244873047,23.82749366760254,23.82749366760254,445.90937881821174,0.8,0.77414894
81,1,209,260.6214599609375,104.09845733642578,23.86425018310547,23.86425018310547,447.28616791454385,0.8,0.7749796
81,1,210,260.7185974121094,103.09400177001953,23.75079345703125,23.75079345703125,443.0432530713557,0.8,0.77968884
81,1,211,260.6783447265625,103.15896606445312,23.800100326538086,23.800100326538086,444.8846863856246,0.8,0.7797045
81,1,212,260.6732177734375,102.05097961425781,23.841365814208984,23.841365814208984,446.42873859621113,0.8,0.785557
81,1,213,260.70428466796875,102.13674926757812,23.827228546142578,23.827228546142578,445.8994558704211,0.8,0.7770561
81,1,214,260.6356201171875,101.01692199707031,23.66506004333496,23.66506004333496,439.8505129458084,0.8,0.78332627
81,1,215,260.5989685058594,101.09408569335938,23.590452194213867,23.590452194213867,437.08148794832266,0.8,0.78427106
81,1,216,260.65875244140625,100.12527465820312,23.483169555664062,23.483169555664062,433.1150840078349,0.8,0.7794047
81,1,217,260.70562744140625,100.178466796875,23.673152923583984,23.673152923583984,440.15140093686097,0.8,0.7769063
81,1,218,261.6385192871094,99.06761932373047,23.625764846801758,23.625764846801758,438.39100576512175,0.8,0.78286445
81,1,219,261.64373779296875,99.09382629394531,23.81964111328125,23.81964111328125,445.61552074910935,0.8,0.77507484
81,1,220,261.5901184082031,98.14804077148438,23.66984748840332,23.66984748840332,440.02849459157267,0.8,0.77968174
81,1,221,261.62615966796875,97.02613067626953,23.564132690429688,23.564132690429688,436.1067418524724,0.8,0.7805839
81,1,222,261.79736328125,96.99295806884766,22.13397789001465,22.13397789001465,384.77675254546114,0.8,0.7938852
81,1,223,261.6330261230469,95.98919677734375,23.869949340820312,23.869949340820312,447.4998313470092,0.8,0.7820475
81,1,224,261.6160888671875,96.0366439819336,23.712491989135742,23.712491989135742,441.61546714430943,0.8,0.7787866
81,1,225,261.6084899902344,94.9495620727539,23.59957504272461,23.59957504272461,437.41960772435425,0.8,0.7791134
81,1,226,261.57525634765625,94.87870788574219,23.561626434326172,23.561626434326172,436.0139790868737,0.8,0.7792767
81,1,227,262.5917053222656,93.93449401855469,23.606691360473633,23.606691360473633,437.6834502925962,0.8,0.7788861
81,1,228,262.5462951660156,94.09013366699219,23.70768928527832,23.70768928527832,441.4365965708435,0.8,0.781266
81,1,229,262.58172607421875,92.91744232177734,22.12033462524414,22.12033462524414,384.3025501022688,0.8,0.80184734
81,1,230,262.6916198730469,92.95602416992188,22.249948501586914,22.249948501586914,388.8193783882542,0.8,0.79707825
81,1,231,262.81280517578125,92.02826690673828,22.245872497558594,22.245872497558594,388.67693453596746,0.8,0.7965745
81,1,232,262.79803466796875,91.98625183105469,22.39841079711914,22.39841079711914,394.025467015208,0.8,0.7985275
81,1,233,262.76885986328125,91.00739288330078,22.502737045288086,22.502737045288086,397.7045612691112,0.8,0.7945217
81,1,234,262.7184143066406,90.90209197998047,22.189342498779297,22.189342498779297,386.70407510045305,0.8,0.80478853
81,1,235,262.7530212402344,89.88238525390625,22.363767623901367,22.363767623901367,392.8075470196687,0.8,0.79900026
81,1,236,263.796142578125,90.01570129394531,22.285993576049805,22.285993576049805,390.0801791190368,0.8,0.8025498
81,1,237,263.69696044921875,88.94381713867188,22.690736770629883,22.690736770629883,404.3775873306773,0.8,0.7970125
81,1,238,263.7914123535156,88.89186096191406,22.32695770263672,22.32695770263672,391.5155182829457,0.8,0.79975975
81,1,239,263.8139953613281,87.97718811035156,22.433917999267578,22.433917999267578,395.2757192304654,0.8,0.79496646
81,1,240,263.9742126464844,86.89750671386719,22.49435043334961,22.49435043334961,397.4081731207809,0.8,0.79477376
81,1,241,263.92962646484375,86.91751098632812,22.504959106445312,22.504959106445312,397.7831088242893,0.8,0.793039
81,1,242,263.8866271972656,85.87257385253906,22.70003890991211,22.70003890991211,404.7092070319775,0.8,0.79466987
81,1,243,263.78704833984375,85.8393783569336,23.586685180664062,23.586685180664062,436.941909409102,0.8,0.789436
81,1,244,263.8318786621094,85.00589752197266,23.262592315673828,23.262592315673828,425.0168033838498,0.8,0.7975166
81,1,245,264.6654052734375,84.97991180419922,23.502727508544922,23.502727508544922,433.83682404854176,0.8,0.7922848
81,1,246,264.63177490234375,83.99063110351562,23.579200744628906,23.579200744628906,436.6646559592629,0.8,0.7910841
81,1,247,264.64501953125,83.95109558105469,23.130428314208984,23.130428314208984,420.2011445615645,0.8,0.80214244
81,1,248,264.70574951171875,83.01246643066406,22.863807678222656,22.863807678222656,410.56979710403783,0.8,0.80107486
81,1,249,264.74188232421875,82.92269134521484,22.582298278808594,22.582298278808594,400.52180099319384,0.8,0.8005486
81,1,250,264.66510009765625,81.96797943115234,22.556135177612305,22.556135177612305,399.59427607673524,0.8,0.8002093
81,1,251,264.6427917480469,81.91301727294922,22.29485511779785,22.29485511779785,390.3904546312116,0.8,0.7958382
81,1,252,264.690185546875,80.92634582519531,22.347122192382812,22.347122192382812,392.22302853086745,0.8,0.7959622
81,1,253,264.499267578125,81.04761505126953,22.3831787109375,22.3831787109375,393.4897335520446,0.8,0.7940944
81,1,254,264.6916809082031,79.95622253417969,22.386104583740234,22.386104583740234,393.5926122514468,0.8,0.79622567
81,1,255,265.6974792480469,79.88719177246094,22.462505340576172,22.462505340576172,396.28375372237105,0.8,0.7964349
81,1,256,265.7373046875,78.83319854736328,22.35655403137207,22.35655403137207,392.5541821445875,0.8,0.79225755
81,1,257,265.6946716308594,78.9210205078125,22.274213790893555,22.274213790893555,389.6679160288186,0.8,0.7971945
81,1,258,265.6310119628906,77.8519058227539,22.394533157348633,22.394533157348633,393.8890505006297,0.8,0.7961637
81,1,259,265.8185729980469,76.70639038085938,22.240495681762695,22.240495681762695,388.4890712166747,0.8,0.80092365
81,1,260,265.73382568359375,76.83023071289062,22.365217208862305,22.365217208862305,392.858471030001,0.8,0.7986127
81,1,261,265.6473693847656,75.92015838623047,22.1838436126709,22.1838436126709,386.5124355164466,0.8,0.7941487
81,1,262,265.6351318359375,75.82928466796875,22.400659561157227,22.400659561157227,394.10459001981303,0.8,0.7932264
81,1,263,265.7238464355469,74.7295913696289,22.22471046447754,22.22471046447754,387.9378057901884,0.8,0.80038893
81,1,264,266.69183349609375,74.83344268798828,22.32727813720703,22.32727813720703,391.52675635745663,0.8,0.7994004
81,1,265,266.69268798828125,73.73675537109375,22.50037956237793,22.50037956237793,397.6212351748621,0.8,0.80172586
81,1,266,266.7389221191406,73.75176239013672,21.89940071105957,21.89940071105957,376.6641976261514,0.8,0.8014665
81,1,267,266.8299255371094,72.74821472167969,22.241544723510742,22.241544723510742,388.52572065755675,0.8,0.80008906
81,1,268,266.7677917480469,72.6559066772461,22.61102294921875,22.61102294921875,401.5413760310438,0.8,0.79951173
81,1,269,266.7538146972656,71.716064453125,22.575531005859375,22.575531005859375,400.281786961406,0.8,0.7944253
81,1,270,266.7408142089844,71.80335998535156,22.413461685180664,22.413461685180664,394.55518546398474,0.8,0.7998682
81,1,271,266.7947998046875,70.67801666259766,22.712772369384766,22.712772369384766,405.16337309550846,0.8,0.79457355
81,1,272,266.9208068847656,70.62812805175781,22.819324493408203,22.819324493408203,408.9737649829051,0.8,0.7941658
81,1,273,267.9608459472656,69.7578353881836,22.51593017578125,22.51593017578125,398.1710384168968,0.8,0.7901775
81,1,274,267.9111022949219,69.75479888916016,22.341222763061523,22.341222763061523,392.01596951071673,0.8,0.7919709
81,1,275,267.9468994140625,68.77230834960938,22.54460906982422,22.54460906982422,399.1859978060293,0.8,0.7896586
81,1,276,267.9842224121094,68.80259704589844,22.75890350341797,22.75890350341797,406.8108713868366,0.8,0.7922162
81,1,277,267.89990234375,67.850341796875,23.113075256347656,23.113075256347656,419.5708890872599,0.8,0.79246825
81,1,278,267.93194580078125,67.02604675292969,23.505292892456055,23.505292892456055,433.93153805560314,0.8,0.79346156
81,1,279,267.8306579589844,67.00531768798828,23.004886627197266,23.004886627197266,415.6521928010646,0.8,0.79469216
81,1,280,267.98779296875,66.09742736816406,23.917213439941406,23.917213439941406,449.27374514643924,0.8,0.79389036
81,1,281,267.9808044433594,66.07838439941406,23.98850440979004,23.98850440979004,451.95607236516594,0.8,0.7898284
81,1,282,269.0833740234375,65.04133605957031,24.051040649414062,24.051040649414062,454.3155753461045,0.8,0.7902778
81,1,283,269.0650939941406,65.09191131591797,23.324356079101562,23.324356079101562,427.2766964820283,0.8,0.79885834
81,1,284,268.9656677246094,63.99818801879883,23.484601974487305,23.484601974487305,433.1679236485009,0.8,0.79592276
81,1,285,269.0848388671875,64.21904754638672,23.331167221069336,23.331167221069336,427.52627826268554,0.8,0.7940917
81,1,286,269.0652770996094,62.97567367553711,22.62755012512207,22.62755012512207,402.12859142025036,0.8,0.7926981
81,1,287,269.0633544921875,63.16484832763672,22.89768409729004,22.89768409729004,411.7873491970011,0.8,0.79173434
81,1,288,268.90374755859375,61.990081787109375,22.481491088867188,22.481491088867188,396.9539303650382,0.8,0.7868935
81,1,289,268.8843994140625,62.032135009765625,22.618112564086914,22.618112564086914,401.79321956899804,0.8,0.791549
81,1,290,268.9868469238281,60.97950744628906,22.360891342163086,22.360891342163086,392.7065128345722,0.8,0.78584087
81,1,291,268.8520202636719,61.006996154785156,22.42933464050293,22.42933464050293,395.11422221833806,0.8,0.7884132
81,1,292,269.8602294921875,59.98944091796875,22.360252380371094,22.360252380371094,392.68407000183817,0.8,0.7898662
81,1,293,269.8896789550781,60.019866943359375,22.179824829101562,22.179824829101562,386.3724084629778,0.8,0.7918857
81,1,294,269.81207275390625,58.99156188964844,22.023216247558594,22.023216247558594,380.935430329895,0.8,0.79071534
81,1,295,269.8031921386719,59.06315231323242,23.70537757873535,23.70537757873535,441.3505129290457,0.8,0.77380645
81,1,296,269.75030517578125,58.01347732543945,21.966415405273438,21.966415405273438,378.9729966778564,0.8,0.8043715
81,1,297,269.93853759765625,56.8297004699707,21.861831665039062,21.861831665039062,375.3729498324036,0.8,0.8027417
81,1,298,269.7711486816406,56.81035614013672,21.701387405395508,21.701387405395508,369.8834341632216,0.8,0.7922217
81,1,299,269.720947265625,56.01095199584961,21.743085861206055,21.743085861206055,371.30623591031673,0.8,0.7995586
81,1,300,269.6872863769531,55.904991149902344,23.760473251342773,23.760473251342773,443.4044571284545,0.8,0.771931
81,1,301,270.7342529296875,54.95833206176758,23.354949951171875,23.354949951171875,428.39832416232326,0.8,0.7808444
81,1,302,270.8307800292969,54.81813049316406,23.435504913330078,23.435504913330078,431.3586495280887,0.8,0.77723414
81,1,303,270.7010498046875,53.929683685302734,23.093704223632812,23.093704223632812,418.86790036792945,0.8,0.7770266
81,1,304,270.7496643066406,53.923240661621094,23.00875473022461,23.00875473022461,415.79198229014366,0.8,0.77830905
81,1,305,270.6939697265625,52.8358039855957,23.335323333740234,23.335323333740234,427.6786071732218,0.8,0.78143746
81,1,306,270.814697265625,52.920372009277344,23.254791259765625,23.254791259765625,424.73179439911013,0.8,0.78203046
81,1,307,270.7218322753906,51.917728424072266,23.402267456054688,23.402267456054688,430.1359664403389,0.8,0.7811261
81,1,308,270.7676086425781,51.959224700927734,23.329389572143555,23.329389572143555,427.4611325569911,0.8,0.7815857
81,1,309,270.7962341308594,50.94315719604492,23.338741302490234,23.338741302490234,427.8039021304997,0.8,0.78498834
81,1,310,271.68267822265625,50.91074752807617,23.58036994934082,23.58036994934082,436.7079621796008,0.8,0.77750075
81,1,311,271.8385925292969,49.92018127441406,23.98672866821289,23.98672866821289,451.8891630263834,0.8,0.76601994
81,1,312,271.8281555175781,50.007659912109375,23.774757385253906,23.774757385253906,443.9377421671712,0.8,0.7767548
81,1,313,271.80377197265625,50.05043029785156,23.872331619262695,23.872331619262695,447.5891589265614,0.8,0.77519894
81,1,314,271.7431945800781,49.97044372558594,23.846899032592773,23.846899032592773,446.635981282658,0.8,0.77809745
81,1,315,271.75921630859375,51.082008361816406,21.939611434936523,21.939611434936523,378.04869626172257,0.8,0.800867
81,1,316,271.79412841796875,51.06342315673828,22.094118118286133,22.094118118286133,383.39215699298444,0.8,0.7997164
81,1,317,271.6763610839844,51.96832275390625,23.66326904296875,23.66326904296875,439.78393862750653,0.8,0.7815359
81,1,318,271.67327880859375,51.89192199707031,23.46921157836914,23.46921157836914,432.6003652555614,0.8,0.7776215
81,1,319,272.703857421875,53.0666618347168,23.476085662841797,23.476085662841797,432.85381790723596,0.8,0.776229
81,1,320,272.7096252441406,53.11556625366211,23.87300682067871,23.87300682067871,447.614478372738,0.8,0.7708333
81,1,321,272.6315002441406,54.07746505737305,23.431108474731445,23.431108474731445,431.1968212303905,0.8,0.7737568
81,1,322,272.5605163574219,54.08994674682617,21.746816635131836,21.746816635131836,371.4336675432243,0.8,0.80228335
81,1,323,272.74609375,55.02376937866211,23.578495025634766,23.578495025634766,436.6385178442769,0.8,0.7737071
81,1,324,272.6856994628906,55.0308837890625,21.911380767822266,21.911380767822266,377.0764182888738,0.8,0.8018249
81,1,325,272.7361755371094,56.024959564208984,23.871793746948242,23.871793746948242,447.5689897107069,0.8,0.77486503
81,1,326,272.6493835449219,56.002803802490234,21.981353759765625,21.981353759765625,379.4886163486739,0.8,0.8026908
81,1,327,272.7395935058594,56.91245651245117,22.136552810668945,22.136552810668945,384.8662825198868,0.8,0.7956085
81,1,328,272.6468200683594,56.926639556884766,21.931961059570312,21.931961059570312,377.78508993652105,0.8,0.7930886
81,1,329,273.7035217285156,57.80894470214844,23.717975616455078,23.717975616455078,441.8197421442545,0.8,0.7679262
81,1,330,273.6673583984375,57.78104782104492,23.620460510253906,23.620460510253906,438.1941772257116,0.8,0.76482165
81,1,331,273.6754150390625,58.90607452392578,21.84208106994629,21.84208106994629,374.69501119315237,0.8,0.79805535
81,1,332,273.6092529296875,59.9547004699707,21.945735931396484,21.945735931396484,378.25979216720293,0.8,0.79762596
81,1,333,273.796875,59.7369499206543,21.99896812438965,21.99896812438965,380.09705285942533,0.8,0.7984686
81,1,334,273.7204284667969,60.93141174316406,21.885543823242188,21.885543823242188,376.18767844560057,0.8,0.79998374
81,1,335,273.6954650878906,60.90483856201172,22.197479248046875,22.197479248046875,386.98773298779406,0.8,0.7946757
81,1,336,273.8323974609375,62.00423049926758,22.134248733520508,22.134248733520508,384.78616928227746,0.8,0.7926219
81,1,337,273.7681884765625,61.89208221435547,21.83917999267578,21.83917999267578,374.5954834066177,0.8,0.7947901
81,1,338,274.8158264160156,62.85813903808594,22.39048194885254,22.39048194885254,393.74655301502605,0.8,0.7874421
81,1,339,274.8638000488281,62.88132858276367,22.35484504699707,22.35484504699707,392.49416902080003,0.8,0.7879091
81,1,340,274.85003662109375,63.840267181396484,22.443157196044922,22.443157196044922,395.60136740109886,0.8,0.7904741
81,1,341,275.00604248046875,63.85069274902344,22.45964813232422,22.45964813232422,396.18294633845886,0.8,0.792231
81,1,342,274.90740966796875,64.7802505493164,22.468017578125,22.468017578125,396.47827149127403,0.8,0.79544836
81,1,343,274.8761291503906,64.85215759277344,22.425573348999023,22.425573348999023,394.98171582154333,0.8,0.79293525
81,1,344,274.8685302734375,65.87398529052734,22.290449142456055,22.290449142456055,390.23616964062245,0.8,0.79377294
81,1,345,275.0478210449219,65.707275390625,22.266191482543945,22.266191482543945,389.38728001920236,0.8,0.798729
81,1,346,274.9349365234375,66.71391296386719,22.122716903686523,22.122716903686523,384.38533049368726,0.8,0.8001621
81,1,347,275.9627380371094,66.75753021240234,22.461530685424805,22.461530685424805,396.24936471575086,0.8,0.7976363
81,1,348,275.954833984375,67.80315399169922,22.366228103637695,22.366228103637695,392.89398578019,0.8,0.79876775
81,1,349,275.8747863769531,67.7359619140625,22.292531967163086,22.292531967163086,390.3091005631281,0.8,0.79917854
81,1,350,275.73883056640625,68.70983123779297,22.07062339782715,22.07062339782715,382.5771978124006,0.8,0.7996921
81,1,351,275.7905578613281,69.6769790649414,22.119234085083008,22.119234085083008,384.26431109038907,0.8,0.79936796
81,1,352,275.83856201171875,69.7712631225586,22.050411224365234,22.050411224365234,381.8767938634419,0.8,0.7968562
81,1,353,275.827880859375,70.64119720458984,22.20386505126953,22.20386505126953,387.2104234066467,0.8,0.8001215
81,1,354,275.7671813964844,70.72624969482422,22.34962272644043,22.34962272644043,392.3108091322447,0.8,0.800713
81,1,355,275.84356689453125,71.5319595336914,22.3117618560791,22.3117618560791,390.9827645401425,0.8,0.7998541
81,1,356,276.7419128417969,71.73672485351562,22.143110275268555,22.143110275268555,385.0943325552233,0.8,0.80055904
81,1,357,276.862060546875,72.6434555053711,22.040178298950195,22.040178298950195,381.5224412862204,0.8,0.8011667
81,1,358,276.75238037109375,72.74327087402344,22.438758850097656,22.438758850097656,395.4463249392437,0.8,0.8030951
81,1,359,276.85662841796875,73.61649322509766,22.20429039001465,22.20429039001465,387.2252584070098,0.8,0.8044401
81,1,360,276.8716735839844,73.70098876953125,22.296367645263672,22.296367645263672,390.4434261631142,0.8,0.79708594
81,1,361,276.7976989746094,74.69605255126953,23.824228286743164,23.824228286743164,445.7871700622636,0.8,0.77288944
81,1,362,276.8236083984375,74.54383087158203,23.744550704956055,23.744550704956055,442.81038121345955,0.8,0.7691313
81,1,363,276.8737487792969,75.65910339355469,23.755014419555664,23.755014419555664,443.20074129544383,0.8,0.77186817
81,1,364,276.89752197265625,75.63438415527344,24.003719329833984,24.003719329833984,452.52956841306116,0.8,0.7722903
81,1,365,276.8682861328125,76.6646499633789,24.070680618286133,24.070680618286133,455.05786230355574,0.8,0.7732911
81,1,366,277.88665771484375,76.72576904296875,24.106096267700195,24.106096267700195,456.39791794913225,0.8,0.7725627
81,1,367,277.9183654785156,77.691162109375,24.241350173950195,24.241350173950195,461.53377868758116,0.8,0.7705948
81,1,368,277.9919128417969,77.82378387451172,22.419401168823242,22.419401168823242,394.76432447217246,0.8,0.79240155
81,1,369,277.98541259765625,78.92170715332031,22.468067169189453,22.468067169189453,396.4800216947485,0.8,0.7938026
81,1,370,277.9378356933594,79.79127502441406,23.939149856567383,23.939149856567383,450.0982538791575,0.8,0.77418983
81,1,371,278.0209045410156,79.74174499511719,24.410221099853516,24.410221099853516,467.9864811045231,0.8,0.77320915
81,1,372,278.0045471191406,80.84783172607422,24.084415435791016,24.084415435791016,455.5773257925494,0.8,0.77318954
81,1,373,278.0581359863281,80.8730697631836,24.23905372619629,24.23905372619629,461.44633817797296,0.8,0.77482355
81,1,374,278.0736083984375,81.98670196533203,22.706871032714844,22.706871032714844,404.9528576365346,0.8,0.80149746
81,1,375,279.1020812988281,81.89732360839844,22.660858154296875,22.660858154296875,403.3133391218819,0.8,0.80433667
81,1,376,279.1796569824219,83.06829071044922,22.80572509765625,22.80572509765625,408.48644654533615,0.8,0.8024686
81,1,377,279.05670166015625,83.0301742553711,23.230205535888672,23.230205535888672,423.83418852410824,0.8,0.7979836
81,1,378,279.09466552734375,83.98299407958984,23.12870216369629,23.12870216369629,420.13843034402277,0.8,0.80070424
81,1,379,279.0804138183594,83.90145874023438,23.817466735839844,23.817466735839844,445.5341683805709,0.8,0.79395425
81,1,380,279.0640869140625,84.99577331542969,23.445261001586914,23.445261001586914,431.71786935573635,0.8,0.79897696
81,1,381,279.01556396484375,84.9502182006836,22.693035125732422,22.693035125732422,404.4595106609271,0.8,0.80441827
81,1,382,279.0292663574219,85.9755859375,22.60127067565918,22.60127067565918,401.19507618706814,0.8,0.7982727
81,1,383,279.04205322265625,85.97835540771484,22.549169540405273,22.549169540405273,399.34751403570573,0.8,0.79610807
81,1,384,279.9813232421875,86.98258209228516,22.6402587890625,22.6402587890625,402.5804257770992,0.8,0.792231
81,1,385,279.95941162109375,87.00407409667969,22.314361572265625,22.314361572265625,391.07388270867426,0.8,0.79114866
81,1,386,279.74163818359375,87.99665832519531,22.11568832397461,22.11568832397461,384.1411241628705,0.8,0.8012245
81,1,387,279.869384765625,88.02052307128906,20.040584564208984,20.040584564208984,315.4355606813567,0.8,0.83460784
81,1,388,279.9012451171875,88.99993896484375,20.0221004486084,20.0221004486084,314.85395504076155,0.8,0.83093363
81,1,389,279.8712158203125,89.96646118164062,19.90472412109375,19.90472412109375,311.1732147930275,0.8,0.8391847
81,1,390,279.397216796875,90.27738952636719,28.7706356048584,28.7706356048584,650.112915931872,0.8,0.72676516
81,1,391,276.1634521484375,92.8455581665039,28.20362091064453,28.20362091064453,624.7404392680876,0.8,0.7386705
81,1,392,276.3040771484375,92.45085906982422,28.20728302001953,28.20728302001953,624.9026890984443,0.8,0.73982596
81,1,393,275.9666748046875,93.0146255493164,26.493770599365234,26.493770599365234,551.2865850532398,0.8,0.7452002
81,1,394,276.7511291503906,92.6443862915039,27.69047737121582,27.69047737121582,602.2138883577513,0.8,0.7254402
81,1,395,276.6739501953125,92.96356201171875,28.544954299926758,28.544954299926758,639.9537458243104,0.8,0.7101034
81,1,396,276.6632080078125,92.68008422851562,27.01641082763672,27.01641082763672,573.2514804662817,0.8,0.7368837
81,1,397,276.6048889160156,93.28016662597656,28.04657554626465,28.04657554626465,617.8023633690605,0.8,0.72336936
81,1,398,280.2333679199219,93.9560317993164,29.013320922851562,29.013320922851562,661.1268040276484,0.8,0.71391666
81,1,399,280.80682373046875,95.06918334960938,19.81627082824707,19.81627082824707,308.41375541796833,0.8,0.83348817
81,1,400,280.6993408203125,95.12537384033203,19.442014694213867,19.442014694213867,296.8741718186669,0.8,0.83415896
81,1,401,262.98028564453125,84.9894790649414,12.256814956665039,12.256814956665039,117.9899835055594,0.8,0.7917856
81,1,402,261.9641418457031,84.01958465576172,12.165525436401367,12.165525436401367,116.23893536429006,0.8,0.7911823
81,1,403,261.9018249511719,83.03211212158203,13.550949096679688,13.550949096679688,144.22126785183946,0.8,0.7922265
81,1,404,261.96661376953125,80.97885131835938,13.9758939743042,13.9758939743042,153.40837722851333,0.8,0.75362146
81,1,405,262.0332336425781,79.9656753540039,14.50837516784668,14.50837516784668,165.32077634674258,0.8,0.7455687
81,1,406,260.93707275390625,78.98609924316406,14.472887992858887,14.472887992858887,164.51302327199406,0.8,0.7424662
81,1,407,260.9371643066406,76.87593841552734,15.867015838623047,15.867015838623047,197.73356291371067,0.8,0.7252452
81,1,408,260.987548828125,75.93035888671875,16.568260192871094,16.568260192871094,215.5974867052807,0.8,0.6905489
81,1,409,260.942138671875,73.901123046875,17.562063217163086,17.562063217163086,242.2372645579321,0.8,0.689979
81,1,410,260.98272705078125,72.89118194580078,18.397235870361328,18.397235870361328,265.8245175224351,0.8,0.62327963
81,1,411,259.96026611328125,71.85972595214844,18.386520385742188,18.386520385742188,265.5149483011316,0.8,0.62788546
81,1,412,260.0411376953125,69.83507537841797,19.237281799316406,19.237281799316406,290.6546631830277,0.8,0.62671226
81,1,413,260.06732177734375,68.82178497314453,18.972795486450195,18.972795486450195,282.7173959991472,0.8,0.624355
81,1,414,260.0433654785156,67.90121459960938,19.134723663330078,19.134723663330078,287.56383760305033,0.8,0.62321436
81,1,415,258.928466796875,65.8115005493164,19.394147872924805,19.394147872924805,295.414145179657,0.8,0.6219434
81,1,416,259.0111389160156,64.88323974609375,18.439504623413086,18.439504623413086,267.04741630342363,0.8,0.6252675
81,1,417,259.0206298828125,63.90487289428711,18.439088821411133,18.439088821411133,267.03537285641715,0.8,0.62384444
81,1,418,259.00445556640625,61.89108657836914,18.439504623413086,18.439504623413086,267.04741630342363,0.8,0.6219108
81,1,419,258.0120544433594,60.83489990234375,18.64487075805664,18.64487075805664,273.0289104058136,0.8,0.6243224
81,1,420,257.9075012207031,59.83721160888672,18.515100479125977,18.515100479125977,269.24151638993914,0.8,0.62276906
81,1,421,258.0464172363281,57.85786437988281,18.609474182128906,18.609474182128906,271.9932245014871,0.8,0.6254956
81,1,422,257.9971008300781,56.83536911010742,18.614171981811523,18.614171981811523,272.1305664760259,0.8,0.6257455
81,1,423,257.0380554199219,55.86369323730469,18.640901565551758,18.640901565551758,272.91267586954143,0.8,0.62602794
81,1,424,257.0114440917969,53.93950271606445,18.58222007751465,18.58222007751465,271.1971242465703,0.8,0.62851554
81,1,425,256.9954528808594,52.864501953125,18.62362289428711,18.62362289428711,272.4069725471482,0.8,0.629754
81,1,426,256.97705078125,50.84687042236328,18.833932876586914,18.833932876586914,278.5941020026703,0.8,0.63099235
81,1,427,256.9640808105469,49.78763198852539,18.700233459472656,18.700233459472656,274.65274141443587,0.8,0.62752706
81,1,428,255.94883728027344,49.80805206298828,18.716550827026367,18.716550827026367,275.1322610966553,0.8,0.63168764
81,1,429,255.97828674316406,50.82335662841797,18.68401336669922,18.68401336669922,274.1764948555751,0.8,0.63055784
81,1,430,256.0094909667969,51.766971588134766,18.67736053466797,18.67736053466797,273.98127711665836,0.8,0.6259736
81,1,431,256.0052185058594,53.90333938598633,18.645339965820312,18.645339965820312,273.04265240468015,0.8,0.6220303
81,1,432,255.0087127685547,54.847801208496094,18.546688079833984,18.546688079833984,270.160976505175,0.8,0.62593013
81,1,433,254.92788696289062,55.90717315673828,18.57744026184082,18.57744026184082,271.05762470961463,0.8,0.6263321
81,1,434,255.0026092529297,57.909576416015625,18.618410110473633,18.618410110473633,272.25449953636956,0.8,0.6257998
81,1,435,254.95401000976562,58.89495849609375,18.60659408569336,18.60659408569336,271.90904091953155,0.8,0.6234317
81,1,436,253.9784698486328,59.909122467041016,18.586511611938477,18.586511611938477,271.322403807824,0.8,0.62291026
81,1,437,253.98048400878906,61.88173294067383,18.68401336669922,18.68401336669922,274.1764948555751,0.8,0.6258867
81,1,438,253.9706573486328,62.8484001159668,18.673601150512695,18.673601150512695,273.8709941662708,0.8,0.62545216
81,1,439,253.9161834716797,63.904911041259766,18.634441375732422,18.634441375732422,272.7235474435691,0.8,0.6238336
81,1,440,253.94580078125,65.85955810546875,18.665578842163086,18.665578842163086,273.6357309617454,0.8,0.62772256
81,1,441,252.95826721191406,66.92503356933594,18.68085479736328,18.68085479736328,274.08380253596215,0.8,0.62356204
81,1,442,252.93002319335938,67.93482971191406,18.553674697875977,18.553674697875977,270.3645564717406,0.8,0.6256694
81,1,443,252.88523864746094,69.82128143310547,19.346542358398438,19.346542358398438,293.96565852277075,0.8,0.63217646
81,1,444,252.9318084716797,70.90850830078125,18.650365829467773,18.650365829467773,273.1898698962653,0.8,0.6319809
81,1,445,251.86770629882812,72.9473876953125,18.674238204956055,18.674238204956055,273.8896808361199,0.8,0.6318071
81,1,446,251.9194793701172,73.88523864746094,18.703786849975586,18.703786849975586,274.7571295408403,0.8,0.63391453
81,1,447,251.9329833984375,74.90890502929688,18.637489318847656,18.637489318847656,272.8127708147892,0.8,0.6337951
81,1,448,251.9397430419922,76.85926818847656,18.785852432250977,18.785852432250977,277.1734926594004,0.8,0.6365977
81,1,449,250.9023895263672,77.92808532714844,18.726215362548828,18.726215362548828,275.41647072978736,0.8,0.6373255
81,1,450,250.9478759765625,78.92705535888672,18.740360260009766,18.740360260009766,275.832701024067,0.8,0.6331215
81,1,451,250.9217529296875,80.95345306396484,18.875762939453125,18.875762939453125,279.8329882383148,0.8,0.6361197
81,1,452,250.94659423828125,81.9189224243164,18.799999237060547,18.799999237060547,277.59110434085176,0.8,0.63102496
81,1,453,250.8994140625,82.94348907470703,18.91335105895996,18.91335105895996,280.9485848586862,0.8,0.6281896
81,1,454,249.9167022705078,84.95250701904297,18.875762939453125,18.875762939453125,279.8329882383148,0.8,0.6319809
81,1,455,249.93295288085938,85.94966125488281,18.91335105895996,18.91335105895996,280.9485848586862,0.8,0.6347945
81,1,456,249.95310974121094,86.89116668701172,18.830652236938477,18.830652236938477,278.4970551179923,0.8,0.6336864
81,1,457,249.96144104003906,88.92845916748047,18.920814514160156,18.920814514160156,281.1703605653546,0.8,0.6326979
81,1,458,248.9720001220703,89.96382141113281,18.920814514160156,18.920814514160156,281.1703605653546,0.8,0.6363044
81,1,459,248.96456909179688,90.9493179321289,18.875762939453125,18.875762939453125,279.8329882383148,0.8,0.6376297
81,1,460,249.0098419189453,92.93418884277344,18.903076171875,18.903076171875,280.64341092550126,0.8,0.63943297
81,1,461,248.9444122314453,93.94894409179688,18.77863311767578,18.77863311767578,276.9605006586715,0.8,0.6398349
81,1,462,248.01231384277344,95.92311096191406,18.830652236938477,18.830652236938477,278.4970551179923,0.8,0.64240944
81,1,463,248.0052947998047,96.92378997802734,18.843416213989258,18.843416213989258,278.87473027511857,0.8,0.63822716
81,1,464,247.95620727539062,97.97056579589844,18.799999237060547,18.799999237060547,277.59110434085176,0.8,0.6359242
81,1,465,247.9903106689453,99.89405059814453,18.77863311767578,18.77863311767578,276.9605006586715,0.8,0.63704306
81,1,466,247.99342346191406,100.9598388671875,18.700820922851562,18.700820922851562,274.66999798636135,0.8,0.6325567
81,1,467,247.00735473632812,101.94505310058594,18.742626190185547,18.742626190185547,275.8994078982189,0.8,0.63588077
81,1,468,247.00875854492188,103.92029571533203,18.69745445251465,18.69745445251465,274.57111621252426,0.8,0.632926
81,1,469,247.02578735351562,104.96448516845703,18.67152976989746,18.67152976989746,273.81023892144526,0.8,0.63535935
81,1,470,246.9931640625,105.85945129394531,18.667272567749023,18.667272567749023,273.6853929486751,0.8,0.6386291
81,1,471,246.04017639160156,107.97431182861328,18.785852432250977,18.785852432250977,277.1734926594004,0.8,0.63936776
81,1,472,246.0524444580078,108.89986419677734,18.875762939453125,18.875762939453125,279.8329882383148,0.8,0.6374233
81,1,473,246.04714965820312,110.00141143798828,18.852693557739258,18.852693557739258,279.1493995389159,0.8,0.63480526
81,1,474,246.07009887695312,112.01585388183594,18.847766876220703,18.847766876220703,279.00352112787454,0.8,0.63715166
81,1,475,244.97731018066406,113.02244567871094,18.852693557739258,18.852693557739258,279.1493995389159,0.8,0.63562006
81,1,476,245.0044708251953,113.99703216552734,18.793764114379883,18.793764114379883,277.4070056553426,0.8,0.63742334
81,1,477,244.98690795898438,115.97373962402344,18.920814514160156,18.920814514160156,281.1703605653546,0.8,0.6409321
81,1,478,244.9630126953125,117.0034408569336,18.841827392578125,18.841827392578125,278.82770446432477,0.8,0.6383901
81,1,479,244.97532653808594,119.01551818847656,18.879383087158203,18.879383087158203,279.94033583508735,0.8,0.64025855
81,1,480,243.9635467529297,120.00216674804688,18.875762939453125,18.875762939453125,279.8329882383148,0.8,0.6416816
81,1,481,243.89297485351562,120.98361206054688,18.91335105895996,18.91335105895996,280.9485848586862,0.8,0.63765144
81,1,482,243.96824645996094,122.99158477783203,18.898666381835938,18.898666381835938,280.5124868205582,0.8,0.6411276
81,1,483,243.93365478515625,123.95230865478516,18.879383087158203,18.879383087158203,279.94033583508735,0.8,0.63499
81,1,484,242.87246704101562,124.95370483398438,18.91335105895996,18.91335105895996,280.9485848586862,0.8,0.6368258
81,1,485,242.89794921875,126.93802642822266,18.875762939453125,18.875762939453125,279.8329882383148,0.8,0.6406714
81,1,486,242.89186096191406,127.94718933105469,18.91335105895996,18.91335105895996,280.9485848586862,0.8,0.6433437
81,1,487,242.8959197998047,128.95205688476562,18.833932876586914,18.833932876586914,278.5941020026703,0.8,0.64123625
81,1,488,241.8926544189453,130.93284606933594,18.91335105895996,18.91335105895996,280.9485848586862,0.8,0.6436261
81,1,489,241.8759002685547,131.916748046875,19.871858596801758,19.871858596801758,310.1464808599094,0.8,0.5924412
81,1,490,241.89389038085938,132.8833465576172,18.91335105895996,18.91335105895996,280.9485848586862,0.8,0.64066046
81,1,491,241.88841247558594,134.91322326660156,18.298036575317383,18.298036575317383,262.9655542007971,0.8,0.6385747
81,1,492,241.8704071044922,135.90940856933594,18.927045822143555,18.927045822143555,281.35559018317736,0.8,0.63795555
81,1,493,240.89959716796875,136.91688537597656,18.830652236938477,18.830652236938477,278.4970551179923,0.8,0.63695616
81,1,494,240.87290954589844,138.92025756835938,18.830652236938477,18.830652236938477,278.4970551179923,0.8,0.64119273
81,1,495,240.8449249267578,139.97879028320312,18.716550827026367,18.716550827026367,275.1322610966553,0.8,0.63822716
81,1,496,240.8203887939453,141.94369506835938,18.774044036865234,18.774044036865234,276.8251512102294,0.8,0.6385422
81,1,497,239.90411376953125,143.0147247314453,18.928800582885742,18.928800582885742,281.40776257556695,0.8,0.6429743
81,1,498,239.89549255371094,143.93751525878906,18.875762939453125,18.875762939453125,279.8329882383148,0.8,0.6408778
81,1,499,239.88943481445312,145.9890899658203,18.91335105895996,18.91335105895996,280.9485848586862,0.8,0.6406497
81,1,500,239.83950805664062,147.00689697265625,18.700233459472656,18.700233459472656,274.65274141443587,0.8,0.6409538
88,2,163,237.06759643554688,86.97209930419922,16.145994186401367,16.145994186401367,204.74790415147814,0.8,0.8283059
88,2,164,237.98944091796875,86.87004852294922,16.335020065307617,16.335020065307617,209.57005430545627,0.8,0.82738316
88,2,165,239.17323303222656,86.94749450683594,17.851058959960938,17.851058959960938,250.27521907378699,0.8,0.81926185
88,2,166,241.27804565429688,86.81196594238281,18.865678787231445,18.865678787231445,279.53407320303234,0.8,0.7870621
88,2,167,242.32237243652344,85.77259063720703,20.26790428161621,20.26790428161621,322.6320967388754,0.8,0.76953924
88,2,168,243.22523498535156,85.65043640136719,21.659637451171875,21.659637451171875,368.4616115295018,0.8,0.73065954
88,2,169,244.42437744140625,85.72150421142578,21.66143035888672,21.66143035888672,368.5226139363255,0.8,0.7298898
88,2,170,245.40452575683594,84.70941925048828,21.61351203918457,21.61351203918457,366.893963197745,0.8,0.731089
88,2,171,246.2974395751953,84.73638916015625,21.761615753173828,21.761615753173828,371.9393747602198,0.8,0.731251
88,2,172,247.43434143066406,84.68539428710938,22.38388442993164,22.38388442993164,393.51454661012235,0.8,0.73019767
88,2,173,248.34315490722656,83.72915649414062,21.063077926635742,21.063077926635742,348.4444491046741,0.8,0.7497755
88,2,174,250.24888610839844,83.75223541259766,21.312458038330078,21.312458038330078,356.7442352177803,0.8,0.7588102
88,2,175,251.19529724121094,83.75296783447266,21.3969669342041,21.3969669342041,359.5789935024784,0.8,0.7564804
88,2,176,252.17184448242188,83.79540252685547,21.586027145385742,21.586027145385742,365.96143266839107,0.8,0.7634343
88,2,177,253.0515594482422,82.85726165771484,21.931949615478516,21.931949615478516,377.78469568029294,0.8,0.7455518
88,2,178,253.9472198486328,82.88343048095703,22.18404769897461,22.18404769897461,386.5195472017368,0.8,0.7321321
88,2,179,255.01544189453125,82.96759796142578,22.4383602142334,22.4383602142334,395.43227445737045,0.8,0.73421556
88,2,180,255.9516143798828,81.81578063964844,22.775598526000977,22.775598526000977,407.4079307091225,0.8,0.7357871
88,2,181,256.845703125,81.9940414428711,22.675662994384766,22.675662994384766,403.84049832654443,0.8,0.7319323
88,2,182,257.8171081542969,81.98648071289062,22.58370018005371,22.58370018005371,400.57153104575013,0.8,0.7361652
88,2,183,259.83843994140625,80.87688446044922,22.492416381835938,22.492416381835938,397.3398381991914,0.8,0.7306423
88,2,184,260.7996520996094,80.84359741210938,22.445451736450195,22.445451736450195,395.6822624120636,0.8,0.73400795
88,2,185,261.7134704589844,80.86669921875,22.234893798828125,22.234893798828125,388.29339246449496,0.8,0.7425053
88,2,186,262.80914306640625,80.9329833984375,22.402090072631836,22.402090072631836,394.154926853687,0.8,0.7295823
88,2,187,263.8312072753906,79.82112121582031,22.094884872436523,22.094884872436523,383.4187679332312,0.8,0.7380651
88,2,188,264.76312255859375,79.92674255371094,22.162883758544922,22.162883758544922,385.7824071879136,0.8,0.7354879
88,2,189,265.79840087890625,79.82184600830078,22.211936950683594,22.211936950683594,387.4920042667741,0.8,0.74503326
88,2,190,266.7508850097656,78.76031494140625,21.797407150268555,21.797407150268555,373.1638405665498,0.8,0.7441906
88,2,191,268.7880554199219,78.8036117553711,22.233104705810547,22.233104705810547,388.2309082399362,0.8,0.74170315
88,2,192,269.7652893066406,78.82882690429688,22.109617233276367,22.109617233276367,383.93024802231565,0.8,0.7410145
88,2,193,270.7840270996094,78.75186157226562,21.994327545166016,21.994327545166016,379.93671038914357,0.8,0.7455598
88,2,194,271.8001403808594,77.83055114746094,22.001766204833984,22.001766204833984,380.19374919184145,0.8,0.7421407
88,2,195,272.8426513671875,77.94351196289062,22.365633010864258,22.365633010864258,392.8730787895128,0.8,0.72962683
88,2,196,273.801025390625,77.8936538696289,22.27077293395996,22.27077293395996,389.54753575390265,0.8,0.7375727
88,2,197,274.84674072265625,76.78072357177734,22.287734985351562,22.287734985351562,390.14114259276164,0.8,0.7456977
88,2,198,275.8879699707031,76.86184692382812,21.94651985168457,21.94651985168457,378.28681617061255,0.8,0.7438503
88,2,199,276.8509216308594,76.77266693115234,22.082029342651367,22.082029342651367,382.97272646455656,0.8,0.74175984
88,2,200,278.8702392578125,75.77371978759766,21.5559024810791,21.5559024810791,364.9407008250298,0.8,0.7463288
88,2,201,279.8951721191406,75.7864761352539,21.98949432373047,21.98949432373047,379.7697476588757,0.8,0.7361611
88,2,202,280.87969970703125,75.77326202392578,21.786731719970703,21.786731719970703,372.79841095157667,0.8,0.7356668
88,2,203,281.9533996582031,75.75785064697266,21.463045120239258,21.463045120239258,361.8033289480066,0.8,0.75556445
88,2,204,282.9612731933594,74.73714447021484,21.924808502197266,21.924808502197266,377.5387199099348,0.8,0.7360233
88,2,205,284.005859375,74.68458557128906,21.918874740600586,21.918874740600586,377.3343923229078,0.8,0.7467108
88,2,206,284.9985656738281,74.6524887084961,21.814268112182617,21.814268112182617,373.74137116450305,0.8,0.74542904
88,2,207,285.9771423339844,73.69991302490234,21.72083282470703,21.72083282470703,370.5465955324259,0.8,0.74583656
88,2,208,288.0917053222656,73.68318939208984,21.465944290161133,21.465944290161133,361.9010783741768,0.8,0.7403701
88,2,209,289.0713806152344,73.63369750976562,21.854957580566406,21.854957580566406,375.13692755097964,0.8,0.74371445
88,2,210,290.11248779296875,72.64810943603516,21.592294692993164,21.592294692993164,366.1739788376093,0.8,0.74495375
88,2,211,291.0679626464844,72.65015411376953,21.45667839050293,21.45667839050293,361.5887123968001,0.8,0.73869795
88,2,212,292.2093811035156,72.75509643554688,21.353382110595703,21.353382110595703,358.11558747647206,0.8,0.7539727
88,2,213,293.1197204589844,72.70038604736328,21.587915420532227,21.587915420532227,366.025461690314,0.8,0.73925805
88,2,214,294.15032958984375,71.69588470458984,21.499492645263672,21.499492645263672,363.03316678708046,0.8,0.7413038
88,2,215,295.2585144042969,71.66910552978516,21.36699676513672,21.36699676513672,358.5723932697412,0.8,0.74244976
88,2,216,296.1944274902344,71.65029907226562,21.36062240600586,21.36062240600586,358.35848129180295,0.8,0.7426619
88,2,217,298.12603759765625,70.73373413085938,21.55736541748047,21.55736541748047,364.99023743363693,0.8,0.74565834
88,2,218,299.272705078125,70.6927490234375,21.59247398376465,21.59247398376465,366.1800598853779,0.8,0.7428618
88,2,219,300.2218017578125,70.66166687011719,21.603958129882812,21.603958129882812,366.56967560241065,0.8,0.73873764
88,2,220,301.11480712890625,69.65129089355469,21.72955894470215,21.72955894470215,370.8443818633504,0.8,0.746923
88,2,221,302.20770263671875,69.74813842773438,22.01884651184082,22.01884651184082,380.7842787453248,0.8,0.7387457
88,2,222,303.1536560058594,69.70999908447266,21.908390045166016,21.908390045166016,376.9734896750839,0.8,0.7387782
88,2,223,304.1708679199219,69.7472915649414,21.83565330505371,21.83565330505371,374.47451049572754,0.8,0.7388592
88,2,224,305.2143859863281,68.72916412353516,21.697410583496094,21.697410583496094,369.7478828516368,0.8,0.7424242
88,2,225,306.2442932128906,68.79743957519531,21.70261001586914,21.70261001586914,369.925112244981,0.8,0.7401718
88,2,226,308.1846008300781,68.77315521240234,21.605863571166992,21.605863571166992,366.63434040055625,0.8,0.7453782
88,2,227,309.1546325683594,67.74455261230469,21.8990535736084,21.8990535736084,376.65225636667003,0.8,0.73995304
88,2,228,310.1192321777344,67.77395629882812,21.8935604095459,21.8935604095459,376.4633209740097,0.8,0.7389969
88,2,229,311.1148986816406,67.71759796142578,21.82542610168457,21.82542610168457,374.1238060738807,0.8,0.737579
88,2,230,312.0911560058594,66.77737426757812,21.87609100341797,21.87609100341797,375.8627821203645,0.8,0.7372468
88,2,231,313.0766906738281,66.86283874511719,22.202688217163086,22.202688217163086,387.1693791690152,0.8,0.73070604
88,2,232,314.0198974609375,66.79517364501953,22.095714569091797,22.095714569091797,383.44756439396224,0.8,0.72873753
88,2,233,315.03936767578125,66.77426147460938,22.271068572998047,22.271068572998047,389.5578781181751,0.8,0.73028755
88,2,234,317.0227966308594,65.76802062988281,22.086063385009766,22.086063385009766,383.112665533909,0.8,0.72811747
88,2,235,318.0313415527344,65.78616333007812,21.909156799316406,21.909156799316406,376.9998769217272,0.8,0.74694836
88,2,236,319.0058898925781,65.79899597167969,21.890609741210938,21.890609741210938,376.3618533711768,0.8,0.7487734
88,2,237,320.00982666015625,64.8071060180664,21.751691818237305,21.751691818237305,371.600221585943,0.8,0.74510646
88,2,238,320.9383850097656,64.70620727539062,21.798433303833008,21.798433303833008,373.19897616005403,0.8,0.7447246
88,2,239,321.9453125,64.78445434570312,22.02427101135254,22.02427101135254,380.9719196888433,0.8,0.734808
88,2,240,322.9474182128906,63.820838928222656,22.05613136291504,22.05613136291504,382.07494631291246,0.8,0.73434615
88,2,241,323.85882568359375,63.807289123535156,21.764148712158203,21.764148712158203,372.0259641036078,0.8,0.7344514
88,2,242,324.9139709472656,63.78007888793945,21.891132354736328,21.891132354736328,376.37982401203465,0.8,0.7334306
88,2,243,326.87286376953125,63.801700592041016,21.905019760131836,21.905019760131836,376.8575148925115,0.8,0.7344919
88,2,244,327.8504638671875,62.79990005493164,21.75615119934082,21.75615119934082,371.75260300844093,0.8,0.7326365
88,2,245,328.91680908203125,62.775123596191406,21.512893676757812,21.512893676757812,363.4858784124168,0.8,0.7553155
88,2,246,329.79315185546875,62.769493103027344,21.463346481323242,21.463346481323242,361.8134891287503,0.8,0.7511271
88,2,247,330.831787109375,61.80797576904297,21.30364418029785,21.30364418029785,356.44923002696993,0.8,0.7558757
88,2,248,331.89697265625,61.79798889160156,20.90059471130371,20.90059471130371,343.0892961913459,0.8,0.7531368
88,2,249,332.872314453125,61.72492218017578,21.362627029418945,21.362627029418945,358.42574595260896,0.8,0.75957495
88,2,250,333.9045104980469,60.67355728149414,21.27507209777832,21.27507209777832,355.49374399914166,0.8,0.75847226
88,2,251,335.92889404296875,60.72405242919922,21.382373809814453,21.382373809814453,359.0886818063282,0.8,0.75876576
88,2,252,336.9168395996094,60.75189208984375,20.901382446289062,20.901382446289062,343.11515847311375,0.8,0.7525055
88,2,253,337.9183654785156,60.74027633666992,21.415407180786133,21.415407180786133,360.1990423681511,0.8,0.7563648
88,2,254,338.93890380859375,59.78630065917969,21.19120979309082,21.19120979309082,352.6966895991245,0.8,0.7553422
88,2,255,339.9372253417969,59.78099822998047,21.61355209350586,21.61355209350586,366.8953230602487,0.8,0.7456243
88,2,256,340.9414978027344,59.750492095947266,22.00824546813965,22.00824546813965,380.4177074052771,0.8,0.73204505
88,2,257,341.9796142578125,58.79342269897461,21.967561721801758,21.967561721801758,379.01255109190504,0.8,0.7339896
88,2,258,342.9229736328125,58.88860321044922,21.96194076538086,21.96194076538086,378.81861600711034,0.8,0.73843783
88,2,259,343.9781494140625,58.910011291503906,22.115251541137695,22.115251541137695,384.1259508080422,0.8,0.727482
88,2,260,346.00933837890625,58.961395263671875,22.33755111694336,22.33755111694336,391.88712914649835,0.8,0.7225768
88,2,261,346.9827575683594,58.083072662353516,22.387527465820312,22.387527465820312,393.6426480824628,0.8,0.7198858
88,2,262,347.9976806640625,58.05831527709961,22.60626792907715,22.60626792907715,401.3725082561117,0.8,0.7235183
88,2,263,349.06011962890625,58.059627532958984,22.48345375061035,22.48345375061035,397.0232425203077,0.8,0.72212464
88,2,264,349.9991760253906,57.00546646118164,22.306673049926758,22.306673049926758,390.8044363009698,0.8,0.725001
88,2,265,351.0955810546875,57.052852630615234,22.267925262451172,22.267925262451172,389.44792246242355,0.8,0.7236517
88,2,266,352.0248107910156,56.98366928100586,22.237030029296875,22.237030029296875,388.36800707969314,0.8,0.7229994
88,2,267,352.96710205078125,56.02861404418945,22.291372299194336,22.291372299194336,390.26849349440073,0.8,0.7229031
88,2,268,355.0725402832031,56.00288391113281,22.091259002685547,22.091259002685547,383.29293677824427,0.8,0.7301636
88,2,269,356.155517578125,56.00815200805664,22.14700698852539,22.14700698852539,385.22988119397104,0.8,0.7329923
88,2,270,357.086669921875,56.05373764038086,22.13689613342285,22.13689613342285,384.8782206367001,0.8,0.7315663
88,2,271,358.0717468261719,54.99321365356445,22.243568420410156,22.243568420410156,388.5964256446204,0.8,0.7229994
88,2,272,359.03759765625,55.08666229248047,22.207843780517578,22.207843780517578,387.3492049624156,0.8,0.7223545
88,2,273,360.087158203125,55.02130126953125,22.392471313476562,22.392471313476562,393.8165238412918,0.8,0.7241781
88,2,274,361.1026611328125,54.1297492980957,22.253814697265625,22.253814697265625,388.9545141980688,0.8,0.7325274
88,2,275,362.1432189941406,53.99894714355469,22.376041412353516,22.376041412353516,393.23883031884924,0.8,0.7245413
88,2,276,363.1111755371094,54.09191131591797,22.195785522460938,22.195785522460938,386.92867889330256,0.8,0.73499185
88,2,277,365.0930480957031,53.02493667602539,22.38126564025879,22.38126564025879,393.4224739807477,0.8,0.7258461
88,2,278,366.1542053222656,52.95533752441406,22.104795455932617,22.104795455932617,383.76280737514634,0.8,0.73308533
88,2,279,367.1280517578125,53.0236930847168,22.094661712646484,22.094661712646484,383.4110228628094,0.8,0.73663485
88,2,280,368.2361145019531,52.94467544555664,22.089717864990234,22.089717864990234,383.2394598271489,0.8,0.74088484
88,2,281,369.1595153808594,51.94406509399414,21.968463897705078,21.968463897705078,379.04368272284245,0.8,0.7375952
88,2,282,370.1394348144531,51.970943450927734,22.428752899169922,22.428752899169922,395.0937266220856,0.8,0.722436
88,2,283,371.17767333984375,52.01405715942383,21.97119903564453,21.97119903564453,379.1380726902549,0.8,0.74948645
88,2,284,372.22119140625,50.934051513671875,22.074831008911133,22.074831008911133,382.72308308908504,0.8,0.7365095
88,2,285,374.30816650390625,51.04581069946289,22.15029525756836,22.15029525756836,385.34428342744326,0.8,0.7284507
88,2,286,375.21826171875,51.03239440917969,22.078271865844727,22.078271865844727,382.8424043203447,0.8,0.7270634
88,2,287,376.152099609375,49.987884521484375,22.25107765197754,22.25107765197754,388.858843350894,0.8,0.7298768
88,2,288,377.1679992675781,49.95962142944336,22.497901916503906,22.497901916503906,397.53367128564315,0.8,0.72054565
88,2,289,378.1833190917969,49.95895767211914,22.34317970275879,22.34317970275879,392.08464840259967,0.8,0.73062855
88,2,290,379.17999267578125,49.966827392578125,22.544628143310547,22.544628143310547,399.18667325547875,0.8,0.7194336
88,2,291,380.0423278808594,50.04096221923828,22.51189613342285,22.51189613342285,398.0283754283107,0.8,0.72537154
88,2,292,381.11090087890625,49.97834014892578,22.883298873901367,22.883298873901367,411.2701097900751,0.8,0.72463024
88,2,293,382.06085205078125,50.01408767700195,22.529769897460938,22.529769897460938,398.66067130212895,0.8,0.72110164
88,2,294,384.0025939941406,50.03790283203125,22.710952758789062,22.710952758789062,405.0984571950549,0.8,0.7202936
88,2,295,384.9349670410156,51.039207458496094,22.687286376953125,22.687286376953125,404.2546159347765,0.8,0.7205975
88,2,296,385.9943542480469,51.045921325683594,22.514705657958984,22.514705657958984,398.1277309211829,0.8,0.71978205
88,2,297,386.9062194824219,51.011409759521484,22.492141723632812,22.492141723632812,397.3301343080825,0.8,0.72236925
88,2,298,387.8876953125,52.12190628051758,23.09520721435547,23.09520721435547,418.9224238907559,0.8,0.7259795
88,2,299,388.85870361328125,52.17787551879883,22.809783935546875,22.809783935546875,408.63185983950353,0.8,0.7235035
88,2,300,389.8429260253906,52.1927604675293,22.907987594604492,22.907987594604492,412.1580246266292,0.8,0.7227548
88,2,301,390.8302307128906,52.11255645751953,22.60951805114746,22.60951805114746,401.4879278757336,0.8,0.72388893
88,2,302,392.8498229980469,53.19707489013672,22.768375396728516,22.768375396728516,407.14955826649316,0.8,0.7194114
88,2,303,393.77996826171875,53.1257209777832,22.55584144592285,22.55584144592285,399.5838689093149,0.8,0.719493
88,2,304,394.75909423828125,53.18238830566406,22.481449127197266,22.481449127197266,396.95244853857133,0.8,0.7252267
88,2,305,395.8365173339844,54.12305450439453,22.372499465942383,22.372499465942383,393.1143471181643,0.8,0.71836615
88,2,306,396.7890319824219,54.21184539794922,22.567617416381836,22.567617416381836,400.00120790947943,0.8,0.7189518
88,2,307,397.8128356933594,54.18183135986328,22.766780853271484,22.766780853271484,407.0925322451419,0.8,0.7234812
88,2,308,398.8970947265625,55.193824768066406,22.55845832824707,22.55845832824707,399.67659208472736,0.8,0.72252494
88,2,309,399.86029052734375,55.19606018066406,22.851045608520508,22.851045608520508,410.1115831359897,0.8,0.72572744
88,2,310,401.03656005859375,55.221866607666016,22.96999168395996,22.96999168395996,414.3921857775288,0.8,0.72325134
88,2,311,402.91680908203125,55.18156433105469,22.881683349609375,22.881683349609375,411.2120418162909,0.8,0.72514176
88,2,312,403.9129943847656,56.17229080200195,22.538026809692383,22.538026809692383,398.9529343278999,0.8,0.72228026
88,2,313,404.9405517578125,56.18043518066406,22.85445785522461,22.85445785522461,410.23407261897694,0.8,0.7214278
88,2,314,405.9306945800781,56.188255310058594,22.763700485229492,22.763700485229492,406.9823796503442,0.8,0.7211906
88,2,315,406.8972473144531,57.21124267578125,22.741844177246094,22.741844177246094,406.2012358324288,0.8,0.72445977
88,2,316,408.0012512207031,57.187156677246094,22.513410568237305,22.513410568237305,398.08193007345375,0.8,0.7227844
88,2,317,408.9565124511719,57.19491195678711,22.612945556640625,22.612945556640625,401.60966478146435,0.8,0.7218133
88,2,318,409.94891357421875,58.180206298828125,22.772274017333984,22.772274017333984,407.2890023443387,0.8,0.72122025
88,2,319,410.995361328125,58.13848114013672,22.62811851501465,22.62811851501465,402.1487941108935,0.8,0.7236221
88,2,320,413.0333557128906,58.16474914550781,22.636690139770508,22.636690139770508,402.45352306471756,0.8,0.72242117
88,2,321,414.05218505859375,58.16679763793945,22.55392074584961,22.55392074584961,399.51582018752964,0.8,0.72110903
88,2,322,414.9918518066406,59.122188568115234,22.617778778076172,22.617778778076172,401.78136075753093,0.8,0.71841806
88,2,323,416.0164794921875,59.1087760925293,22.627662658691406,22.627662658691406,402.1325912415304,0.8,0.72018236
88,2,324,417.02099609375,59.165863037109375,22.57080841064453,22.57080841064453,400.11433387893015,0.8,0.7225397
88,2,325,418.0179443359375,60.06447219848633,22.456466674804688,22.456466674804688,396.07071395312954,0.8,0.72110164
88,2,326,419.04974365234375,60.00393295288086,22.707143783569336,22.707143783569336,404.9625861368771,0.8,0.7199303
88,2,327,419.9767761230469,60.038021087646484,22.66429901123047,22.66429901123047,403.43582776272257,0.8,0.7200489
88,2,328,422.0792541503906,60.9531364440918,22.74839973449707,22.74839973449707,406.4354524804723,0.8,0.7224137
88,2,329,422.9970703125,61.04532241821289,21.65281105041504,21.65281105041504,368.2293943222573,0.8,0.7597261
88,2,330,424.08929443359375,61.02147674560547,23.105588912963867,23.105588912963867,419.29913441851573,0.8,0.7242597
88,2,331,425.050048828125,61.09225082397461,23.149606704711914,23.149606704711914,420.89824558057717,0.8,0.7231402
88,2,332,426.0740966796875,61.997344970703125,22.714683532714844,22.714683532714844,405.2315608047717,0.8,0.72390383
88,2,333,427.0821533203125,61.94835662841797,22.622913360595703,22.622913360595703,401.9638025203455,0.8,0.7235628
88,2,334,427.9700012207031,61.99848937988281,21.583702087402344,21.583702087402344,365.88260058686416,0.8,0.7588635
88,2,335,428.9957275390625,62.98246765136719,22.814910888671875,22.814910888671875,408.81557677845143,0.8,0.7237926
88,2,336,429.9973449707031,62.992286682128906,22.971019744873047,22.971019744873047,414.4292802570028,0.8,0.72357017
88,2,337,432.0640869140625,63.07789611816406,21.023975372314453,21.023975372314453,347.15191048171806,0.8,0.7548619
88,2,338,433.178466796875,64.04327392578125,22.882949829101562,22.882949829101562,411.25756346979904,0.8,0.7232737
88,2,339,434.1198425292969,63.99583435058594,22.905715942382812,22.905715942382812,412.0762860395318,0.8,0.7181882
88,2,340,435.1111145019531,63.97443389892578,22.433330535888672,22.433330535888672,395.25501781136825,0.8,0.7156678
88,2,341,436.0776672363281,64.01547241210938,22.70250701904297,22.70250701904297,404.7972175235106,0.8,0.71624595
88,2,342,437.1264953613281,64.97765350341797,22.868593215942383,22.868593215942383,410.74168473539333,0.8,0.71634233
88,2,343,438.19415283203125,64.91513061523438,21.056215286254883,21.056215286254883,348.2174301092217,0.8,0.74804145
88,2,344,439.0643615722656,64.98200225830078,21.239633560180664,21.239633560180664,354.31041679167083,0.8,0.75182074
88,2,345,441.09930419921875,65.90099334716797,22.545137405395508,22.545137405395508,399.20470796709975,0.8,0.7200341
88,2,346,442.13653564453125,65.95623779296875,22.650800704956055,22.650800704956055,402.955417695855,0.8,0.7188406
88,2,347,443.0791320800781,66.00503540039062,22.728641510009766,22.728641510009766,405.72973642441445,0.8,0.7199155
88,2,348,444.0891418457031,66.93045043945312,22.679794311523438,22.679794311523438,403.9876644893258,0.8,0.71981907
88,2,349,445.01849365234375,66.91105651855469,22.705839157104492,22.705839157104492,404.91605366807585,0.8,0.7231625
88,2,350,446.0541076660156,67.0055160522461,20.74610137939453,20.74610137939453,338.03593693254334,0.8,0.75331473
88,2,351,447.0277404785156,66.93116760253906,22.75381851196289,22.75381851196289,406.62910527416557,0.8,0.72040474
88,2,352,447.92498779296875,67.98844146728516,20.95421600341797,20.95421600341797,344.8519723829559,0.8,0.75266546
88,2,353,449.03582763671875,68.04263305664062,20.94573974609375,20.94573974609375,344.57303444996853,0.8,0.7509671
88,2,354,450.9469299316406,67.93289184570312,22.74720573425293,22.74720573425293,406.3927882667651,0.8,0.7174099
88,2,355,451.8864440917969,68.93425750732422,22.705184936523438,22.705184936523438,404.892720410252,0.8,0.7167723
88,2,356,452.89501953125,68.9554214477539,22.73396110534668,22.73396110534668,405.9196791966733,0.8,0.7143852
88,2,357,453.8931884765625,68.9244613647461,20.881650924682617,20.881650924682617,342.46764259194964,0.8,0.7526033
88,2,358,454.8961486816406,69.96095275878906,22.51709747314453,22.51709747314453,398.2123243906576,0.8,0.71824014
88,2,359,455.88946533203125,69.86308288574219,22.77824592590332,22.77824592590332,407.50264913335934,0.8,0.718633
88,2,360,456.9571838378906,69.90929412841797,22.574878692626953,22.574878692626953,400.25865525000313,0.8,0.7167427
88,2,361,457.879150390625,69.83827209472656,21.18897247314453,21.18897247314453,352.62221969477406,0.8,0.75408834
88,2,362,459.937255859375,70.86090850830078,22.618894577026367,22.618894577026367,401.8210037554638,0.8,0.71536374
88,2,363,460.8841552734375,70.87183380126953,22.770526885986328,22.770526885986328,407.22650879750597,0.8,0.716624
88,2,364,461.9623718261719,70.87098693847656,22.64992904663086,22.64992904663086,402.92440486846624,0.8,0.7196264
88,2,365,459.9342041015625,71.80622100830078,22.45504379272461,22.45504379272461,396.0205240389867,0.8,0.7150821
88,2,366,458.9414978027344,71.92378997802734,22.3859806060791,22.3859806060791,393.5882527116973,0.8,0.7157493
88,2,367,457.8889465332031,71.90692901611328,22.59556007385254,22.59556007385254,400.99236405453985,0.8,0.7182549
88,2,368,456.897216796875,71.93437957763672,22.770395278930664,22.770395278930664,407.22180150836846,0.8,0.717914
88,2,369,455.85888671875,72.9061279296875,22.88286018371582,22.88286018371582,411.25434122170805,0.8,0.71537125
88,2,370,454.78961181640625,72.901611328125,22.843303680419922,22.843303680419922,409.8337388228274,0.8,0.7177657
88,2,371,453.9021301269531,72.88495635986328,22.729528427124023,22.729528427124023,405.7614018161051,0.8,0.7214945
88,2,372,452.8526916503906,73.88721466064453,22.62647819519043,22.62647819519043,402.0904924249086,0.8,0.72295487
88,2,373,450.9483642578125,73.92817687988281,22.681640625,22.681640625,404.0534427075612,0.8,0.7196116
88,2,374,449.9853515625,73.91255187988281,22.595186233520508,22.595186233520508,400.97909544088884,0.8,0.718381
88,2,375,448.99212646484375,74.8288803100586,22.730363845825195,22.730363845825195,405.79122970223625,0.8,0.7221914
88,2,376,448.0046691894531,74.91558074951172,22.468618392944336,22.468618392944336,396.49947613963275,0.8,0.7164906
88,2,377,447.0039978027344,74.9241943359375,22.560970306396484,22.560970306396484,399.7656083419689,0.8,0.7155121
88,2,378,446.1075744628906,74.84337615966797,22.836402893066406,22.836402893066406,409.5861609473694,0.8,0.716928
88,2,379,445.0165710449219,75.93512725830078,22.73756217956543,22.73756217956543,406.0482852636665,0.8,0.7216798
88,2,380,444.0382385253906,75.88410949707031,22.79694175720215,22.79694175720215,408.17186022082444,0.8,0.7236295
88,2,381,443.1308288574219,75.89729309082031,22.773263931274414,22.773263931274414,407.3244129339062,0.8,0.719404
88,2,382,441.1103515625,76.94017791748047,22.413928985595703,22.413928985595703,394.5716378733936,0.8,0.7203232
88,2,383,440.1163024902344,76.8570556640625,22.581504821777344,22.581504821777344,400.49365582814903,0.8,0.7180473
88,2,384,439.1580505371094,76.82991790771484,22.463193893432617,22.463193893432617,396.3080490080958,0.8,0.7177286
88,2,385,438.0854797363281,77.96546173095703,22.495988845825195,22.495988845825195,397.4660669660205,0.8,0.7176026
88,2,386,437.0675048828125,77.8934097290039,22.625762939453125,22.625762939453125,402.0650715013822,0.8,0.7198784
88,2,387,436.235107421875,77.84123229980469,22.59053611755371,22.59053611755371,400.8140684828079,0.8,0.7225991
88,2,388,435.093505859375,77.9452133178711,22.460744857788086,22.460744857788086,396.2216392451023,0.8,0.7235183
88,2,389,434.0476379394531,78.90335845947266,22.451135635375977,22.451135635375977,395.88268633526735,0.8,0.72644657
88,2,390,432.0954895019531,78.88351440429688,22.44060516357422,22.44060516357422,395.51140411066956,0.8,0.722006
88,2,391,431.06732177734375,78.89051055908203,22.767597198486328,22.767597198486328,407.12172688631307,0.8,0.72467476
88,2,392,430.07763671875,79.94648742675781,22.532968521118164,22.532968521118164,398.7738776047144,0.8,0.7237777
88,2,393,429.0521240234375,80.02462005615234,22.534194946289062,22.534194946289062,398.81728774217515,0.8,0.723155
88,2,394,428.016357421875,79.91124725341797,22.682945251464844,22.682945251464844,404.0999255862511,0.8,0.72457093
88,2,395,427.07098388671875,80.90601348876953,22.888723373413086,22.888723373413086,411.46511654536914,0.8,0.723029
88,2,396,426.0408630371094,80.96915435791016,22.659116744995117,22.659116744995117,403.25135500728896,0.8,0.72185034
88,2,397,425.0339050292969,80.9164810180664,22.661354064941406,22.661354064941406,403.3309915483763,0.8,0.7219838
88,2,398,424.0778503417969,80.90827941894531,22.529003143310547,22.529003143310547,398.63353658000744,0.8,0.72400755
88,2,399,422.087646484375,81.9411849975586,22.46938705444336,22.46938705444336,396.52660545302325,0.8,0.7227399
88,2,400,420.979736328125,81.9711685180664,22.612016677856445,22.612016677856445,401.5766713764852,0.8,0.7244079
88,2,401,420.02020263671875,81.97003936767578,22.39889144897461,22.39889144897461,394.042378134984,0.8,0.7238964
88,2,402,418.9878845214844,82.89517211914062,22.599821090698242,22.599821090698242,401.14361468234705,0.8,0.72547543
88,2,403,418.0787658691406,82.98589324951172,22.394750595092773,22.394750595092773,393.89669939973993,0.8,0.7242967
88,2,404,417.0178527832031,82.95623779296875,22.56679916381836,22.56679916381836,399.9722020933936,0.8,0.7218355
88,2,405,416.0795593261719,83.90709686279297,22.606313705444336,22.606313705444336,401.3741337693523,0.8,0.7239779
88,2,406,415.0615234375,83.93611907958984,22.475826263427734,22.475826263427734,396.7539088089375,0.8,0.72320694
88,2,407,413.03460693359375,83.88157653808594,22.44321632385254,22.44321632385254,395.60345187363123,0.8,0.7232144
88,2,408,412.0394287109375,83.95328521728516,22.627552032470703,22.627552032470703,402.1286592136656,0.8,0.72326624
88,2,409,411.002197265625,84.96794891357422,22.69293975830078,22.69293975830078,404.4561111876111,0.8,0.72418547
88,2,410,410.01092529296875,84.96028900146484,22.627445220947266,22.627445220947266,402.1248627912094,0.8,0.72381485
88,2,411,408.9272766113281,84.99610137939453,22.5057430267334,22.5057430267334,397.81082144343395,0.8,0.7233701
88,2,412,407.9825439453125,85.95632934570312,22.479822158813477,22.479822158813477,396.8949962176944,0.8,0.7263576
88,2,413,406.9660339355469,85.88784790039062,22.425722122192383,22.425722122192383,394.9869565246625,0.8,0.72483045
88,2,414,405.9003601074219,85.91211700439453,22.502017974853516,22.502017974853516,397.6791445367423,0.8,0.7263501
88,2,415,404.9593505859375,86.85810852050781,22.596221923828125,22.596221923828125,401.01585545483096,0.8,0.72679496
88,2,416,402.99615478515625,86.90116882324219,22.604080200195312,22.604080200195312,401.2948261068498,0.8,0.7255866
88,2,417,401.9024963378906,86.92347717285156,22.48896598815918,22.48896598815918,397.2179416731661,0.8,0.7260462
88,2,418,400.87786865234375,87.06124877929688,22.662403106689453,22.662403106689453,403.36833449271694,0.8,0.72748435
88,2,419,399.9535217285156,87.94263458251953,22.730052947998047,22.730052947998047,405.7801292421061,0.8,0.72760296
88,2,420,398.92974853515625,87.998779296875,22.674354553222656,22.674354553222656,403.79389450410815,0.8,0.72695065
88,2,421,397.884033203125,87.99102783203125,22.509794235229492,22.509794235229492,397.9540524071328,0.8,0.72778827
88,2,422,396.854248046875,88.97391510009766,22.307405471801758,22.307405471801758,390.83010022821543,0.8,0.7292042
88,2,423,395.81402587890625,89.02855682373047,20.442705154418945,20.442705154418945,328.221186467651,0.8,0.7651861
88,2,424,393.8276672363281,88.95457458496094,18.7680721282959,18.7680721282959,276.6490664458465,0.8,0.7982619
88,2,425,392.8027038574219,90.13397216796875,16.982295989990234,16.982295989990234,226.50755569457752,0.8,0.82655543
88,2,427,390.4321594238281,89.89733123779297,27.625717163085938,27.625717163085938,599.400365728952,0.8,0.6694315
88,2,428,385.6956481933594,89.70813751220703,25.769365310668945,25.769365310668945,521.551652444815,0.8,0.70100355
88,2,429,385.5194396972656,90.44058990478516,24.667320251464844,24.667320251464844,477.89647353035394,0.8,0.7427492
88,2,430,385.3731689453125,90.50353240966797,24.337085723876953,24.337085723876953,465.18641679051376,0.8,0.7447984
88,2,431,385.1561584472656,90.38463592529297,22.934343338012695,22.934343338012695,413.1069495294803,0.8,0.75641793
88,2,432,384.8883361816406,91.4233169555664,22.40538215637207,22.40538215637207,394.2707808981016,0.8,0.7699527
88,2,433,383.72955322265625,91.71012878417969,23.215253829956055,23.215253829956055,423.28877752645667,0.8,0.74676603
88,2,434,382.91949462890625,92.00884246826172,23.60271644592285,23.60271644592285,437.53606768670767,0.8,0.7408948
88,2,435,382.0523986816406,91.88014221191406,23.074050903320312,23.074050903320312,418.15526959599737,0.8,0.7368917
88,2,436,381.5240478515625,92.39927673339844,22.055795669555664,22.055795669555664,382.063316073312,0.8,0.7679225
88,2,437,381.1552429199219,92.15713500976562,22.904037475585938,22.904037475585938,412.0158966568716,0.8,0.7550984
88,2,438,380.90509033203125,91.87023162841797,23.1763858795166,23.1763858795166,421.8725884358109,0.8,0.7619037
88,2,439,380.6411437988281,92.40157318115234,24.411617279052734,24.411617279052734,468.0400170125885,0.8,0.74699754
88,2,440,380.5059509277344,92.30697631835938,25.443078994750977,25.443078994750977,508.4277121378515,0.8,0.7140504
88,2,441,375.4842224121094,93.76325988769531,28.429174423217773,28.429174423217773,634.7729001409951,0.8,0.6553622
88,2,442,374.08013916015625,94.9629898071289,16.85873031616211,16.85873031616211,223.22334320224184,0.8,0.8288622
88,2,443,373.0045471191406,95.00550842285156,16.492422103881836,16.492422103881836,213.6282901181701,0.8,0.8240993
88,2,444,372.0365295410156,95.10317993164062,19.474470138549805,19.474470138549805,297.86617038834913,0.8,0.79693663
88,2,445,370.9930419921875,95.1168441772461,19.68882942199707,19.68882942199707,304.4596011892874,0.8,0.7983488
88,2,446,370.09722900390625,96.00059509277344,21.222278594970703,21.222278594970703,353.7316372436681,0.8,0.76507044
88,2,447,368.9781494140625,96.1463623046875,22.976781845092773,22.976781845092773,414.637219005632,0.8,0.73813707
88,2,448,368.0113220214844,96.0457763671875,22.955516815185547,22.955516815185547,413.8700800106508,0.8,0.7398198
88,2,449,366.9845886230469,97.03318786621094,22.82016944885254,22.82016944885254,409.0040525584385,0.8,0.7401312
88,2,450,364.95220947265625,97.0169677734375,23.541236877441406,23.541236877441406,435.25967757707383,0.8,0.74136925
88,2,451,364.0394287109375,97.0816650390625,22.972829818725586,22.972829818725586,414.49459535118433,0.8,0.734045
88,2,452,362.98455810546875,98.0617446899414,22.7587890625,22.7587890625,406.80678017984997,0.8,0.7356166
88,2,453,362.0015869140625,98.11235809326172,23.563217163085938,23.563217163085938,436.0728547668821,0.8,0.7374402
88,2,454,361.0343017578125,98.06181335449219,23.00576400756836,23.00576400756836,415.6838984152164,0.8,0.73417103
88,2,455,359.99798583984375,98.0560073852539,22.66531753540039,22.66531753540039,403.47208905405375,0.8,0.7343935
88,2,456,359.01123046875,99.07502746582031,22.956056594848633,22.956056594848633,413.8895438528865,0.8,0.7329108
88,2,457,358.0170593261719,99.08673095703125,22.546932220458984,22.546932220458984,399.26827175298945,0.8,0.7326291
88,2,458,357.0401916503906,99.17876434326172,22.40690803527832,22.40690803527832,394.3244849545197,0.8,0.7332221
88,2,459,355.0755920410156,100.12092590332031,22.56092643737793,22.56092643737793,399.7640536829626,0.8,0.7346084
88,2,460,353.91357421875,99.99637603759766,22.37662124633789,22.37662124633789,393.259210705877,0.8,0.73569816
88,2,461,353.01971435546875,100.10476684570312,22.361244201660156,22.361244201660156,392.71890691259244,0.8,0.7345417
88,2,462,351.97247314453125,101.156494140625,22.570894241333008,22.570894241333008,400.11737693821436,0.8,0.7351644
88,2,463,351.0584716796875,101.01335906982422,22.337995529174805,22.337995529174805,391.90272272388773,0.8,0.7360021
88,2,464,349.9800109863281,101.12903594970703,22.247554779052734,22.247554779052734,388.7357219570995,0.8,0.7449276
88,2,465,348.9841003417969,101.06461334228516,22.206226348876953,22.206226348876953,387.29278453264396,0.8,0.73321474
88,2,466,348.0107116699219,102.08057403564453,22.194442749023438,22.194442749023438,386.8818644351325,0.8,0.72733605
88,2,467,345.8894958496094,102.08389282226562,22.237764358520508,22.237764358520508,388.3936575092365,0.8,0.731443
88,2,468,344.8802185058594,102.0894546508789,22.199739456176758,22.199739456176758,387.0665453016862,0.8,0.7353794
88,2,469,343.822265625,103.0543212890625,22.28605079650879,22.28605079650879,390.08218222430276,0.8,0.7342556
88,2,470,342.8747863769531,103.03160858154297,22.193498611450195,22.193498611450195,386.84894971503087,0.8,0.73359686
88,2,471,341.8672180175781,103.05416107177734,21.94208526611328,21.94208526611328,378.1339558735819,0.8,0.74552745
88,2,472,340.8162536621094,104.1130599975586,21.869609832763672,21.869609832763672,375.640103400022,0.8,0.74176794
88,2,473,339.8019104003906,104.018798828125,21.995647430419922,21.995647430419922,379.98231195683763,0.8,0.74637014
88,2,474,338.8294677734375,103.98271942138672,21.952796936035156,21.952796936035156,378.5032402642162,0.8,0.7532043
88,2,475,337.7417297363281,104.04300689697266,22.004343032836914,22.004343032836914,380.2828103390957,0.8,0.74829847
88,2,476,335.7831726074219,105.08645629882812,22.27115249633789,22.27115249633789,389.56081404014805,0.8,0.7415718
88,2,477,334.7610778808594,105.09394073486328,22.135068893432617,22.135068893432617,384.81468545569055,0.8,0.75068873
88,2,478,333.71685791015625,104.89635467529297,22.26988983154297,22.26988983154297,389.51664292850677,0.8,0.742804
88,2,479,332.75128173828125,105.97027587890625,22.06918716430664,22.06918716430664,382.5274074365201,0.8,0.7389134
88,2,480,331.7988586425781,106.05274963378906,22.459325790405273,22.459325790405273,396.1715743477669,0.8,0.7331628
88,2,481,330.76068115234375,106.046630859375,22.21097183227539,22.21097183227539,387.4583316030639,0.8,0.7397117
88,2,482,329.7811279296875,106.96187591552734,22.361326217651367,22.361326217651367,392.72178772630707,0.8,0.738712
88,2,483,328.8636779785156,107.01782989501953,22.35260009765625,22.35260009765625,392.4153417883894,0.8,0.73135406
88,2,484,326.7527770996094,106.94828033447266,22.76568031311035,22.76568031311035,407.0531757058669,0.8,0.73114645
88,2,485,325.7908630371094,106.93341827392578,22.875926971435547,22.875926971435547,411.005169424974,0.8,0.73314804
88,2,486,324.8898620605469,107.97515106201172,22.65473175048828,22.65473175048828,403.09529562509505,0.8,0.73223615
88,2,487,323.8979797363281,107.84416961669922,22.87662696838379,22.87662696838379,411.03032309559677,0.8,0.7369361
88,2,488,322.89874267578125,107.80860137939453,22.803482055664062,22.803482055664062,408.4060976688829,0.8,0.73999774
88,2,489,321.98046875,108.79439544677734,22.776174545288086,22.776174545288086,407.4285385357955,0.8,0.7395901
88,2,490,320.9536437988281,108.83596801757812,22.48663330078125,22.48663330078125,397.13554240021705,0.8,0.7337855
88,2,491,319.9606628417969,108.81432342529297,22.615032196044922,22.615032196044922,401.68378632516414,0.8,0.7331332
88,2,492,319.00177001953125,109.82353210449219,22.61591148376465,22.61591148376465,401.71502240598943,0.8,0.7335928
88,2,493,317.0814514160156,109.85919952392578,22.551185607910156,22.551185607910156,399.41892664682763,0.8,0.7381223
88,2,494,316.0501403808594,109.81414794921875,22.4047908782959,22.4047908782959,394.2499715594234,0.8,0.7343045
88,2,495,315.08087158203125,109.93470764160156,22.361249923706055,22.361249923706055,392.7191078992529,0.8,0.73277736
88,2,496,314.1373596191406,110.9212417602539,22.032833099365234,22.032833099365234,381.2681882146994,0.8,0.74690485
88,2,497,313.0846862792969,110.95343017578125,22.105579376220703,22.105579376220703,383.7900272411316,0.8,0.742401
88,2,498,312.1593322753906,111.02312469482422,20.11751365661621,20.11751365661621,317.8619116863209,0.8,0.77534086
88,2,499,311.0735778808594,112.04840087890625,18.390596389770508,18.390596389770508,265.6326823730482,0.8,0.79670846
88,2,500,310.1326904296875,112.05927276611328,16.369993209838867,16.369993209838867,210.46839049120996,0.8,0.82439786
89,3,164,449.9804382324219,304.91064453125,20.71772575378418,20.71772575378418,337.11186727104996,0.8,0.61662006
89,3,165,450.99176025390625,304.9117126464844,20.103439331054688,20.103439331054688,317.4173113052819,0.8,0.6244631
89,3,166,450.9521484375,304.8978576660156,20.740877151489258,20.740877151489258,337.8657117523385,0.8,0.61206704
89,3,167,450.9708251953125,305.8291931152344,20.71772575378418,20.71772575378418,337.11186727104996,0.8,0.6139878
89,3,168,451.9874572753906,305.91326904296875,20.731792449951172,20.731792449951172,337.5697997797056,0.8,0.61348987
89,3,169,451.9569396972656,306.8710021972656,19.929256439208984,19.929256439208984,311.94072149429377,0.8,0.6345981
89,3,170,451.9498596191406,306.8652038574219,19.96957015991211,19.96957015991211,313.20401099747517,0.8,0.63208824
89,3,171,451.96380615234375,306.8796081542969,20.022489547729492,20.022489547729492,314.8661925767669,0.8,0.63203925
89,3,172,452.9986267089844,307.904296875,19.991065979003906,19.991065979003906,313.8786574996099,0.8,0.6483591
89,3,173,452.9675598144531,307.8893737792969,18.5201416015625,18.5201416015625,269.388149590712,0.8,0.6707186
89,3,174,452.9787902832031,308.9089660644531,18.510879516601562,18.510879516601562,269.11877022278003,0.8,0.6701646
89,3,175,454.014892578125,308.94378662109375,18.60394859313965,18.60394859313965,271.8317261565842,0.8,0.67417306
89,3,176,454.01409912109375,308.8921813964844,18.66840362548828,18.66840362548828,273.7185593749642,0.8,0.67410785
89,3,177,453.97705078125,309.9516906738281,16.5283260345459,16.5283260345459,214.55943827213682,0.8,0.7243911
89,3,178,454.0348205566406,309.9296569824219,16.5283260345459,16.5283260345459,214.55943827213682,0.8,0.727892
89,3,179,454.93896484375,310.0016174316406,16.5283260345459,16.5283260345459,214.55943827213682,0.8,0.7265215
89,3,180,455.03765869140625,310.9964599609375,14.893841743469238,14.893841743469238,174.2221428770085,0.8,0.76993465
89,3,181,455.0185241699219,310.98052978515625,15.512779235839844,15.512779235839844,189.00317745782777,0.8,0.77239215
89,3,182,455.9747009277344,311.9674072265625,15.403347969055176,15.403347969055176,186.3460254881948,0.8,0.7692549
89,3,183,456.06512451171875,311.981201171875,15.414061546325684,15.414061546325684,186.6053362357169,0.8,0.7710849
89,3,184,456.0186462402344,312.000244140625,15.304825782775879,15.304825782775879,183.9698532846334,0.8,0.7697952
89,3,185,456.1104736328125,313.04144287109375,13.746885299682617,13.746885299682617,148.4220751892667,0.8,0.8067061
89,3,186,456.99365234375,312.97906494140625,14.14441967010498,14.14441967010498,157.1303755301338,0.8,0.7717124
89,3,187,456.9853820800781,313.90643310546875,13.867645263671875,13.867645263671875,151.04116578396275,0.8,0.7984487
89,3,188,457.0204772949219,314.0236511230469,14.167926788330078,14.167926788330078,157.65309073967967,0.8,0.7692897
89,3,189,458.11090087890625,314.0081787109375,14.09111213684082,14.09111213684082,155.94822048534752,0.8,0.78113914
89,3,190,457.9898986816406,314.91461181640625,14.167926788330078,14.167926788330078,157.65309073967967,0.8,0.77818865
89,3,191,457.99212646484375,314.943115234375,14.167926788330078,14.167926788330078,157.65309073967967,0.8,0.7740131
89,3,192,458.0282287597656,315.0975646972656,12.5332612991333,12.5332612991333,123.37241600913846,0.8,0.812368
89,3,193,458.9173889160156,315.9046630859375,12.5332612991333,12.5332612991333,123.37241600913846,0.8,0.81218237
89,3,194,459.0161437988281,316.0067443847656,12.68738079071045,12.68738079071045,126.42525280815923,0.8,0.8162896
89,3,195,459.0546569824219,317.0319519042969,12.649110794067383,12.649110794067383,125.66370919140154,0.8,0.8130641
89,3,196,459.99383544921875,317.0020751953125,12.560359001159668,12.560359001159668,123.90647061690795,0.8,0.8151525
89,3,197,459.93939208984375,316.9222106933594,12.66197395324707,12.66197395324707,125.91941952765487,0.8,0.8148509
89,3,198,459.9627990722656,317.9422912597656,12.649916648864746,12.649916648864746,125.67972137286245,0.8,0.81501335
89,3,199,459.922607421875,318.00372314453125,12.700246810913086,12.700246810913086,126.6817934810987,0.8,0.8135515
89,3,200,460.8551330566406,319.004150390625,12.502135276794434,12.502135276794434,122.7603926736185,0.8,0.8109526
89,3,201,460.9853820800781,319.05181884765625,12.560359001159668,12.560359001159668,123.90647061690795,0.8,0.8115559
89,3,202,460.9643859863281,318.9760437011719,12.68738079071045,12.68738079071045,126.42525280815923,0.8,0.81257695
89,3,203,461.96295166015625,319.9134521484375,14.340418815612793,14.340418815612793,161.5152566204317,0.8,0.77193904
89,3,204,461.104248046875,319.98486328125,12.6311616897583,12.6311616897583,125.30732829697322,0.8,0.8134122
89,3,205,460.9873352050781,319.9118957519531,12.434091567993164,12.434091567993164,121.42776570248397,0.8,0.8084697
89,3,206,461.12481689453125,320.90093994140625,12.634108543395996,12.634108543395996,125.3658035884467,0.8,0.81696254
89,3,207,459.9007873535156,320.94110107421875,12.5332612991333,12.5332612991333,123.37241600913846,0.8,0.8190973
89,3,208,459.9254455566406,321.88555908203125,12.724505424499512,12.724505424499512,127.16620290944219,0.8,0.81392276
89,3,209,459.9614562988281,322.01251220703125,12.649443626403809,12.649443626403809,125.67032238293393,0.8,0.8151989
89,3,210,460.0530090332031,322.0137939453125,12.517690658569336,12.517690658569336,123.06606409733095,0.8,0.8128785
89,3,211,459.0030822753906,322.9017639160156,12.535707473754883,12.535707473754883,123.42057903977557,0.8,0.81271607
89,3,212,458.9534606933594,322.98931884765625,12.410860061645508,12.410860061645508,120.97444515186345,0.8,0.8136674
89,3,213,458.9897155761719,323.99444580078125,12.68738079071045,12.68738079071045,126.42525280815923,0.8,0.81445646
89,3,214,458.0576171875,324.0655212402344,12.399670600891113,12.399670600891113,120.75640569472273,0.8,0.8082377
89,3,215,457.958740234375,323.8525390625,12.434091567993164,12.434091567993164,121.42776570248397,0.8,0.8151293
89,3,216,457.91864013671875,324.8951721191406,14.256820678710938,14.256820678710938,159.63762412610095,0.8,0.77281046
89,3,217,457.9796447753906,325.0431823730469,14.142135620117188,14.142135620117188,157.07963259921203,0.8,0.77464056
89,3,218,456.910888671875,324.9548645019531,14.25548267364502,14.25548267364502,159.60766149535783,0.8,0.7747625
89,3,219,457.0080261230469,326.0185852050781,14.167926788330078,14.167926788330078,157.65309073967967,0.8,0.7712069
89,3,220,456.9476318359375,326.0228576660156,14.142135620117188,14.142135620117188,157.07963259921203,0.8,0.77171236
89,3,221,455.9338684082031,326.9651184082031,14.16135025024414,14.16135025024414,157.50676433145458,0.8,0.7702135
89,3,222,456.03240966796875,327.01312255859375,14.205336570739746,14.205336570739746,158.48674188796832,0.8,0.77439654
89,3,223,455.96661376953125,326.9353942871094,14.27700138092041,14.27700138092041,160.08988196577027,0.8,0.77681917
89,3,224,455.9640197753906,327.9134216308594,15.81825065612793,15.81825065612793,196.52001452102047,0.8,0.77312416
89,3,225,455.0069580078125,327.9443359375,15.938516616821289,15.938516616821289,199.51965283761947,0.8,0.7561274
89,3,226,454.9653625488281,328.92327880859375,15.498842239379883,15.498842239379883,188.6637214139867,0.8,0.77134645
89,3,227,454.8852233886719,328.95953369140625,15.889083862304688,15.889083862304688,198.2839655171598,0.8,0.7589869
89,3,228,454.0329284667969,328.923095703125,15.938516616821289,15.938516616821289,199.51965283761947,0.8,0.7535846
89,3,229,453.974853515625,329.9690856933594,16.737890243530273,16.737890243530273,220.03476954742192,0.8,0.7248118
89,3,230,453.9944763183594,329.9437561035156,18.305465698242188,18.305465698242188,263.1791290296603,0.8,0.67368424
89,3,231,453.98828125,329.98504638671875,18.258136749267578,18.258136749267578,261.8199842546478,0.8,0.6757156
89,3,232,453.0038757324219,330.9930419921875,18.92135238647461,18.92135238647461,281.18634675898085,0.8,0.6745967
89,3,233,453.0019836425781,330.9609069824219,18.868568420410156,18.868568420410156,279.619711552199,0.8,0.6731411
89,3,234,452.97900390625,331.9659423828125,20.099750518798828,20.099750518798828,317.3008351715834,0.8,0.61693126
89,3,235,451.993408203125,331.951171875,20.060213088989258,20.060213088989258,316.05376289138013,0.8,0.6250981
89,3,236,452.0341491699219,331.9635009765625,20.060213088989258,20.060213088989258,316.05376289138013,0.8,0.6442549
89,3,237,451.99151611328125,332.9817810058594,20.099750518798828,20.099750518798828,317.3008351715834,0.8,0.61639774
89,3,238,452.05047607421875,332.9927673339844,20.08112335205078,20.08112335205078,316.7129993312897,0.8,0.6337815
89,3,239,451.0044250488281,333.96942138671875,20.827686309814453,20.827686309814453,340.6998461630898,0.8,0.617447
89,3,240,451.0226745605469,334.0347595214844,20.880613327026367,20.880613327026367,342.4336093829699,0.8,0.61566854
89,3,241,450.9853515625,333.986328125,20.07928466796875,20.07928466796875,316.6550037221684,0.8,0.61848736
89,3,242,450.05224609375,334.9708557128906,20.099750518798828,20.099750518798828,317.3008351715834,0.8,0.63908505
89,3,243,450.041748046875,334.98907470703125,20.880613327026367,20.880613327026367,342.4336093829699,0.8,0.6159175
89,3,244,449.9944152832031,335.05023193359375,20.880613327026367,20.880613327026367,342.4336093829699,0.8,0.6207994
89,3,245,450.022216796875,335.989990234375,20.880613327026367,20.880613327026367,342.4336093829699,0.8,0.61682457
89,3,246,449.0220642089844,335.94244384765625,20.095335006713867,20.095335006713867,317.161441224366,0.8,0.6262558
89,3,247,449.01275634765625,336.9754333496094,20.08112335205078,20.08112335205078,316.7129993312897,0.8,0.6175181
89,3,248,449.0074768066406,336.9730529785156,20.118085861206055,20.118085861206055,317.8799939040893,0.8,0.6216798
89,3,249,448.01068115234375,337.02972412109375,20.880613327026367,20.880613327026367,342.4336093829699,0.8,0.62244457
89,3,250,448.0305480957031,337.9866027832031,20.880613327026367,20.880613327026367,342.4336093829699,0.8,0.6213419
89,3,251,448.05316162109375,338.00921630859375,20.880613327026367,20.880613327026367,342.4336093829699,0.8,0.6229603
89,3,252,448.0634765625,338.9557800292969,20.099750518798828,20.099750518798828,317.3008351715834,0.8,0.6387489
89,3,253,447.01068115234375,339.02008056640625,20.880613327026367,20.880613327026367,342.4336093829699,0.8,0.6182384
89,3,254,446.9954833984375,338.9892578125,20.880613327026367,20.880613327026367,342.4336093829699,0.8,0.6223556
89,3,255,447.0695495605469,339.9555969238281,20.827686309814453,20.827686309814453,340.6998461630898,0.8,0.62225777
89,3,256,446.0618896484375,339.9900207519531,20.12326431274414,20.12326431274414,318.0436613636531,0.8,0.6403082
89,3,257,446.07611083984375,339.9403991699219,20.827686309814453,20.827686309814453,340.6998461630898,0.8,0.61787385
89,3,258,446.043212890625,340.95697021484375,20.054180145263672,20.054180145263672,315.86369034928157,0.8,0.64367646
89,3,259,446.0756530761719,340.9936828613281,20.733837127685547,20.733837127685547,337.63638885941947,0.8,0.61852294
89,3,260,445.09295654296875,341.9895935058594,20.827686309814453,20.827686309814453,340.6998461630898,0.8,0.6182651
89,3,261,444.9957275390625,341.9988098144531,20.099750518798828,20.099750518798828,317.3008351715834,0.8,0.61707354
89,3,262,445.02069091796875,341.99627685546875,20.08112335205078,20.08112335205078,316.7129993312897,0.8,0.6158197
89,3,263,444.0501403808594,343.0057067871094,20.880613327026367,20.880613327026367,342.4336093829699,0.8,0.61498374
89,3,264,444.0525207519531,343.0255126953125,20.880613327026367,20.880613327026367,342.4336093829699,0.8,0.6156508
89,3,265,444.0494384765625,344.0221252441406,20.880613327026367,20.880613327026367,342.4336093829699,0.8,0.61529505
89,3,266,444.09649658203125,343.9405822753906,20.827686309814453,20.827686309814453,340.6998461630898,0.8,0.61480594
89,3,267,443.10205078125,343.9730529785156,20.827686309814453,20.827686309814453,340.6998461630898,0.8,0.6163976
89,3,268,443.0580749511719,345.017333984375,20.07268524169922,20.07268524169922,316.446888944324,0.8,0.6314846
89,3,269,443.07373046875,345.01531982421875,20.827686309814453,20.827686309814453,340.6998461630898,0.8,0.61550844
89,3,270,442.05908203125,344.975830078125,20.64171600341797,20.64171600341797,334.6427946945265,0.8,0.6127696
89,3,271,442.0758972167969,345.9875793457031,20.740877151489258,20.740877151489258,337.8657117523385,0.8,0.6129386
89,3,272,442.0839538574219,345.99029541015625,20.66187858581543,20.66187858581543,335.2968641763144,0.8,0.61233383
89,3,273,442.02117919921875,346.97650146484375,20.695724487304688,20.695724487304688,336.39625302677285,0.8,0.61385447
89,3,274,441.07366943359375,346.9429931640625,20.438095092773438,20.438095092773438,328.073167966312,0.8,0.6105109
89,3,275,441.1517639160156,346.9494934082031,19.96133804321289,19.96133804321289,312.9458381362935,0.8,0.6395687
89,3,276,441.1131286621094,347.9606628417969,20.617176055908203,20.617176055908203,333.84758608697615,0.8,0.61188036
89,3,277,440.1093444824219,347.9482727050781,20.40381622314453,20.40381622314453,326.9735991073469,0.8,0.61101776
89,3,278,440.1291809082031,348.988525390625,20.476709365844727,20.476709365844727,329.31401493698326,0.8,0.6103597
89,3,279,440.1498718261719,348.965087890625,20.581649780273438,20.581649780273438,332.698045257415,0.8,0.60971946
89,3,280,440.1046142578125,348.9322814941406,20.509258270263672,20.509258270263672,330.36177405554184,0.8,0.6092571
89,3,281,439.11376953125,349.9405517578125,20.530710220336914,20.530710220336914,331.05322866729045,0.8,0.61128455
89,3,282,439.12451171875,349.9615173339844,20.348478317260742,20.348478317260742,325.2024110782361,0.8,0.6088569
89,3,283,439.1629333496094,349.9500427246094,20.55267906188965,20.55267906188965,331.76209329007304,0.8,0.6086701
89,3,284,438.1728210449219,350.9497985839844,20.509258270263672,20.509258270263672,330.36177405554184,0.8,0.60958606
89,3,285,438.0967102050781,350.9320068359375,20.56067657470703,20.56067657470703,332.0203358101305,0.8,0.61209375
89,3,286,438.1300048828125,351.9209289550781,20.50345230102539,20.50345230102539,330.1747561947316,0.8,0.61263615
89,3,287,438.122802734375,351.9543151855469,20.50345230102539,20.50345230102539,330.1747561947316,0.8,0.6120582
89,3,288,437.1260070800781,351.9608459472656,20.34518814086914,20.34518814086914,325.09725463597675,0.8,0.61059093
89,3,289,437.1332092285156,352.927734375,20.57155990600586,20.57155990600586,332.37192381926235,0.8,0.612405
89,3,290,437.1529541015625,352.9809265136719,20.450424194335938,20.450424194335938,328.46910187294844,0.8,0.61443245
89,3,291,436.1169738769531,353.9095153808594,20.413511276245117,20.413511276245117,327.28440170467974,0.8,0.61670893
89,3,292,436.09197998046875,353.91064453125,20.522876739501953,20.522876739501953,330.8006505189082,0.8,0.6170825
89,3,293,436.1624450683594,353.9380798339844,20.348594665527344,20.348594665527344,325.2061299651627,0.8,0.6124583
89,3,294,436.10565185546875,354.98114013671875,20.34518814086914,20.34518814086914,325.09725463597675,0.8,0.61529505
89,3,295,435.0287780761719,354.9447021484375,20.330711364746094,20.330711364746094,324.6347683008788,0.8,0.6177316
89,3,296,435.04931640625,354.956298828125,20.35826873779297,20.35826873779297,325.5154206559043,0.8,0.61791825
89,3,297,435.0925598144531,355.9754943847656,20.251296997070312,20.251296997070312,322.1035913936007,0.8,0.61604196
89,3,298,434.0700378417969,355.9358215332031,20.24867820739746,20.24867820739746,322.020291344325,0.8,0.6166467
89,3,299,434.0871887207031,357.0068359375,20.170595169067383,20.170595169067383,319.54152787410555,0.8,0.6319421
89,3,300,434.08673095703125,356.9642028808594,20.24580955505371,20.24580955505371,321.9290558751558,0.8,0.6141212
89,3,301,434.0390625,356.9723815917969,20.124635696411133,20.124635696411133,318.0870116608784,0.8,0.6097995
89,3,302,433.06964111328125,357.9520568847656,20.170595169067383,20.170595169067383,319.54152787410555,0.8,0.6131786
89,3,303,433.0680236816406,357.96923828125,20.16023826599121,20.16023826599121,319.2134650719444,0.8,0.6094527
89,3,304,433.0779724121094,358.9864807128906,20.238582611083984,20.238582611083984,321.6992653105736,0.8,0.61289406
89,3,305,431.9958801269531,359.0078125,20.08112335205078,20.08112335205078,316.7129993312897,0.8,0.6137122
89,3,306,432.04931640625,359.0594482421875,20.08112335205078,20.08112335205078,316.7129993312897,0.8,0.65149015
89,3,307,432.0788269042969,360.050537109375,20.094419479370117,20.094419479370117,317.13254264096685,0.8,0.65035295
89,3,308,432.0307312011719,359.9974060058594,20.056177139282227,20.056177139282227,315.9266008549366,0.8,0.62827265
89,3,309,431.04998779296875,360.02593994140625,20.09369468688965,20.09369468688965,317.109665529529,0.8,0.6326424
89,3,310,431.052001953125,361.00384521484375,20.145896911621094,20.145896911621094,318.7594699299759,0.8,0.60610026
89,3,311,431.0439147949219,360.9938659667969,20.118085861206055,20.118085861206055,317.8799939040893,0.8,0.60870576
89,3,312,430.0401611328125,362.01385498046875,18.864213943481445,18.864213943481445,279.4906655050989,0.8,0.6675031
89,3,313,430.0313415527344,362.0426330566406,18.841827392578125,18.841827392578125,278.82770446432477,0.8,0.66785073
89,3,314,430.0865173339844,362.0196228027344,18.256046295166016,18.256046295166016,261.7600338517357,0.8,0.66493946
89,3,315,430.0810546875,363.0680847167969,18.29213523864746,18.29213523864746,262.7959624507,0.8,0.6638857
89,3,316,429.003173828125,363.1116638183594,16.926761627197266,16.926761627197266,225.02855834842435,0.8,0.71665657
89,3,317,429.0437927246094,364.0630798339844,16.049924850463867,16.049924850463867,202.31863577495082,0.8,0.75186884
89,3,318,428.9920349121094,364.0451965332031,16.041648864746094,16.041648864746094,202.11004234347428,0.8,0.7363178
89,3,319,427.9879455566406,364.0013732910156,14.392656326293945,14.392656326293945,162.69409553242912,0.8,0.7684009
89,3,320,428.0157470703125,365.13592529296875,14.400186538696289,14.400186538696289,162.8643825953288,0.8,0.7718519
89,3,321,428.02984619140625,365.0863342285156,14.374590873718262,14.374590873718262,162.28592933764378,0.8,0.7671634
89,3,322,428.03533935546875,365.0335388183594,14.413755416870117,14.413755416870117,163.17145196787502,0.8,0.7725839
89,3,323,427.02325439453125,365.98065185546875,14.422204971313477,14.422204971313477,163.36281502931462,0.8,0.77457076
89,3,324,427.07171630859375,365.9655456542969,13.07602596282959,13.07602596282959,134.28930611494502,0.8,0.8152454
89,3,325,427.01568603515625,366.96697998046875,13.289219856262207,13.289219856262207,138.70395804020342,0.8,0.8208609
89,3,326,426.9653625488281,367.0189514160156,13.237350463867188,13.237350463867188,137.62331528879164,0.8,0.82009506
89,3,327,425.98504638671875,367.1083679199219,12.914292335510254,12.914292335510254,130.98787829568187,0.8,0.8138764
89,3,328,425.99078369140625,368.0020751953125,13.521717071533203,13.521717071533203,143.5997124960669,0.8,0.8175658
89,3,329,425.9551086425781,367.9986877441406,12.767463684082031,12.767463684082031,128.02628507604172,0.8,0.8106277
89,3,330,425.0079650878906,369.0225830078125,11.837822914123535,11.837822914123535,110.06102655670853,0.8,0.8497164
89,3,331,424.98492431640625,369.02911376953125,11.75605583190918,11.75605583190918,108.54583435963954,0.8,0.8474478
89,3,332,424.940673828125,369.06378173828125,12.696736335754395,12.696736335754395,126.61177093207347,0.8,0.8096067
89,3,333,425.0147705078125,370.07586669921875,12.649916648864746,12.649916648864746,125.67972137286245,0.8,0.8081448
89,3,334,423.9541015625,369.9631042480469,12.734960556030273,12.734960556030273,127.37526181483831,0.8,0.80594033
89,3,335,423.9852294921875,370.008056640625,11.661903381347656,11.661903381347656,106.81414274183281,0.8,0.8513369
89,3,336,423.9834899902344,371.001708984375,12.649110794067383,12.649110794067383,125.66370919140154,0.8,0.81199676
89,3,337,422.99530029296875,371.0591125488281,11.708052635192871,11.708052635192871,107.66119939901759,0.8,0.8487766
89,3,338,422.9580993652344,372.052978515625,13.893514633178711,13.893514633178711,151.60521023756112,0.8,0.8151294
89,3,339,422.9542541503906,371.976806640625,12.931497573852539,12.931497573852539,131.33713148796133,0.8,0.81605756
89,3,340,422.87091064453125,371.9383239746094,12.996271133422852,12.996271133422852,132.65615576570266,0.8,0.81543094
89,3,341,421.88909912109375,372.99713134765625,12.79277515411377,12.79277515411377,128.5344119419031,0.8,0.8165681
89,3,342,422.0087890625,373.0176086425781,13.004171371459961,13.004171371459961,132.81748415493476,0.8,0.8168233
89,3,343,421.99365234375,374.0196533203125,12.835143089294434,12.835143089294434,129.38719882198538,0.8,0.8163591
89,3,344,421.0351257324219,374.04498291015625,12.774303436279297,12.774303436279297,128.16349363079163,0.8,0.81160223
89,3,345,420.99334716796875,374.03570556640625,14.422204971313477,14.422204971313477,163.36281502931462,0.8,0.76996946
89,3,346,420.9972229003906,375.0389404296875,14.50837516784668,14.50837516784668,165.32077634674258,0.8,0.77357733
89,3,347,421.0387268066406,375.1185302734375,14.484667778015137,14.484667778015137,164.7809334127382,0.8,0.770963
89,3,348,419.9661560058594,375.1054992675781,14.951333045959473,14.951333045959473,175.56975886866377,0.8,0.77322876
89,3,349,419.9376525878906,376.0729675292969,15.927412033081055,15.927412033081055,199.24173351394126,0.8,0.746538
89,3,350,419.98004150390625,376.14093017578125,16.06354522705078,16.06354522705078,202.6621670120829,0.8,0.73987895
89,3,351,419.0187072753906,377.1365661621094,16.192855834960938,16.192855834960938,205.9381372311748,0.8,0.7405998
89,3,352,418.9698486328125,377.09344482421875,16.16681480407715,16.16681480407715,205.27629854890571,0.8,0.7380335
89,3,353,419.03436279296875,377.10333251953125,17.072542190551758,17.072542190551758,228.92133538689038,0.8,0.7232377
89,3,354,419.0029602050781,378.0993347167969,18.404186248779297,18.404186248779297,266.0254096570731,0.8,0.66905653
89,3,355,417.9823303222656,378.0614013671875,18.732187271118164,18.732187271118164,275.5921628504151,0.8,0.66332084
89,3,356,418.0094909667969,379.1321716308594,18.735754013061523,18.735754013061523,275.69712226536745,0.8,0.6707403
89,3,357,418.0350341796875,379.10223388671875,20.088403701782227,20.088403701782227,316.94268761477724,0.8,0.6234641
89,3,358,416.9709777832031,379.11614990234375,20.095726013183594,20.095726013183594,317.1737837289237,0.8,0.6270308
89,3,359,416.99603271484375,380.09918212890625,20.095726013183594,20.095726013183594,317.1737837289237,0.8,0.62549955
89,3,360,417.0140380859375,380.08013916015625,20.095335006713867,20.095335006713867,317.161441224366,0.8,0.6245845
89,3,361,417.0052185058594,380.1128845214844,20.015865325927734,20.015865325927734,314.65788696423914,0.8,0.6239496
89,3,362,415.98638916015625,381.1429748535156,20.098037719726562,20.098037719726562,317.24675993123543,0.8,0.62625587
89,3,363,415.97369384765625,381.11822509765625,20.1009464263916,20.1009464263916,317.33859422400235,0.8,0.62694675
89,3,364,415.9924621582031,382.09637451171875,20.10179901123047,20.10179901123047,317.36551472877517,0.8,0.6287582
89,3,365,414.97845458984375,382.1026306152344,20.057479858398438,20.057479858398438,315.9676432715095,0.8,0.6286648
89,3,366,414.9866027832031,382.1429443359375,20.103439331054688,20.103439331054688,317.4173113052819,0.8,0.62797385
89,3,367,414.968017578125,383.09381103515625,20.037532806396484,20.037532806396484,315.33949964688617,0.8,0.6388333
89,3,368,414.9646911621094,383.12091064453125,20.096479415893555,20.096479415893555,317.1975663051206,0.8,0.62989736
89,3,369,413.9319152832031,384.0882568359375,20.103439331054688,20.103439331054688,317.4173113052819,0.8,0.6401863
89,3,370,413.96856689453125,384.0999755859375,20.081024169921875,20.081024169921875,316.7098708019339,0.8,0.6298693
89,3,371,413.95306396484375,384.0962829589844,20.08061408996582,20.08061408996582,316.6969357003493,0.8,0.6430196
89,3,372,412.9791259765625,385.0866394042969,20.113861083984375,20.113861083984375,317.74649898261856,0.8,0.6277498
89,3,373,412.9105224609375,385.1020202636719,19.97883415222168,19.97883415222168,313.4946724930731,0.8,0.6376274
89,3,374,412.958984375,385.0662841796875,19.869522094726562,19.869522094726562,310.0735520706326,0.8,0.65631586
89,3,375,412.96697998046875,386.1282043457031,20.001405715942383,20.001405715942383,314.2034287797316,0.8,0.6335098
89,3,376,411.9835205078125,386.1172790527344,20.065502166748047,20.065502166748047,316.22044639488286,0.8,0.6239776
89,3,377,411.9958801269531,387.0726013183594,20.095335006713867,20.095335006713867,317.161441224366,0.8,0.6225771
89,3,378,411.9285888671875,387.07550048828125,19.982318878173828,19.982318878173828,313.60404206741487,0.8,0.6333039
89,3,379,410.9238586425781,387.081298828125,20.008045196533203,20.008045196533203,314.4120634972765,0.8,0.6352647
89,3,380,410.93670654296875,388.06207275390625,20.103439331054688,20.103439331054688,317.4173113052819,0.8,0.6365
89,3,381,410.9853515625,388.06866455078125,20.022306442260742,20.022306442260742,314.8604337066697,0.8,0.6360294
89,3,382,410.976806640625,389.02618408203125,20.099750518798828,20.099750518798828,317.3008351715834,0.8,0.60730964
89,3,383,409.94464111328125,389.03546142578125,20.060213088989258,20.060213088989258,316.05376289138013,0.8,0.6333039
89,3,384,409.9572448730469,389.05877685546875,20.095726013183594,20.095726013183594,317.1737837289237,0.8,0.62416434
89,3,385,409.92218017578125,390.0501403808594,20.03728675842285,20.03728675842285,315.33175536326854,0.8,0.63314706
89,3,386,408.97021484375,390.0168762207031,20.08112335205078,20.08112335205078,316.7129993312897,0.8,0.6047041
89,3,387,409.01153564453125,390.01788330078125,20.08112335205078,20.08112335205078,316.7129993312897,0.8,0.6059046
89,3,388,408.9822998046875,390.9739685058594,20.03728675842285,20.03728675842285,315.33175536326854,0.8,0.61803925
89,3,389,409.0634460449219,391.03936767578125,20.07268524169922,20.07268524169922,316.446888944324,0.8,0.6453039
89,3,390,408.0254211425781,392.0035095214844,20.099750518798828,20.099750518798828,317.3008351715834,0.8,0.6087947
89,3,391,408.00079345703125,392.00830078125,20.03728675842285,20.03728675842285,315.33175536326854,0.8,0.60530883
89,3,392,408.0684814453125,392.0165100097656,20.08112335205078,20.08112335205078,316.7129993312897,0.8,0.6241177
89,3,393,406.9908752441406,393.0439453125,20.095726013183594,20.095726013183594,317.1737837289237,0.8,0.6064559
89,3,394,407.0177917480469,393.0474548339844,20.08814239501953,20.08814239501953,316.93444218818786,0.8,0.62540615
89,3,395,407.0198669433594,393.9618835449219,20.16023826599121,20.16023826599121,319.2134650719444,0.8,0.61320525
89,3,396,406.99041748046875,393.986328125,20.099750518798828,20.099750518798828,317.3008351715834,0.8,0.61009294
89,3,397,406.0186767578125,393.9804992675781,20.099750518798828,20.099750518798828,317.3008351715834,0.8,0.60901695
89,3,398,406.0343933105469,395.0141296386719,20.099750518798828,20.099750518798828,317.3008351715834,0.8,0.6093371
89,3,399,406.0143737792969,394.9710693359375,20.099750518798828,20.099750518798828,317.3008351715834,0.8,0.6080833
89,3,400,405.022705078125,395.9380798339844,20.317577362060547,20.317577362060547,324.2154640658601,0.8,0.614388
89,3,401,405.02374267578125,396.00091552734375,20.099750518798828,20.099750518798828,317.3008351715834,0.8,0.6090881
89,3,402,404.9734191894531,395.9585876464844,20.16023826599121,20.16023826599121,319.2134650719444,0.8,0.6112934
89,3,403,405.0209655761719,396.9729309082031,20.35651969909668,20.35651969909668,325.4594910857132,0.8,0.6179272
89,3,404,404.01116943359375,397.03045654296875,20.293434143066406,20.293434143066406,323.4453964470871,0.8,0.61242276
89,3,405,404.0337829589844,396.98687744140625,20.216339111328125,20.216339111328125,320.9925176720976,0.8,0.6140056
89,3,406,404.0461730957031,397.9871520996094,20.317577362060547,20.317577362060547,324.2154640658601,0.8,0.61903876
89,3,407,402.9812316894531,398.01580810546875,20.16749382019043,20.16749382019043,319.44327261059084,0.8,0.61793613
89,3,408,403.014404296875,398.9787902832031,20.421749114990234,20.421749114990234,327.54860516239427,0.8,0.6176337
89,3,409,403.0330505371094,399.0030212402344,20.211509704589844,20.211509704589844,320.839174551164,0.8,0.61455697
89,3,410,403.02825927734375,399.0196228027344,20.34130096435547,20.34130096435547,324.97303954579394,0.8,0.6128496
89,3,411,402.0676574707031,400.0128479003906,20.390153884887695,20.390153884887695,326.5358644950661,0.8,0.61089325
89,3,412,402.0481872558594,400.0187072753906,20.324007034301758,20.324007034301758,324.4206980833807,0.8,0.6134365
89,3,413,402.0378112792969,400.9952697753906,20.445070266723633,20.445070266723633,328.2971377536126,0.8,0.6109466
89,3,414,401.0412902832031,401.03216552734375,20.557125091552734,20.557125091552734,331.905644760388,0.8,0.6123872
89,3,415,401.0270690917969,401.0581359863281,20.31675148010254,20.31675148010254,324.1891067639641,0.8,0.6105109
89,3,416,401.0162353515625,402.0451354980469,20.588211059570312,20.588211059570312,332.91020247221456,0.8,0.6106176
89,3,417,401.0382080078125,402.03533935546875,20.413623809814453,20.413623809814453,327.28801015625197,0.8,0.61108005
89,3,418,400.0216979980469,402.02923583984375,20.37120819091797,20.37120819091797,325.9293389635032,0.8,0.6110444
89,3,419,400.0298767089844,403.0152282714844,20.39914894104004,20.39914894104004,326.8240287064679,0.8,0.61457473
89,3,420,400.07049560546875,403.0147705078125,20.665733337402344,20.665733337402344,335.4219841337514,0.8,0.6148059
89,3,421,399.0652770996094,404.0585632324219,20.30161476135254,20.30161476135254,323.70622136472895,0.8,0.6136321
89,3,422,399.0462341308594,404.0433044433594,20.341686248779297,20.341686248779297,324.9853502860257,0.8,0.6175092
89,3,423,399.05218505859375,404.033203125,20.419469833374023,20.419469833374023,327.47549351587213,0.8,0.614308
89,3,424,398.9947509765625,405.0643310546875,20.386138916015625,20.386138916015625,326.40728260567147,0.8,0.6138545
89,3,425,398.0233459472656,405.0422058105469,20.0,20.0,314.1592653589793,0.8,0.6537451
89,3,426,398.0412292480469,406.0643310546875,20.665733337402344,20.665733337402344,335.4219841337514,0.8,0.6168512
89,3,427,398.03594970703125,406.08331298828125,20.609529495239258,20.609529495239258,333.59999520238483,0.8,0.61743814
89,3,428,397.0212097167969,406.0597839355469,20.095726013183594,20.095726013183594,317.1737837289237,0.8,0.64164335
89,3,429,397.033203125,407.0364990234375,20.63718605041504,20.63718605041504,334.49593192460264,0.8,0.62168866
89,3,430,397.0417785644531,407.084228515625,20.103439331054688,20.103439331054688,317.4173113052819,0.8,0.6393931
89,3,431,397.0195007324219,407.0572204589844,20.496341705322266,20.496341705322266,329.94578674409206,0.8,0.62073714
89,3,432,395.9947814941406,408.0590515136719,20.534975051879883,20.534975051879883,331.1907819113809,0.8,0.62008804
89,3,433,395.93817138671875,408.10479736328125,20.64171600341797,20.64171600341797,334.6427946945265,0.8,0.6238851
89,3,434,395.9744567871094,409.1265563964844,20.665733337402344,20.665733337402344,335.4219841337514,0.8,0.62376946
89,3,435,394.9765930175781,409.0818786621094,20.534284591674805,20.534284591674805,331.16851061957794,0.8,0.61861193
89,3,436,394.934814453125,409.0818176269531,20.62740135192871,20.62740135192871,334.1788183480065,0.8,0.62208885
89,3,437,394.9521484375,410.12408447265625,20.531269073486328,20.531269073486328,331.07125168310426,0.8,0.6222667
89,3,438,394.9372863769531,410.04803466796875,20.56216049194336,20.56216049194336,332.06826307329345,0.8,0.6195456
89,3,439,393.9808349609375,411.07940673828125,20.603166580200195,20.603166580200195,333.3940379771769,0.8,0.61882526
89,3,440,394.0247497558594,411.128173828125,20.724687576293945,20.724687576293945,337.33846620694806,0.8,0.62216
89,3,441,393.9148864746094,411.0577697753906,19.968311309814453,19.968311309814453,313.1645244717886,0.8,0.64960784
89,3,442,392.8878479003906,412.1220397949219,20.619068145751953,20.619068145751953,333.90886495564695,0.8,0.621662
89,3,443,392.9454040527344,412.1107482910156,20.57155990600586,20.57155990600586,332.37192381926235,0.8,0.62015027
89,3,444,392.9603576660156,412.0960388183594,20.576080322265625,20.576080322265625,332.51801138205286,0.8,0.6192166
89,3,445,392.9031066894531,413.0519104003906,20.724687576293945,20.724687576293945,337.33846620694806,0.8,0.62173307
89,3,446,391.9353942871094,413.11798095703125,20.64244842529297,20.64244842529297,334.6665431126806,0.8,0.61813176
89,3,447,391.8841552734375,414.0392761230469,20.634990692138672,20.634990692138672,334.4247691845118,0.8,0.61914545
89,3,448,391.8851623535156,414.0729675292969,20.63840103149414,20.63840103149414,334.5353189021284,0.8,0.6162287
89,3,449,391.9159851074219,414.10748291015625,20.62227439880371,20.62227439880371,334.0127182964726,0.8,0.6158997
89,3,450,390.9149475097656,415.1062316894531,20.1624755859375,20.1624755859375,319.28431961959217,0.8,0.6498824
89,3,451,390.93011474609375,415.05908203125,20.724687576293945,20.724687576293945,337.33846620694806,0.8,0.616371
89,3,452,390.9109191894531,416.12530517578125,20.740877151489258,20.740877151489258,337.8657117523385,0.8,0.61847854
89,3,453,389.9199523925781,416.0479736328125,20.880613327026367,20.880613327026367,342.4336093829699,0.8,0.62030154
89,3,454,389.92449951171875,416.0533447265625,20.880613327026367,20.880613327026367,342.4336093829699,0.8,0.6236361
89,3,455,389.89788818359375,417.06036376953125,20.827686309814453,20.827686309814453,340.6998461630898,0.8,0.61806947
89,3,456,389.9638366699219,417.0359191894531,20.880613327026367,20.880613327026367,342.4336093829699,0.8,0.6234672
89,3,457,388.9282531738281,417.05938720703125,20.24580955505371,20.24580955505371,321.9290558751558,0.8,0.6241519
89,3,458,388.92962646484375,418.0260925292969,20.880613327026367,20.880613327026367,342.4336093829699,0.8,0.6255124
89,3,459,388.95404052734375,418.0845947265625,20.880613327026367,20.880613327026367,342.4336093829699,0.8,0.62620604
89,3,460,387.9671630859375,419.0403137207031,20.173471450805664,20.173471450805664,319.6326661854677,0.8,0.623974
89,3,461,387.962890625,419.0638732910156,20.880613327026367,20.880613327026367,342.4336093829699,0.8,0.6259659
89,3,462,387.98065185546875,419.0096130371094,20.880613327026367,20.880613327026367,342.4336093829699,0.8,0.62669516
89,3,463,387.92694091796875,420.0049133300781,20.880613327026367,20.880613327026367,342.4336093829699,0.8,0.62427634
89,3,464,387.0094909667969,420.0169372558594,20.880613327026367,20.880613327026367,342.4336093829699,0.8,0.6223023
89,3,465,386.9868469238281,421.02471923828125,20.908443450927734,20.908443450927734,343.34702322772574,0.8,0.6240807
89,3,466,386.9886779785156,421.03985595703125,20.880613327026367,20.880613327026367,342.4336093829699,0.8,0.621991
89,3,467,386.0104675292969,420.9713439941406,20.118085861206055,20.118085861206055,317.8799939040893,0.8,0.62484545
89,3,468,385.9190979003906,422.0264587402344,20.880613327026367,20.880613327026367,342.4336093829699,0.8,0.6254591
89,3,469,385.9693603515625,421.9933776855469,20.880613327026367,20.880613327026367,342.4336093829699,0.8,0.6259393
89,3,470,386.0132751464844,422.000244140625,20.880613327026367,20.880613327026367,342.4336093829699,0.8,0.62747765
89,3,471,384.922119140625,422.988525390625,20.880613327026367,20.880613327026367,342.4336093829699,0.8,0.6258948
89,3,472,384.97528076171875,423.0277099609375,20.827686309814453,20.827686309814453,340.6998461630898,0.8,0.6294518
89,3,473,384.9715270996094,423.98907470703125,20.880613327026367,20.880613327026367,342.4336093829699,0.8,0.63094574
89,3,474,383.9501647949219,424.03228759765625,20.880613327026367,20.880613327026367,342.4336093829699,0.8,0.6278868
89,3,475,383.9847412109375,424.0354309082031,20.07928466796875,20.07928466796875,316.6550037221684,0.8,0.6264906
89,3,476,383.9734191894531,425.00567626953125,20.6718807220459,20.6718807220459,335.6215681122109,0.8,0.62312037
89,3,477,383.9267272949219,424.97125244140625,20.827686309814453,20.827686309814453,340.6998461630898,0.8,0.6253968
89,3,478,383.0022277832031,426.0706787109375,20.64171600341797,20.64171600341797,334.6427946945265,0.8,0.62241787
89,3,479,382.9170227050781,426.0240173339844,20.720394134521484,20.720394134521484,337.1987108515508,0.8,0.62382287
89,3,480,382.94830322265625,426.05780029296875,20.591625213623047,20.591625213623047,333.0206249810696,0.8,0.62256896
89,3,481,381.990478515625,427.0579833984375,20.669492721557617,20.669492721557617,335.5440310765622,0.8,0.619759
89,3,482,381.9067077636719,426.9880676269531,20.609529495239258,20.609529495239258,333.59999520238483,0.8,0.6177938
89,3,483,381.9759521484375,427.0412902832031,20.646207809448242,20.646207809448242,334.78845255280385,0.8,0.6146192
89,3,484,381.9659118652344,428.02008056640625,20.4883975982666,20.4883975982666,329.69007118921274,0.8,0.614628
89,3,485,380.963623046875,428.0284118652344,20.638444900512695,20.638444900512695,334.53674108126785,0.8,0.61750036
89,3,486,380.9895935058594,429.0985412597656,20.657434463500977,20.657434463500977,335.15264301863857,0.8,0.61610425
89,3,487,380.94134521484375,429.10797119140625,20.553335189819336,20.553335189819336,331.7832761100225,0.8,0.61646885
89,3,488,379.9826965332031,429.0831298828125,20.591976165771484,20.591976165771484,333.0319767125205,0.8,0.619261
89,3,489,379.96343994140625,430.0714416503906,20.617176055908203,20.617176055908203,333.84758608697615,0.8,0.61406785
89,3,490,379.9878845214844,430.0171813964844,20.574527740478516,20.574527740478516,332.4678325411027,0.8,0.6117825
89,3,491,379.9761962890625,431.11773681640625,20.593265533447266,20.593265533447266,333.07368364786174,0.8,0.6176871
89,3,492,378.9997863769531,431.046142578125,20.731792449951172,20.731792449951172,337.5697997797056,0.8,0.62118185
89,3,493,378.9942321777344,431.1067810058594,20.629056930541992,20.629056930541992,334.2324636422283,0.8,0.61918104
89,3,494,379.02783203125,432.07183837890625,20.591754913330078,20.591754913330078,333.0248201636329,0.8,0.6171891
89,3,495,378.0150451660156,432.0522155761719,20.733003616333008,20.733003616333008,337.60924307789156,0.8,0.6186919
89,3,496,377.9878234863281,432.10992431640625,20.71088981628418,20.71088981628418,336.8894398198138,0.8,0.61766934
89,3,497,378.02392578125,433.02862548828125,20.66809844970703,20.66809844970703,335.49876399388364,0.8,0.61846966
89,3,498,377.98345947265625,433.02508544921875,20.077316284179688,20.077316284179688,316.59292302206376,0.8,0.61912763
89,3,499,377.01141357421875,434.0152587890625,20.880613327026367,20.880613327026367,342.4336093829699,0.8,0.6186919
89,3,500,377.0125732421875,434.0721130371094,20.099750518798828,20.099750518798828,317.3008351715834,0.8,0.6367694
91,4,164,444.9423828125,360.991943359375,11.713987350463867,11.713987350463867,107.77037220860832,0.8,0.84404474
91,4,167,449.9728088378906,349.3536682128906,26.94217300415039,26.94217300415039,570.1053577758263,0.8,0.79096264
91,4,168,449.68145751953125,350.03460693359375,27.801746368408203,27.801746368408203,607.0633796518406,0.8,0.78782034
91,4,169,449.2117004394531,350.6061096191406,27.48251724243164,27.48251724243164,593.202400211073,0.8,0.7850555
91,4,171,445.99432373046875,342.1871643066406,19.83164405822754,19.83164405822754,308.892468568464,0.8,0.76805985
91,4,172,443.96575927734375,337.99835205078125,14.192309379577637,14.192309379577637,158.1961904643353,0.8,0.8130893
91,4,173,444.092529296875,337.06243896484375,14.202533721923828,14.202533721923828,158.42420615701198,0.8,0.810719
91,4,174,443.9868469238281,336.99176025390625,14.240642547607422,14.240642547607422,159.2755275370503,0.8,0.81183445
91,4,175,444.07373046875,335.9909362792969,16.041732788085938,16.041732788085938,202.11215706301226,0.8,0.79305077
91,4,176,444.0069885253906,335.92987060546875,16.08576011657715,16.08576011657715,203.22309309194847,0.8,0.7874279
91,4,177,444.13519287109375,334.85858154296875,17.797456741333008,17.797456741333008,248.77444921450697,0.8,0.76349556
91,4,178,444.1059265136719,334.8638916015625,17.821779251098633,17.821779251098633,249.45487829704086,0.8,0.76143795
91,4,179,444.10577392578125,333.87396240234375,19.406652450561523,19.406652450561523,295.79521064531747,0.8,0.7436641
91,4,180,444.1729736328125,332.8629150390625,17.74547576904297,17.74547576904297,247.3233819761635,0.8,0.7588356
91,4,181,444.058349609375,332.85052490234375,17.63058090209961,17.63058090209961,244.1311096806489,0.8,0.7797816
91,4,182,443.1513671875,331.8776550292969,16.91387367248535,16.91387367248535,224.68601748329954,0.8,0.7745844
91,4,183,443.19158935546875,331.8271484375,16.993408203125,16.993408203125,226.80407905340562,0.8,0.7780311
91,4,184,443.215576171875,330.84564208984375,16.92980194091797,16.92980194091797,225.10940297438466,0.8,0.77595496
91,4,185,443.2730407714844,330.8768615722656,15.448904037475586,15.448904037475586,187.44990834287447,0.8,0.81274074
91,4,186,443.1791076660156,329.8146667480469,15.742660522460938,15.742660522460938,194.64629523189973,0.8,0.79666054
91,4,187,443.2254943847656,329.86578369140625,15.588995933532715,15.588995933532715,190.86494385174603,0.8,0.8083007
91,4,188,443.09259033203125,328.8830871582031,15.891776084899902,15.891776084899902,198.35116508663518,0.8,0.79541975
91,4,189,443.1436462402344,328.90972900390625,15.873165130615234,15.873165130615234,197.8868566450213,0.8,0.79912686
91,4,190,443.1767272949219,327.9192199707031,16.015321731567383,16.015321731567383,201.4471913209114,0.8,0.7984835
91,4,191,442.0866394042969,327.940673828125,15.989270210266113,15.989270210266113,200.7923512225507,0.8,0.79816175
91,4,192,442.0902404785156,326.9564514160156,14.330789566040039,14.330789566040039,161.29842215106498,0.8,0.81748146
91,4,193,442.00018310546875,326.93310546875,14.533502578735352,14.533502578735352,165.89391845353185,0.8,0.82204795
91,4,194,442.050537109375,325.968994140625,14.527243614196777,14.527243614196777,165.7510622403093,0.8,0.818597
91,4,195,442.05474853515625,325.8116149902344,14.925199508666992,14.925199508666992,174.9565361008705,0.8,0.8223094
91,4,196,442.0229797363281,324.99639892578125,15.232196807861328,15.232196807861328,182.22794018048,0.8,0.8235295
91,4,197,442.0689392089844,325.0498046875,15.424015045166016,15.424015045166016,186.84641165696084,0.8,0.8213856
91,4,198,442.01446533203125,323.8749084472656,14.693028450012207,14.693028450012207,169.55574928971657,0.8,0.8233377
91,4,199,441.879638671875,323.00146484375,15.334503173828125,15.334503173828125,184.68401218017152,0.8,0.8234422
91,4,200,441.97320556640625,322.9490051269531,14.508888244628906,14.508888244628906,165.33246942068317,0.8,0.81962526
91,4,201,440.949462890625,322.0151062011719,14.541531562805176,14.541531562805176,166.0772641459566,0.8,0.82161224
91,4,202,440.9715576171875,321.8887023925781,14.83881950378418,14.83881950378418,172.93726477187448,0.8,0.8251503
91,4,203,441.0472106933594,320.99261474609375,16.74958038330078,16.74958038330078,220.342231889294,0.8,0.7878418
91,4,204,440.9433898925781,320.83477783203125,14.922595024108887,14.922595024108887,174.89548072423256,0.8,0.8257255
91,4,205,441.0007629394531,319.96441650390625,14.475167274475098,14.475167274475098,164.56484444772545,0.8,0.8212985
91,4,206,441.1309509277344,320.0229797363281,15.380908012390137,15.380908012390137,185.80347450236852,0.8,0.82373863
91,4,207,441.07391357421875,318.936767578125,14.407322883605957,14.407322883605957,163.0258450036212,0.8,0.8201481
91,4,208,441.1142272949219,318.92669677734375,15.138570785522461,15.138570785522461,179.99466508554244,0.8,0.8245752
91,4,209,441.081787109375,317.9546813964844,14.726666450500488,14.726666450500488,170.33299479353445,0.8,0.82199574
91,4,210,440.0250244140625,317.9773254394531,14.496818542480469,14.496818542480469,165.05750918796582,0.8,0.82562095
91,4,211,440.0074462890625,316.93408203125,14.67248249053955,14.67248249053955,169.0818851216005,0.8,0.8228845
91,4,212,439.9852294921875,317.0147705078125,14.496818542480469,14.496818542480469,165.05750918796582,0.8,0.8249935
91,4,213,440.137451171875,316.06817626953125,14.75849437713623,14.75849437713623,171.07005290608333,0.8,0.81971234
91,4,214,440.1050109863281,315.9577331542969,14.635655403137207,14.635655403137207,168.23417868625341,0.8,0.8227276
91,4,215,440.0128173828125,315.1068420410156,14.509797096252441,14.509797096252441,165.35318325995559,0.8,0.82039213
91,4,216,440.0289611816406,314.03948974609375,16.453632354736328,16.453632354736328,212.624575465206,0.8,0.7860507
91,4,217,440.0046081542969,313.9930725097656,16.492422103881836,16.492422103881836,213.6282901181701,0.8,0.78625417
91,4,218,440.0627746582031,313.0185241699219,16.453632354736328,16.453632354736328,212.624575465206,0.8,0.7864577
91,4,219,440.0406188964844,312.9857482910156,16.453632354736328,16.453632354736328,212.624575465206,0.8,0.78508717
91,4,220,439.0682067871094,312.0519104003906,16.321569442749023,16.321569442749023,209.22506701587662,0.8,0.78504646
91,4,221,439.1300354003906,312.0594787597656,16.31988525390625,16.31988525390625,209.18189024365074,0.8,0.7887238
91,4,222,439.0404357910156,310.99151611328125,16.492422103881836,16.492422103881836,213.6282901181701,0.8,0.78923947
91,4,223,439.0540771484375,311.08905029296875,16.38382911682129,16.38382911682129,210.82431631907505,0.8,0.7868648
91,4,224,439.028564453125,310.09295654296875,18.34402084350586,18.34402084350586,264.28891727280666,0.8,0.74989957
91,4,225,439.0613708496094,310.0674743652344,18.278331756591797,18.278331756591797,262.3994936267278,0.8,0.7512574
91,4,226,439.083740234375,309.1195983886719,18.26836395263672,18.26836395263672,262.11338069570724,0.8,0.75029063
91,4,227,439.0678405761719,308.9945983886719,18.42215347290039,18.42215347290039,266.54508178167447,0.8,0.7553311
91,4,228,439.0431823730469,307.9901428222656,18.439180374145508,18.439180374145508,267.03802460125013,0.8,0.75334305
91,4,229,438.0644836425781,308.0457763671875,19.99103355407715,19.99103355407715,313.8776392963548,0.8,0.73621565
91,4,230,438.09796142578125,307.0340576171875,21.593820571899414,21.593820571899414,366.2257340494216,0.8,0.70836335
91,4,231,438.1051330566406,307.0625305175781,21.339139938354492,21.339139938354492,357.63803849132853,0.8,0.7086924
91,4,232,438.0156555175781,306.06939697265625,22.715463638305664,22.715463638305664,405.25939556056954,0.8,0.6627451
91,4,233,438.0569152832031,305.99078369140625,22.627662658691406,22.627662658691406,402.1325912415304,0.8,0.66286373
91,4,234,438.01336669921875,305.0293273925781,22.74720573425293,22.74720573425293,406.3927882667651,0.8,0.6623967
91,4,235,438.08929443359375,303.9167175292969,22.70250701904297,22.70250701904297,404.7972175235106,0.8,0.6618333
91,4,236,438.0799560546875,304.0284118652344,22.74720573425293,22.74720573425293,406.3927882667651,0.8,0.6617073
91,4,237,438.05987548828125,302.9913024902344,22.723207473754883,22.723207473754883,405.5357532919783,0.8,0.6629082
91,4,238,437.0849304199219,303.0048828125,22.638132095336914,22.638132095336914,402.504797219852,0.8,0.66076577
91,4,239,437.0621643066406,301.9967041015625,22.712831497192383,22.712831497192383,405.1654826092896,0.8,0.6621446
91,4,240,437.0052185058594,302.0048828125,22.66429901123047,22.66429901123047,403.43582776272257,0.8,0.662456
91,4,241,437.05523681640625,301.0022277832031,22.548538208007812,22.548538208007812,399.32515245883627,0.8,0.6626042
91,4,242,437.1269836425781,301.0450744628906,22.680709838867188,22.680709838867188,404.0202811183393,0.8,0.66288596
91,4,243,437.0882263183594,299.9916076660156,22.69280242919922,22.69280242919922,404.4512159711343,0.8,0.6626561
91,4,244,437.04803466796875,300.03948974609375,22.52269172668457,22.52269172668457,398.41021645363634,0.8,0.6633901
91,4,245,437.1208190917969,299.013671875,22.69280242919922,22.69280242919922,404.4512159711343,0.8,0.6639757
91,4,246,437.048583984375,299.0198059082031,22.741796493530273,22.741796493530273,406.1995324381184,0.8,0.66406465
91,4,247,437.0204162597656,297.96551513671875,22.715463638305664,22.715463638305664,405.25939556056954,0.8,0.6638719
91,4,248,436.14910888671875,298.0202331542969,22.778112411499023,22.778112411499023,407.49787200397276,0.8,0.66366434
91,4,249,436.064453125,297.0205078125,22.72458267211914,22.72458267211914,405.584840462516,0.8,0.66390896
91,4,250,436.0498046875,296.9905700683594,22.66429901123047,22.66429901123047,403.43582776272257,0.8,0.66249305
91,4,251,436.08978271484375,296.0694580078125,22.564559936523438,22.564559936523438,399.8928302488949,0.8,0.66568077
91,4,252,436.0996398925781,294.9778747558594,22.703227996826172,22.703227996826172,404.8229287310456,0.8,0.6626635
91,4,253,436.09356689453125,295.00714111328125,22.581741333007812,22.581741333007812,400.50204514888935,0.8,0.6611735
91,4,254,436.1022033691406,294.0008239746094,22.62755012512207,22.62755012512207,402.12859142025036,0.8,0.65922385
91,4,255,436.1131896972656,294.00341796875,22.712265014648438,22.712265014648438,405.145272332019,0.8,0.66502833
91,4,256,436.0725402832031,292.9969787597656,22.621362686157227,22.621362686157227,401.90869965879585,0.8,0.66169983
91,4,257,435.1353454589844,292.9406433105469,22.67934799194336,22.67934799194336,403.9717643600616,0.8,0.66363466
91,4,258,435.161865234375,292.0425720214844,22.736873626708984,22.736873626708984,406.02369322770664,0.8,0.66569555
91,4,259,435.024658203125,291.9727478027344,22.715463638305664,22.715463638305664,405.25939556056954,0.8,0.6638126
91,4,260,435.1242370605469,290.96234130859375,22.591941833496094,22.591941833496094,400.8639520493644,0.8,0.66144043
91,4,261,435.0675048828125,291.009521484375,22.65938949584961,22.65938949584961,403.26106304797355,0.8,0.66221875
91,4,262,435.1035461425781,289.9437255859375,22.62753677368164,22.62753677368164,402.12811686650326,0.8,0.6633901
91,4,263,435.1546936035156,289.9698791503906,22.71459197998047,22.71459197998047,405.2282941968415,0.8,0.6649394
91,4,264,435.1078796386719,288.9501647949219,22.581321716308594,22.581321716308594,400.4871609305019,0.8,0.6645465
91,4,265,435.0983581542969,288.9560852050781,22.62753677368164,22.62753677368164,402.12811686650326,0.8,0.6629453
91,4,266,435.0685119628906,287.98321533203125,22.703227996826172,22.703227996826172,404.8229287310456,0.8,0.66568077
91,4,267,434.0834655761719,287.9873962402344,22.528539657592773,22.528539657592773,398.61713469581167,0.8,0.66443527
91,4,268,434.0497741699219,286.9665832519531,22.66429901123047,22.66429901123047,403.43582776272257,0.8,0.6666296
91,4,269,434.0457763671875,286.9651794433594,22.62755012512207,22.62755012512207,402.12859142025036,0.8,0.6654287
91,4,270,434.1231384277344,285.9527282714844,22.581741333007812,22.581741333007812,400.50204514888935,0.8,0.66630346
91,4,271,434.0677490234375,284.958984375,22.74720573425293,22.74720573425293,406.3927882667651,0.8,0.6652285
91,4,272,434.0634460449219,284.9321594238281,22.730953216552734,22.730953216552734,405.81227332252183,0.8,0.6683346
91,4,273,434.0706481933594,283.9337463378906,22.725934982299805,22.725934982299805,405.633113545138,0.8,0.66591054
91,4,274,434.05279541015625,283.92529296875,22.686168670654297,22.686168670654297,404.21478509798226,0.8,0.6667482
91,4,275,434.1200866699219,282.9277038574219,22.75898551940918,22.75898551940918,406.8138034311652,0.8,0.66801596
91,4,276,433.092529296875,282.9727783203125,22.720151901245117,22.720151901245117,405.42669645327754,0.8,0.66958004
91,4,277,433.05511474609375,281.97393798828125,22.643861770629883,22.643861770629883,402.70856965414606,0.8,0.66858673
91,4,278,433.06109619140625,281.9367370605469,22.682634353637695,22.682634353637695,404.0888482833313,0.8,0.664843
91,4,279,433.0570068359375,280.94146728515625,22.66429901123047,22.66429901123047,403.43582776272257,0.8,0.6652285
91,4,280,433.0801086425781,280.8934020996094,22.682634353637695,22.682634353637695,404.0888482833313,0.8,0.66828275
91,4,281,433.0764465332031,279.9512939453125,22.74720573425293,22.74720573425293,406.3927882667651,0.8,0.6685941
91,4,282,433.06158447265625,279.9870910644531,22.72490882873535,22.72490882873535,405.5964829318516,0.8,0.66956526
91,4,283,433.0872497558594,278.9532775878906,22.753801345825195,22.753801345825195,406.6284917289204,0.8,0.66863865
91,4,284,433.0911865234375,278.9460754394531,22.668170928955078,22.668170928955078,403.5736836709745,0.8,0.6669336
91,4,285,433.1211242675781,277.93792724609375,22.640947341918945,22.640947341918945,402.6049133167407,0.8,0.66867566
91,4,286,432.0708923339844,277.9639587402344,22.697206497192383,22.697206497192383,404.60821760240526,0.8,0.6721302
91,4,287,432.0295715332031,276.9306335449219,22.712831497192383,22.712831497192383,405.1654826092896,0.8,0.67086256
91,4,288,432.0531005859375,275.9511413574219,22.6950740814209,22.6950740814209,404.53219481831115,0.8,0.6721524
91,4,289,431.98114013671875,275.9319763183594,22.725934982299805,22.725934982299805,405.633113545138,0.8,0.6706179
91,4,290,432.0039367675781,274.94744873046875,22.719223022460938,22.719223022460938,405.3935466257313,0.8,0.6722933
91,4,291,432.0867614746094,274.9602966308594,22.768882751464844,22.768882751464844,407.1677037472053,0.8,0.6723007
91,4,292,432.0677795410156,273.9154052734375,22.682374954223633,22.682374954223633,404.0796059872668,0.8,0.6702324
91,4,293,432.09979248046875,273.9868469238281,22.77609634399414,22.77609634399414,407.4257407539166,0.8,0.6712777
91,4,294,432.009765625,272.9297180175781,22.725719451904297,22.725719451904297,405.625419617395,0.8,0.67081064
91,4,295,431.0796813964844,272.9346618652344,22.765804290771484,22.765804290771484,407.05760918972504,0.8,0.6682753
91,4,296,431.0787048339844,271.920166015625,21.957576751708984,21.957576751708984,378.6680823736717,0.8,0.6942636
91,4,297,431.0989990234375,271.9393310546875,22.70827865600586,22.70827865600586,405.00306611673074,0.8,0.67244893
91,4,298,431.02301025390625,270.9947814941406,22.748544692993164,22.748544692993164,406.4406323138103,0.8,0.6727084
91,4,299,431.0863952636719,270.9482727050781,22.713275909423828,22.713275909423828,405.1813381628199,0.8,0.6700249
91,4,300,431.0146484375,269.9449768066406,22.707176208496094,22.707176208496094,404.9637426796546,0.8,0.67144823
91,4,301,431.02349853515625,269.9209289550781,22.712831497192383,22.712831497192383,405.1654826092896,0.8,0.6704697
91,4,302,431.06036376953125,268.9090270996094,22.757543563842773,22.757543563842773,406.76225554078866,0.8,0.6740206
91,4,303,431.06304931640625,268.9783630371094,22.734453201293945,22.734453201293945,405.93725234109957,0.8,0.6705957
91,4,304,431.02899169921875,267.9538879394531,22.730953216552734,22.730953216552734,405.81227332252183,0.8,0.6683124
91,4,305,430.08270263671875,267.9197082519531,22.736181259155273,22.736181259155273,405.99896569870293,0.8,0.6698247
91,4,306,430.1316833496094,266.9322814941406,22.632946014404297,22.632946014404297,402.3204018513961,0.8,0.6657326
91,4,307,430.04974365234375,265.8492736816406,22.819765090942383,22.819765090942383,408.98955813857344,0.8,0.66956526
91,4,308,430.0733947753906,265.8873596191406,22.730043411254883,22.730043411254883,405.77978873959427,0.8,0.6700842
91,4,309,430.0747375488281,264.9476623535156,22.731632232666016,22.731632232666016,405.8365184287935,0.8,0.6689426
91,4,310,430.02496337890625,264.8761901855469,22.709247589111328,22.709247589111328,405.0376287761528,0.8,0.6707587
91,4,311,430.09088134765625,263.888427734375,22.714706420898438,22.714706420898438,405.23237745881147,0.8,0.6684681
91,4,312,430.1294860839844,263.9460754394531,22.6950740814209,22.6950740814209,404.53219481831115,0.8,0.6678083
91,4,313,430.1233825683594,262.9349670410156,22.74720573425293,22.74720573425293,406.3927882667651,0.8,0.6659402
91,4,314,429.02667236328125,262.9499206542969,22.707176208496094,22.707176208496094,404.9637426796546,0.8,0.67009157
91,4,315,429.0233154296875,261.94366455078125,22.742603302001953,22.742603302001953,406.22835435088103,0.8,0.6694022
91,4,316,429.03802490234375,261.93231201171875,22.022611618041992,22.022611618041992,380.9145140712689,0.8,0.68921566
91,4,317,429.0776062011719,260.93048095703125,22.84058952331543,22.84058952331543,409.7363547415581,0.8,0.6721227
91,4,318,429.0182189941406,260.8780822753906,22.7629451751709,22.7629451751709,406.95537237308554,0.8,0.6740947
91,4,319,429.11004638671875,259.9532165527344,22.77593231201172,22.77593231201172,407.41987226703634,0.8,0.671589
91,4,320,429.0244445800781,259.9345703125,22.761363983154297,22.761363983154297,406.8988373129705,0.8,0.6746358
91,4,321,428.995361328125,258.8576965332031,22.82910919189453,22.82910919189453,409.32456791062657,0.8,0.67447275
91,4,322,429.0365905761719,258.90777587890625,22.747474670410156,22.747474670410156,406.4023977425098,0.8,0.6730791
91,4,323,429.03875732421875,257.9370422363281,22.804149627685547,22.804149627685547,408.4300101989358,0.8,0.6704845
91,4,324,427.9862976074219,257.9542236328125,22.72282600402832,22.72282600402832,405.522137404822,0.8,0.67310876
91,4,325,428.02850341796875,256.9990234375,22.78750991821289,22.78750991821289,407.8341820436158,0.8,0.6660291
91,4,326,428.08465576171875,256.0150146484375,22.746753692626953,22.746753692626953,406.3766364252075,0.8,0.6703881
91,4,327,428.03839111328125,255.99996948242188,22.738046646118164,22.738046646118164,406.06558869374953,0.8,0.66992104
91,4,328,428.0243835449219,255.0558319091797,22.73749542236328,22.73749542236328,406.0459009616507,0.8,0.6675044
91,4,329,428.0806884765625,255.0476837158203,22.742387771606445,22.742387771606445,406.2206547800059,0.8,0.66874236
91,4,330,428.04498291015625,254.01220703125,22.87428855895996,22.87428855895996,410.94629776630165,0.8,0.6681345
91,4,331,428.0300598144531,254.037841796875,22.308475494384766,22.308475494384766,390.86759513668886,0.8,0.6688091
91,4,332,428.07989501953125,253.0174560546875,22.882959365844727,22.882959365844727,411.25790626289205,0.8,0.67311615
91,4,333,427.0563049316406,253.01634216308594,22.821731567382812,22.821731567382812,409.0600499232935,0.8,0.67202646
91,4,334,427.0050048828125,252.0417938232422,22.74262809753418,22.74262809753418,406.22924014690085,0.8,0.6727529
91,4,335,427.0474853515625,252.09063720703125,22.14618492126465,22.14618492126465,385.2012832894421,0.8,0.6889793
91,4,336,427.0430908203125,251.08131408691406,22.74816131591797,22.74816131591797,406.42693308953403,0.8,0.67001003
91,4,337,427.0259704589844,251.12281799316406,22.996156692504883,22.996156692504883,415.33678781256657,0.8,0.6754735
91,4,338,427.08697509765625,250.114013671875,22.838340759277344,22.838340759277344,409.6556777502233,0.8,0.6722043
91,4,339,427.0689697265625,250.08567810058594,22.77609634399414,22.77609634399414,407.4257407539166,0.8,0.67274547
91,4,340,427.07421875,249.1254119873047,22.59191131591797,22.59191131591797,400.86286906244794,0.8,0.66652584
91,4,341,427.0556335449219,249.12225341796875,22.745771408081055,22.745771408081055,406.3415396482144,0.8,0.6710998
91,4,342,426.03955078125,248.06948852539062,22.122264862060547,22.122264862060547,384.3696220799945,0.8,0.68363947
91,4,343,426.02001953125,247.07473754882812,22.627662658691406,22.627662658691406,402.1325912415304,0.8,0.6687498
91,4,344,426.0655212402344,247.1050567626953,22.618635177612305,22.618635177612305,401.8117874310411,0.8,0.6674747
91,4,345,426.03485107421875,246.14773559570312,22.72490882873535,22.72490882873535,405.5964829318516,0.8,0.6656511
91,4,346,426.0718688964844,246.12911987304688,22.660789489746094,22.660789489746094,403.31089497019883,0.8,0.66532487
91,4,347,426.0437316894531,245.038818359375,22.730953216552734,22.730953216552734,405.81227332252183,0.8,0.6678528
91,4,348,426.0880126953125,245.08322143554688,22.730953216552734,22.730953216552734,405.81227332252183,0.8,0.6677787
91,4,349,426.0976867675781,244.06619262695312,22.70981788635254,22.70981788635254,405.0579724482027,0.8,0.66808265
91,4,350,426.01959228515625,244.0652618408203,22.617002487182617,22.617002487182617,401.75378122710134,0.8,0.66488755
91,4,351,426.0430603027344,243.06809997558594,22.6950740814209,22.6950740814209,404.53219481831115,0.8,0.6676526
91,4,352,425.05218505859375,243.1021270751953,22.707176208496094,22.707176208496094,404.9637426796546,0.8,0.6681049
91,4,353,424.98529052734375,242.154296875,22.82910919189453,22.82910919189453,409.32456791062657,0.8,0.67081803
91,4,354,424.9869689941406,242.02755737304688,22.730953216552734,22.730953216552734,405.81227332252183,0.8,0.6701361
91,4,355,425.09344482421875,241.03411865234375,22.66429901123047,22.66429901123047,403.43582776272257,0.8,0.67112195
91,4,356,425.05340576171875,241.0951690673828,22.70088005065918,22.70088005065918,404.73920025913577,0.8,0.6694021
91,4,357,425.0561828613281,240.05023193359375,22.721473693847656,22.721473693847656,405.4738709263037,0.8,0.6718633
91,4,358,425.0362854003906,240.12571716308594,22.652738571166992,22.652738571166992,403.02436952692403,0.8,0.66942436
91,4,359,425.0581359863281,239.0804901123047,22.699308395385742,22.699308395385742,404.68315939402027,0.8,0.6683939
91,4,360,425.0207824707031,239.10438537597656,22.655567169189453,22.655567169189453,403.12502535759484,0.8,0.6667334
91,4,361,424.0050048828125,238.03915405273438,22.715463638305664,22.715463638305664,405.25939556056954,0.8,0.6707736
91,4,362,424.0368957519531,237.0581817626953,22.74720573425293,22.74720573425293,406.3927882667651,0.8,0.6713073
91,4,363,424.012939453125,237.01947021484375,22.66429901123047,22.66429901123047,403.43582776272257,0.8,0.673383
91,4,364,424.0223388671875,236.1154327392578,22.696813583374023,22.696813583374023,404.5942092896457,0.8,0.67148525
91,4,365,424.0381164550781,236.0496826171875,22.627662658691406,22.627662658691406,402.1325912415304,0.8,0.6687572
91,4,366,424.0173034667969,235.10665893554688,22.56202507019043,22.56202507019043,399.80298866210927,0.8,0.6650654
91,4,367,424.0713806152344,235.07162475585938,22.56581687927246,22.56581687927246,399.9373829806521,0.8,0.66482824
91,4,368,424.0351867675781,234.0188751220703,22.715463638305664,22.715463638305664,405.25939556056954,0.8,0.67003965
91,4,369,424.027099609375,234.04336547851562,22.640369415283203,22.640369415283203,402.58436001303306,0.8,0.6685793
91,4,370,424.09100341796875,233.09130859375,22.59714698791504,22.59714698791504,401.0486904093529,0.8,0.6683495
91,4,371,423.0264587402344,233.10275268554688,22.74720573425293,22.74720573425293,406.3927882667651,0.8,0.6657697
91,4,372,423.0115661621094,232.04705810546875,22.66429901123047,22.66429901123047,403.43582776272257,0.8,0.6706031
91,4,373,423.0341796875,232.02011108398438,22.69280242919922,22.69280242919922,404.4512159711343,0.8,0.66876465
91,4,374,423.0625305175781,231.0303955078125,22.74720573425293,22.74720573425293,406.3927882667651,0.8,0.6682605
91,4,375,423.0654296875,231.11431884765625,22.564559936523438,22.564559936523438,399.8928302488949,0.8,0.6670003
91,4,376,423.0457458496094,230.0473175048828,22.638132095336914,22.638132095336914,402.504797219852,0.8,0.6683198
91,4,377,423.0251770019531,230.0732879638672,22.70981788635254,22.70981788635254,405.0579724482027,0.8,0.66883135
91,4,378,423.0068054199219,229.05848693847656,22.62743377685547,22.62743377685547,402.1244560327234,0.8,0.66705954
91,4,379,423.07647705078125,227.99539184570312,22.66429901123047,22.66429901123047,403.43582776272257,0.8,0.66822344
91,4,380,422.09454345703125,228.08407592773438,22.736181259155273,22.736181259155273,405.99896569870293,0.8,0.67575526
91,4,381,422.01910400390625,227.02261352539062,22.715463638305664,22.715463638305664,405.25939556056954,0.8,0.67241937
91,4,382,421.94696044921875,227.021240234375,22.715463638305664,22.715463638305664,405.25939556056954,0.8,0.6753846
91,4,383,422.04742431640625,225.991943359375,22.66429901123047,22.66429901123047,403.43582776272257,0.8,0.66801584
91,4,384,422.0885009765625,226.00436401367188,22.62753677368164,22.62753677368164,402.12811686650326,0.8,0.6694985
91,4,385,422.0555419921875,224.9888916015625,22.523624420166016,22.523624420166016,398.4432144904999,0.8,0.66909075
91,4,386,422.0274353027344,225.02635192871094,22.486473083496094,22.486473083496094,397.1298832380902,0.8,0.66729677
91,4,387,422.01800537109375,223.99623107910156,22.74720573425293,22.74720573425293,406.3927882667651,0.8,0.6717076
91,4,388,422.0526428222656,223.94680786132812,22.627506256103516,22.627506256103516,402.1270321732757,0.8,0.66837174
91,4,389,422.0388488769531,222.93258666992188,22.502017974853516,22.502017974853516,397.6791445367423,0.8,0.66930574
91,4,390,421.00482177734375,222.9315185546875,22.62755012512207,22.62755012512207,402.12859142025036,0.8,0.6681716
91,4,391,421.01800537109375,221.92420959472656,22.627662658691406,22.627662658691406,402.1325912415304,0.8,0.6702325
91,4,392,420.9962463378906,221.9068603515625,22.627662658691406,22.627662658691406,402.1325912415304,0.8,0.6705067
91,4,393,421.0760192871094,220.94003295898438,22.54070281982422,22.54070281982422,399.0476778015202,0.8,0.6631306
91,4,394,421.0052185058594,220.97462463378906,22.66429901123047,22.66429901123047,403.43582776272257,0.8,0.6712777
91,4,395,421.0650939941406,219.9710693359375,22.578121185302734,22.578121185302734,400.37364403746193,0.8,0.6655918
91,4,396,421.083740234375,219.906494140625,22.562620162963867,22.562620162963867,399.824079234102,0.8,0.667497
91,4,397,421.0112609863281,218.98809814453125,22.715463638305664,22.715463638305664,405.25939556056954,0.8,0.6709663
91,4,398,421.0574951171875,217.90713500976562,22.627662658691406,22.627662658691406,402.1325912415304,0.8,0.66929096
91,4,399,420.0256652832031,217.91160583496094,22.554031372070312,22.554031372070312,399.51973942039285,0.8,0.6682828
91,4,400,419.9578552246094,216.92242431640625,22.66429901123047,22.66429901123047,403.43582776272257,0.8,0.6718411
91,4,401,420.0772705078125,216.92813110351562,22.56202507019043,22.56202507019043,399.80298866210927,0.8,0.67108494
91,4,402,419.99713134765625,215.95651245117188,22.473896026611328,22.473896026611328,396.68576482989585,0.8,0.66221875
91,4,403,420.0544738769531,215.91136169433594,22.69280242919922,22.69280242919922,404.4512159711343,0.8,0.6691724
91,4,404,420.0140686035156,214.93699645996094,22.62753677368164,22.62753677368164,402.12811686650326,0.8,0.66724485
91,4,405,419.9752502441406,214.97654724121094,22.627662658691406,22.627662658691406,402.1325912415304,0.8,0.66849774
91,4,406,420.0029602050781,213.9535675048828,22.726316452026367,22.726316452026367,405.6467312952291,0.8,0.67101824
91,4,407,420.0621337890625,213.90182495117188,22.56581687927246,22.56581687927246,399.9373829806521,0.8,0.6691575
91,4,408,420.0194396972656,212.94886779785156,22.715463638305664,22.715463638305664,405.25939556056954,0.8,0.67191523
91,4,409,419.0496826171875,212.95529174804688,22.66429901123047,22.66429901123047,403.43582776272257,0.8,0.66929835
91,4,410,418.9790954589844,211.94956970214844,22.66429901123047,22.66429901123047,403.43582776272257,0.8,0.66790473
91,4,411,418.9943542480469,211.97288513183594,22.715463638305664,22.715463638305664,405.25939556056954,0.8,0.67092925
91,4,412,418.99395751953125,210.92454528808594,22.627662658691406,22.627662658691406,402.1325912415304,0.8,0.6712406
91,4,413,418.9741516113281,210.942138671875,22.721555709838867,22.721555709838867,405.4767981485343,0.8,0.67121094
91,4,414,419.0130615234375,209.9048614501953,22.528539657592773,22.528539657592773,398.61713469581167,0.8,0.66736346
91,4,415,419.0289001464844,208.94813537597656,22.564559936523438,22.564559936523438,399.8928302488949,0.8,0.6701954
91,4,416,419.0135498046875,208.92803955078125,22.66429901123047,22.66429901123047,403.43582776272257,0.8,0.67234516
91,4,417,418.9931640625,207.90826416015625,22.65752410888672,22.65752410888672,403.1946705296244,0.8,0.6700471
91,4,418,417.976806640625,207.9654998779297,22.66429901123047,22.66429901123047,403.43582776272257,0.8,0.6717002
91,4,419,417.9730224609375,206.90699768066406,22.70981788635254,22.70981788635254,405.0579724482027,0.8,0.67098856
91,4,420,417.9988098144531,206.96578979492188,22.66429901123047,22.66429901123047,403.43582776272257,0.8,0.6697802
91,4,421,417.9425354003906,205.92189025878906,22.715463638305664,22.715463638305664,405.25939556056954,0.8,0.66846067
91,4,422,418.00390625,205.9834442138672,22.774959564208984,22.774959564208984,407.38507164356497,0.8,0.6677861
91,4,423,417.9870910644531,204.96766662597656,22.715463638305664,22.715463638305664,405.25939556056954,0.8,0.6700248
91,4,424,418.01727294921875,204.97242736816406,22.62753677368164,22.62753677368164,402.12811686650326,0.8,0.66757846
91,4,425,418.0015563964844,203.9836883544922,22.774959564208984,22.774959564208984,407.38507164356497,0.8,0.6708848
91,4,426,417.9838562011719,203.92816162109375,22.715463638305664,22.715463638305664,405.25939556056954,0.8,0.6670077
91,4,427,418.00628662109375,202.96092224121094,22.660789489746094,22.660789489746094,403.31089497019883,0.8,0.6659253
91,4,428,417.0754699707031,202.9370880126953,22.699308395385742,22.699308395385742,404.68315939402027,0.8,0.66802335
91,4,429,417.0179748535156,201.944580078125,22.767868041992188,22.767868041992188,407.13141319011794,0.8,0.6644798
91,4,430,417.0031433105469,201.98062133789062,22.715463638305664,22.715463638305664,405.25939556056954,0.8,0.66686684
91,4,431,416.9998779296875,200.90480041503906,22.714326858520508,22.714326858520508,405.2188347189791,0.8,0.67053634
91,4,432,417.037841796875,200.89620971679688,22.659046173095703,22.659046173095703,403.2488431556517,0.8,0.6709811
91,4,433,416.9569396972656,199.8574676513672,22.6648006439209,22.6648006439209,403.4536865845827,0.8,0.67026204
91,4,434,417.0693359375,198.84954833984375,22.699308395385742,22.699308395385742,404.68315939402027,0.8,0.6703881
91,4,435,417.055419921875,198.86517333984375,22.72490882873535,22.72490882873535,405.5964829318516,0.8,0.6740427
91,4,436,417.02099609375,197.89254760742188,22.74720573425293,22.74720573425293,406.3927882667651,0.8,0.66869044
91,4,437,415.9841613769531,197.91110229492188,22.690038681030273,22.690038681030273,404.3527060367401,0.8,0.66929835
91,4,438,415.9496765136719,196.9291229248047,22.627662658691406,22.627662658691406,402.1325912415304,0.8,0.66712624
91,4,439,416.0105285644531,196.8769073486328,22.54514503479004,22.54514503479004,399.2049781531427,0.8,0.661648
91,4,440,416.0262756347656,195.8739776611328,22.56202507019043,22.56202507019043,399.80298866210927,0.8,0.66437596
91,4,441,415.99395751953125,195.95159912109375,22.496931076049805,22.496931076049805,397.4993628915351,0.8,0.6666963
91,4,442,415.9850158691406,194.9358673095703,22.417150497436523,22.417150497436523,394.685068102598,0.8,0.6603433
91,4,443,415.9516296386719,194.91290283203125,22.627662658691406,22.627662658691406,402.1325912415304,0.8,0.66343457
91,4,444,415.9711608886719,193.9586944580078,22.627662658691406,22.627662658691406,402.1325912415304,0.8,0.66165537
91,4,445,415.9942626953125,194.00245666503906,22.450075149536133,22.450075149536133,395.8452879537718,0.8,0.66141814
91,4,446,415.01568603515625,193.003173828125,22.454158782958984,22.454158782958984,395.98930832391545,0.8,0.66390157
91,4,447,415.0242614746094,192.99937438964844,22.66429901123047,22.66429901123047,403.43582776272257,0.8,0.6652063
91,4,448,414.9522399902344,191.99603271484375,22.627662658691406,22.627662658691406,402.1325912415304,0.8,0.66425735
91,4,449,414.9795837402344,192.0301055908203,22.62755012512207,22.62755012512207,402.12859142025036,0.8,0.6644724
91,4,450,415.0134582519531,191.07461547851562,22.715463638305664,22.715463638305664,405.25939556056954,0.8,0.668053
91,4,451,414.96209716796875,190.12356567382812,21.28203010559082,21.28203010559082,355.72631033030285,0.8,0.71621543
91,4,452,414.9945983886719,190.03408813476562,20.063007354736328,20.063007354736328,316.141817759776,0.8,0.7281046
91,4,453,414.9835510253906,189.0891876220703,18.40061378479004,18.40061378479004,265.9221425041674,0.8,0.75866604
91,4,454,414.9060974121094,189.10340881347656,18.46623992919922,18.46623992919922,267.8223579630343,0.8,0.7569388
91,4,455,414.9364929199219,188.08944702148438,18.298036575317383,18.298036575317383,262.9655542007971,0.8,0.7560914
91,4,456,413.966552734375,188.20860290527344,16.82298469543457,16.82298469543457,222.27774438288688,0.8,0.7945315
91,4,457,413.9062194824219,187.19735717773438,16.669775009155273,16.669775009155273,218.24754030370443,0.8,0.7923061
91,4,458,414.0348205566406,187.2542266845703,16.603408813476562,16.603408813476562,216.51321259015086,0.8,0.79428726
91,4,459,414.05511474609375,186.08567810058594,14.65745735168457,14.65745735168457,168.73577081768974,0.8,0.82647496
91,4,460,413.98992919921875,186.24928283691406,15.082602500915527,15.082602500915527,178.66622124742503,0.8,0.8252375
91,4,461,413.9120178222656,185.11048889160156,14.427678108215332,14.427678108215332,163.4868288964221,0.8,0.8230763
91,4,465,412.9725036621094,177.86302185058594,28.499637603759766,28.499637603759766,637.9234346782589,0.8,0.6179292
91,4,469,414.8929748535156,176.14529418945312,27.410951614379883,27.410951614379883,590.116974855788,0.8,0.66098607
91,4,470,415.3680419921875,175.4200897216797,27.022275924682617,27.022275924682617,573.5004062425394,0.8,0.6546761
91,4,471,415.85009765625,175.4163818359375,29.117080688476562,29.117080688476562,665.8640091135406,0.8,0.61959386
91,4,472,416.17572021484375,174.7596893310547,27.48142433166504,27.48142433166504,593.1552208065615,0.8,0.6602545
91,4,473,417.06304931640625,174.74554443359375,29.96744155883789,29.96744155883789,705.3248992271605,0.8,0.6054248
91,4,474,417.52630615234375,174.0079803466797,29.186525344848633,29.186525344848633,669.0439872276189,0.8,0.6165337
91,4,475,425.05303955078125,167.0364227294922,12.206751823425293,12.206751823425293,117.02808846523072,0.8,0.8168929
91,4,476,425.9388732910156,167.0817108154297,12.242348670959473,12.242348670959473,117.71162904975402,0.8,0.82067525
91,4,477,426.9844665527344,167.11749267578125,12.254554748535156,12.254554748535156,117.94647182128024,0.8,0.8182156
91,4,478,428.9276428222656,167.01095581054688,12.256814956665039,12.256814956665039,117.9899835055594,0.8,0.810767
91,4,479,429.94927978515625,166.90379333496094,13.785369873046875,13.785369873046875,149.25425723895225,0.8,0.81589514
91,4,480,430.9591369628906,166.99574279785156,14.102639198303223,14.102639198303223,156.20346790193912,0.8,0.77197385
91,4,481,431.9871826171875,167.01100158691406,14.142229080200195,14.142229080200195,157.08170876711276,0.8,0.7740479
91,4,482,433.05816650390625,166.98411560058594,14.12335205078125,14.12335205078125,156.66264370684235,0.8,0.77063185
91,4,483,435.0481872558594,166.971435546875,14.668177604675293,14.668177604675293,168.98268289888117,0.8,0.77399564
91,4,484,436.00115966796875,165.9014892578125,16.34937858581543,16.34937858581543,209.9386413559121,0.8,0.72816336
91,4,485,437.0933532714844,165.95314025878906,18.10228729248047,18.10228729248047,257.36932737795297,0.8,0.6912166
91,4,486,438.0533752441406,165.9603271484375,17.817005157470703,17.817005157470703,249.32124838092992,0.8,0.7257887
91,4,487,439.1130676269531,165.98892211914062,18.480531692504883,18.480531692504883,268.2370753012675,0.8,0.6727174
91,4,488,441.05279541015625,165.98118591308594,19.95172119140625,19.95172119140625,312.6443724950509,0.8,0.6663777
91,4,489,442.0929260253906,165.98260498046875,20.015865325927734,20.015865325927734,314.65788696423914,0.8,0.6447647
91,4,490,443.1527099609375,165.96636962890625,20.391704559326172,20.391704559326172,326.58553259224743,0.8,0.6146103
91,4,491,444.07061767578125,165.98251342773438,19.990917205810547,19.990917205810547,313.87398575709307,0.8,0.64399016
91,4,492,445.0491027832031,165.97544860839844,18.508037567138672,18.508037567138672,269.03614170879933,0.8,0.6769323
91,4,493,447.0467224121094,164.9834747314453,18.504436492919922,18.504436492919922,268.9314601768276,0.8,0.6763022
91,4,494,447.99664306640625,164.99600219726562,18.043472290039062,18.043472290039062,255.69963926083233,0.8,0.67265224
91,4,495,448.99066162109375,165.00205993652344,16.42413330078125,16.42413330078125,211.8628468596149,0.8,0.725151
91,4,496,450.02008056640625,164.99362182617188,15.29736614227295,15.29736614227295,183.79056153132078,0.8,0.7693769
91,4,497,450.9378662109375,165.00677490234375,14.11120891571045,14.11120891571045,156.39336516542522,0.8,0.77217555
91,4,498,452.9378356933594,165.09542846679688,12.205759048461914,12.205759048461914,117.00905345356537,0.8,0.80916584
91,4,499,453.8373718261719,165.12249755859375,12.333280563354492,12.333280563354492,119.46676498023548,0.8,0.8106741
91,4,500,454.81280517578125,164.98350524902344,12.067477226257324,12.067477226257324,114.37282733511812,0.8,0.815435
92,5,168,434.2835388183594,108.19104766845703,18.941028594970703,18.941028594970703,281.7714590463191,0.8,0.83030796
92,5,169,433.1671447753906,108.20635986328125,19.291597366333008,19.291597366333008,292.2982799926452,0.8,0.8358047
92,5,170,433.16864013671875,108.1343002319336,21.700061798095703,21.700061798095703,369.83824763243547,0.8,0.8052797
92,5,171,432.2122802734375,108.20281219482422,21.894250869750977,21.894250869750977,376.48706649878613,0.8,0.8004294
92,5,172,431.135986328125,108.19536590576172,23.876523971557617,23.876523971557617,447.74637995000813,0.8,0.77602124
92,5,173,430.03863525390625,108.21308135986328,24.057039260864258,24.057039260864258,454.54222686677866,0.8,0.77775735
92,5,174,428.9190368652344,108.1104736328125,22.838899612426758,22.838899612426758,409.6757265067545,0.8,0.79343194
92,5,175,427.88983154296875,108.23081970214844,23.21634864807129,23.21634864807129,423.3287025819755,0.8,0.7911413
92,5,176,426.7630615234375,108.06590270996094,23.715377807617188,23.715377807617188,441.72296319543426,0.8,0.79047316
92,5,177,425.8542785644531,108.09904479980469,23.417205810546875,23.417205810546875,430.68527854086705,0.8,0.79745734
92,5,178,424.8754577636719,108.04029846191406,22.640649795532227,22.640649795532227,402.59433135227937,0.8,0.79598945
92,5,179,423.8004150390625,108.12144470214844,22.857519149780273,22.857519149780273,410.3439795307695,0.8,0.7891916
92,5,180,422.7613220214844,108.2099380493164,23.309873580932617,23.309873580932617,426.74625415603055,0.8,0.79164535
92,5,181,422.8223571777344,108.04655456542969,23.005491256713867,23.005491256713867,415.67404197520756,0.8,0.787746
92,5,182,421.8333740234375,108.1078109741211,22.642675399780273,22.642675399780273,402.6663728595202,0.8,0.79578936
92,5,183,420.9416198730469,108.04198455810547,22.497220993041992,22.497220993041992,397.50960807225374,0.8,0.79527044
92,5,184,419.95904541015625,108.05221557617188,22.56109619140625,22.56109619140625,399.77006955416203,0.8,0.7969829
92,5,185,418.9300842285156,108.11466217041016,22.708423614501953,22.708423614501953,405.0082368144882,0.8,0.7947885
92,5,186,418.00384521484375,108.17522430419922,22.787446975708008,22.787446975708008,407.83192904891524,0.8,0.79636014
92,5,187,416.9427795410156,108.17652130126953,23.25721549987793,23.25721549987793,424.8203529684357,0.8,0.7963972
92,5,188,416.0010986328125,108.2278060913086,23.260305404663086,23.260305404663086,424.93324194602906,0.8,0.79092634
92,5,189,414.9924011230469,108.19480895996094,22.9932804107666,22.9932804107666,415.23289646027473,0.8,0.79172695
92,5,190,414.0466613769531,108.2063980102539,23.6475772857666,23.6475772857666,439.2008666386664,0.8,0.7861608
92,5,191,412.9902648925781,108.12225341796875,23.212657928466797,23.212657928466797,423.1941195449518,0.8,0.7925646
92,5,192,412.9382629394531,108.12239074707031,23.167543411254883,23.167543411254883,421.5507364123079,0.8,0.7959005
92,5,193,412.0085754394531,108.26737213134766,23.430788040161133,23.430788040161133,431.18502755673666,0.8,0.79212725
92,5,194,411.0550231933594,108.11409759521484,22.668832778930664,22.668832778930664,403.59725055979857,0.8,0.7967308
92,5,195,410.0603332519531,108.15306091308594,22.98345375061035,22.98345375061035,414.8780553437179,0.8,0.79649353
92,5,196,408.9875183105469,108.13147735595703,22.7534236907959,22.7534236907959,406.6149938506339,0.8,0.7972422
92,5,197,407.9760437011719,108.2707748413086,22.86463737487793,22.86463737487793,410.59959568991144,0.8,0.79512215
92,5,198,406.88922119140625,108.19586944580078,22.779544830322266,22.779544830322266,407.54912523911287,0.8,0.7975166
92,5,199,405.95703125,108.04600524902344,22.72405242919922,22.72405242919922,405.5659132959178,0.8,0.7947367
92,5,200,404.99298095703125,108.07510375976562,22.78536033630371,22.78536033630371,407.7572423837901,0.8,0.7934468
92,5,201,403.9137878417969,108.02241516113281,23.065731048583984,23.065731048583984,417.8537738680387,0.8,0.7937581
92,5,202,403.8598327636719,108.16883087158203,22.990480422973633,22.990480422973633,415.1317733294847,0.8,0.79455876
92,5,203,402.875,107.95110321044922,22.626991271972656,22.626991271972656,402.10872819569875,0.8,0.7979614
92,5,204,401.8506164550781,107.9988784790039,22.878578186035156,22.878578186035156,411.10044215866577,0.8,0.7976945
92,5,205,400.8234558105469,108.10121154785156,22.521812438964844,22.521812438964844,398.37910912625415,0.8,0.7958189
92,5,206,399.7710266113281,108.00960540771484,22.665035247802734,22.665035247802734,403.4620389449121,0.8,0.7941584
92,5,207,398.7789306640625,108.02355194091797,22.436603546142578,22.436603546142578,395.3703611927059,0.8,0.7976363
92,5,208,397.6051330566406,108.03119659423828,22.291316986083984,22.291316986083984,390.26655669686534,0.8,0.7959777
92,5,209,396.5897521972656,108.21631622314453,23.637269973754883,23.637269973754883,438.81807953772716,0.8,0.7730596
92,5,210,395.6678466796875,108.05577850341797,22.077430725097656,22.077430725097656,382.81323372097216,0.8,0.7972128
92,5,211,394.51654052734375,108.18067932128906,23.608598709106445,23.608598709106445,437.75418012449194,0.8,0.7757033
92,5,212,393.423095703125,108.14092254638672,23.523618698120117,23.523618698120117,434.60842772492344,0.8,0.7761367
92,5,213,393.56854248046875,108.10447692871094,21.936437606811523,21.936437606811523,377.9393256102702,0.8,0.80405116
92,5,214,392.5023498535156,108.1302490234375,23.6358699798584,23.6358699798584,438.7661002321233,0.8,0.7803211
92,5,215,391.5333557128906,108.07293701171875,22.065078735351562,22.065078735351562,382.38499708123146,0.8,0.8031518
92,5,216,390.688720703125,108.07743835449219,22.415693283081055,22.415693283081055,394.6337572052703,0.8,0.79759747
92,5,217,389.6607971191406,108.0713119506836,22.374303817749023,22.374303817749023,393.1777593611159,0.8,0.80152684
92,5,218,388.6084899902344,108.1631851196289,22.855138778686523,22.855138778686523,410.25851793008223,0.8,0.7999333
92,5,219,387.8099060058594,108.00685119628906,22.72936248779297,22.72936248779297,405.7554772295023,0.8,0.79956263
92,5,220,386.78265380859375,108.13803100585938,22.585582733154297,22.585582733154297,400.6383162582823,0.8,0.7940102
92,5,221,385.829833984375,108.1077880859375,22.728843688964844,22.728843688964844,405.73695466303735,0.8,0.79465514
92,5,222,384.9135437011719,108.06580352783203,22.74828338623047,22.74828338623047,406.43129500653964,0.8,0.79475147
92,5,223,384.861572265625,108.04341888427734,22.73689842224121,22.73689842224121,406.02457880056284,0.8,0.7937655
92,5,224,383.8338623046875,108.09178924560547,22.814979553222656,22.814979553222656,408.81803755336404,0.8,0.79232734
92,5,225,382.92694091796875,108.13845825195312,22.693723678588867,22.693723678588867,404.48405528220337,0.8,0.79767966
92,5,226,381.9512023925781,108.06584930419922,22.50115966796875,22.50115966796875,397.64880732536136,0.8,0.79653066
92,5,227,380.93682861328125,108.14356994628906,22.962617874145508,22.962617874145508,414.1261727334292,0.8,0.7934764
92,5,228,379.9487609863281,108.16182708740234,23.108442306518555,23.108442306518555,419.4027023758283,0.8,0.79182327
92,5,229,378.9930725097656,108.20238494873047,22.830303192138672,22.830303192138672,409.36738573682373,0.8,0.7925646
92,5,230,378.0606689453125,108.09308624267578,22.455476760864258,22.455476760864258,396.0357959684639,0.8,0.79550767
92,5,231,377.0138244628906,108.11976623535156,22.335887908935547,22.335887908935547,391.828773103575,0.8,0.79625636
92,5,232,376.1479797363281,108.1705551147461,22.17612648010254,22.17612648010254,386.2435687730675,0.8,0.8071706
92,5,233,375.1024475097656,108.1132583618164,22.28564453125,22.28564453125,390.06796028828774,0.8,0.78877646
92,5,234,375.08428955078125,108.09854888916016,22.07341957092285,22.07341957092285,382.6741429519033,0.8,0.8034759
92,5,235,374.0888366699219,108.23541259765625,21.839338302612305,21.839338302612305,374.60091423343056,0.8,0.8078026
92,5,236,373.2044677734375,108.1122817993164,20.007631301879883,20.007631301879883,314.3990555172619,0.8,0.8354411
92,5,237,372.0618896484375,108.2623062133789,19.616727828979492,19.616727828979492,302.2337880624822,0.8,0.8375335
92,5,238,371.164794921875,108.08258819580078,19.90757179260254,19.90757179260254,311.26225722125065,0.8,0.8290196
92,5,239,369.9013977050781,108.23834991455078,19.610631942749023,19.610631942749023,302.04597931645407,0.8,0.8346336
92,5,240,368.9077453613281,108.1871566772461,19.948610305786133,19.948610305786133,312.54688465939125,0.8,0.825951
92,5,241,367.9559326171875,108.233154296875,19.741445541381836,19.741445541381836,306.0890416692238,0.8,0.84040254
92,5,242,366.9283752441406,108.240234375,19.723955154418945,19.723955154418945,305.54690870400975,0.8,0.84296185
92,5,243,366.0703430175781,108.2486572265625,19.52020835876465,19.52020835876465,299.26696507752774,0.8,0.83887506
92,5,244,364.9019775390625,108.3463134765625,19.62494659423828,19.62494659423828,302.4870931940891,0.8,0.83788437
92,5,245,364.74365234375,108.14103698730469,19.48672866821289,19.48672866821289,298.2412820578358,0.8,0.8432134
92,5,246,363.962646484375,108.28421020507812,19.455787658691406,19.455787658691406,297.2949394992469,0.8,0.8347987
92,5,247,362.9912414550781,108.27625274658203,19.464569091796875,19.464569091796875,297.5633701419006,0.8,0.8372445
92,5,248,361.9154968261719,108.28662872314453,19.40431785583496,19.40431785583496,295.7240473775846,0.8,0.8422031
92,5,249,361.1625671386719,108.27552795410156,19.10435676574707,19.10435676574707,286.651831497161,0.8,0.84386504
92,5,250,360.0776062011719,108.2553482055664,19.128746032714844,19.128746032714844,287.3841974961702,0.8,0.8430612
92,5,251,359.1484375,108.28187561035156,19.40045738220215,19.40045738220215,295.6063909536594,0.8,0.8412905
92,5,252,358.1336364746094,108.25968933105469,21.36513900756836,21.36513900756836,358.5100436914767,0.8,0.8170824
92,5,253,357.2531433105469,108.28284454345703,21.468629837036133,21.468629837036133,361.9916369904667,0.8,0.8137
92,5,254,356.1599426269531,108.24510192871094,21.712966918945312,21.712966918945312,370.27826725353316,0.8,0.81059796
92,5,255,356.0195007324219,108.02128601074219,21.681760787963867,21.681760787963867,369.2146955459739,0.8,0.8208261
92,5,256,355.0946044921875,108.0152587890625,22.179866790771484,22.179866790771484,386.3738704084108,0.8,0.8069519
92,5,257,354.12335205078125,107.9407730102539,24.045074462890625,24.045074462890625,454.0902050338178,0.8,0.7817879
92,5,258,353.0455322265625,107.89356231689453,22.598854064941406,22.598854064941406,401.10928627711405,0.8,0.80452204
92,5,259,352.0025939941406,107.8283462524414,24.324159622192383,24.324159622192383,464.6924011843837,0.8,0.7776928
92,5,260,351.09674072265625,107.79000854492188,24.5286922454834,24.5286922454834,472.5401011628049,0.8,0.7692486
92,5,261,350.1620788574219,107.66230773925781,23.130802154541016,23.130802154541016,420.21472748382774,0.8,0.80095625
92,5,262,349.2403259277344,106.70720672607422,23.478418350219727,23.478418350219727,432.93984270853997,0.8,0.7933078
92,5,263,348.23748779296875,106.75493621826172,23.395063400268555,23.395063400268555,429.87118470030805,0.8,0.80223876
92,5,264,347.1866760253906,106.9010238647461,23.022411346435547,23.022411346435547,416.2857071131357,0.8,0.80452204
92,5,265,346.1976318359375,106.71306610107422,22.97256851196289,22.97256851196289,414.4851659839076,0.8,0.8040995
92,5,266,346.14288330078125,106.88616180419922,22.64830207824707,22.64830207824707,402.8665219742485,0.8,0.8026317
92,5,267,345.2174072265625,106.83541870117188,22.83070182800293,22.83070182800293,409.38168164388566,0.8,0.8005634
92,5,268,344.14300537109375,106.89263153076172,22.47132110595703,22.47132110595703,396.59487041149276,0.8,0.7971978
92,5,269,343.1744384765625,106.80449676513672,24.227081298828125,24.227081298828125,460.99060517486123,0.8,0.77972496
92,5,270,342.17578125,106.89798736572266,22.47417640686035,22.47417640686035,396.6956628508882,0.8,0.798332
92,5,271,341.1100769042969,106.7690658569336,22.558191299438477,22.558191299438477,399.66713004339533,0.8,0.7961007
92,5,272,340.15545654296875,106.76168060302734,22.71535301208496,22.71535301208496,405.25544827541785,0.8,0.7974202
92,5,273,339.16107177734375,106.845947265625,22.689208984375,22.689208984375,404.3231350026307,0.8,0.79519624
92,5,274,338.13482666015625,106.85506439208984,22.735065460205078,22.735065460205078,405.95911713323596,0.8,0.79613775
92,5,275,337.053466796875,106.86604309082031,22.80843734741211,22.80843734741211,408.58361365066753,0.8,0.7948257
92,5,276,337.10260009765625,106.88036346435547,22.735319137573242,22.735319137573242,405.968176549857,0.8,0.7947811
92,5,277,336.03900146484375,106.931396484375,22.52654457092285,22.52654457092285,398.54653619898664,0.8,0.7966418
92,5,278,334.89166259765625,106.90863037109375,22.512102127075195,22.512102127075195,398.03565972754814,0.8,0.7980874
92,5,279,333.9061279296875,106.87390899658203,22.400020599365234,22.400020599365234,394.0821072725592,0.8,0.7983098
92,5,280,332.8658447265625,106.87982940673828,22.401548385620117,22.401548385620117,394.13586559445196,0.8,0.7968643
92,5,281,331.8805847167969,106.92926025390625,22.262428283691406,22.262428283691406,389.2556708090562,0.8,0.79384714
92,5,282,330.830322265625,106.82518005371094,22.39297866821289,22.39297866821289,393.83436974488535,0.8,0.79524815
92,5,283,329.8457946777344,106.91885375976562,22.41656494140625,22.41656494140625,394.6644493175914,0.8,0.79745734
92,5,284,328.7760925292969,106.964599609375,22.16966438293457,22.16966438293457,386.01849972715837,0.8,0.7990545
92,5,285,327.8014221191406,106.91800689697266,22.432252883911133,22.432252883911133,395.2170442148869,0.8,0.79670113
92,5,286,326.7879943847656,106.93830871582031,22.24982452392578,22.24982452392578,388.8150453640378,0.8,0.80197626
92,5,287,326.88995361328125,106.90684509277344,22.523332595825195,22.523332595825195,398.43288980447244,0.8,0.79531485
92,5,288,325.8540344238281,106.96005249023438,22.52945327758789,22.52945327758789,398.6494663049387,0.8,0.7928981
92,5,289,324.7672424316406,107.00633239746094,22.239351272583008,22.239351272583008,388.4490919799504,0.8,0.79942656
92,5,290,323.8960876464844,107.07550811767578,22.309715270996094,22.309715270996094,390.9110406843703,0.8,0.7942696
92,5,291,323.0213928222656,107.02560424804688,22.264074325561523,22.264074325561523,389.3132345942275,0.8,0.79544836
92,5,292,321.9418029785156,107.03482818603516,22.572265625,22.572265625,400.16599983276166,0.8,0.8004448
92,5,293,320.9331359863281,107.05908203125,22.30806541442871,22.30806541442871,390.8532252176812,0.8,0.7963305
92,5,294,320.03338623046875,106.999267578125,20.17675018310547,20.17675018310547,319.73657245787535,0.8,0.81886095
92,5,295,319.0416564941406,106.98249816894531,20.47015953063965,20.47015953063965,329.10337488535674,0.8,0.8197502
92,5,296,317.94720458984375,107.08604431152344,20.255538940429688,20.255538940429688,322.2385445565188,0.8,0.82059497
92,5,297,317.0805358886719,107.01127624511719,20.22576904296875,20.22576904296875,321.29204207571416,0.8,0.82200885
92,5,298,316.9430847167969,107.07435607910156,20.27686882019043,20.27686882019043,322.91756162563377,0.8,0.8232182
92,5,299,316.14447021484375,107.07272338867188,20.32510757446289,20.32510757446289,324.4558336423778,0.8,0.82288915
92,5,300,315.2309265136719,107.10002899169922,20.7154598236084,20.7154598236084,337.038130395796,0.8,0.82827795
92,5,301,314.0973815917969,107.13418579101562,20.58925437927246,20.58925437927246,332.94394416768307,0.8,0.8278867
92,5,303,312.1863708496094,107.05826568603516,20.807926177978516,20.807926177978516,340.0536793084466,0.8,0.82252455
92,5,304,311.2030334472656,107.11530303955078,20.582365036010742,20.582365036010742,332.72116957670715,0.8,0.82226676
92,5,305,310.1976623535156,107.11341857910156,20.23160743713379,20.23160743713379,321.4775579212995,0.8,0.82758164
92,5,309,307.0196838378906,107.15325927734375,20.694650650024414,20.694650650024414,336.36134480541676,0.8,0.824632
92,5,310,306.03277587890625,107.09244537353516,20.59160804748535,20.59160804748535,333.0200697382986,0.8,0.8245609
92,5,313,302.99993896484375,107.03422546386719,20.4631404876709,20.4631404876709,328.8777201035293,0.8,0.8251834
92,5,318,298.03472900390625,107.31244659423828,20.111295700073242,20.111295700073242,317.66545141347626,0.8,0.8297853
92,5,319,297.9530944824219,107.20087432861328,20.097715377807617,20.097715377807617,317.2365837030147,0.8,0.8304295
92,5,320,296.9217224121094,107.1338119506836,20.295833587646484,20.295833587646484,323.52188770819225,0.8,0.8255747
92,5,321,295.96807861328125,107.22181701660156,20.174901962280273,20.174901962280273,319.67799843373786,0.8,0.83023345
92,5,322,294.8948059082031,107.16548156738281,20.461116790771484,20.461116790771484,328.8126747686529,0.8,0.82304025
92,5,323,293.9166259765625,107.13404846191406,20.401901245117188,20.401901245117188,326.9122264829536,0.8,0.8239207
92,5,324,292.94207763671875,107.12718963623047,20.8833065032959,20.8833065032959,342.52194908171293,0.8,0.82514787
92,5,325,291.99462890625,107.08540344238281,20.77298927307129,20.77298927307129,338.9127247291801,0.8,0.8248367
92,5,326,290.8852844238281,107.22039031982422,20.50262451171875,20.50262451171875,330.14809633168124,0.8,0.8259037
92,5,327,289.96728515625,107.1174087524414,20.294273376464844,20.294273376464844,323.47214911892894,0.8,0.82492554
92,5,328,288.972900390625,107.17326354980469,20.14418601989746,20.14418601989746,318.7053308877846,0.8,0.8333614
92,5,329,289.0179443359375,107.28030395507812,19.82390594482422,19.82390594482422,308.65146196113426,0.8,0.8440661
92,5,333,283.1576232910156,104.54558563232422,22.685394287109375,22.685394287109375,404.18719013998145,0.8,0.81637603
92,5,334,282.46441650390625,104.32209777832031,22.221765518188477,22.221765518188477,387.83500307325403,0.8,0.8252877
92,5,335,281.9987487792969,104.49942779541016,24.082677841186523,24.082677841186523,455.51159198641824,0.8,0.78901964
92,5,336,281.427490234375,104.65420532226562,24.032718658447266,24.032718658447266,453.6236472581566,0.8,0.79555416
92,5,337,280.8306884765625,104.64885711669922,23.55926513671875,23.55926513671875,435.9265906225534,0.8,0.8016198
92,5,338,280.2525634765625,104.62503814697266,24.446453094482422,24.446453094482422,469.37677310755976,0.8,0.800143
92,5,339,279.59765625,104.43379974365234,24.534639358520508,24.534639358520508,472.76926870651863,0.8,0.8009259
92,5,340,279.84478759765625,104.48436737060547,24.486745834350586,24.486745834350586,470.9253054819345,0.8,0.79847056
92,5,341,279.5091857910156,104.25505065917969,25.427703857421875,25.427703857421875,507.81341667740554,0.8,0.78869385
92,5,342,278.8868713378906,104.16889953613281,25.169952392578125,25.169952392578125,497.57055226903475,0.8,0.7929287
92,5,343,278.4453430175781,104.11891174316406,25.898136138916016,25.898136138916016,526.7771160919589,0.8,0.77915657
92,5,344,275.3646545410156,106.6907958984375,28.01201820373535,28.01201820373535,616.2808617522281,0.8,0.7407662
92,5,345,273.9788513183594,106.97726440429688,19.99154281616211,19.99154281616211,313.89363126761316,0.8,0.83094114
92,5,346,272.96661376953125,107.09754943847656,19.50440216064453,19.50440216064453,298.78250735864776,0.8,0.84646136
92,5,347,271.85003662109375,107.0267562866211,21.99751853942871,21.99751853942871,380.046962799259,0.8,0.8070491
92,5,348,270.6841125488281,107.08674621582031,23.32179069519043,23.32179069519043,427.18271159525193,0.8,0.78940654
92,5,349,269.67767333984375,107.19488525390625,23.558813095092773,23.558813095092773,435.90986216577176,0.8,0.7847897
92,5,350,268.7070007324219,107.10163116455078,23.451618194580078,23.451618194580078,431.95202208297445,0.8,0.7824098
92,5,351,268.57958984375,107.11038208007812,23.341032028198242,23.341032028198242,427.8878851934314,0.8,0.78107417
92,5,352,267.66253662109375,107.13074493408203,23.474056243896484,23.474056243896484,432.7789839862628,0.8,0.78078294
92,5,353,266.4426574707031,107.05467224121094,23.4394588470459,23.4394588470459,431.5042156161091,0.8,0.78063375
92,5,354,265.53533935546875,107.04828643798828,23.50274085998535,23.50274085998535,433.83731695713334,0.8,0.7808326
92,5,355,264.6082763671875,107.07926940917969,23.672317504882812,23.672317504882812,440.12033585442987,0.8,0.783788
92,5,356,263.6266174316406,107.033447265625,23.878934860229492,23.878934860229492,447.8368052711457,0.8,0.78527987
92,5,357,262.68035888671875,107.15856170654297,23.753856658935547,23.753856658935547,443.157541333372,0.8,0.7796296
92,5,358,261.6318664550781,107.08360290527344,22.2976016998291,22.2976016998291,390.48664771689687,0.8,0.800651
92,5,359,260.64862060546875,106.05772399902344,24.00480842590332,24.00480842590332,452.5706336620079,0.8,0.779902
92,5,360,259.7983093261719,106.13152313232422,23.943559646606445,23.943559646606445,450.26409281832923,0.8,0.7767225
92,5,361,259.684326171875,106.02007293701172,23.819175720214844,23.819175720214844,445.59810786310703,0.8,0.78517336
92,5,362,258.7380676269531,106.13677215576172,23.899669647216797,23.899669647216797,448.61488288514147,0.8,0.7797862
92,5,363,257.8043212890625,106.22897338867188,23.77406883239746,23.77406883239746,443.9120283254608,0.8,0.7780433
92,5,364,256.91265869140625,106.13385772705078,23.892822265625,23.892822265625,448.35785864276437,0.8,0.78007215
92,5,365,255.8717041015625,106.09461212158203,23.87969398498535,23.87969398498535,447.865279691071,0.8,0.7800313
92,5,366,254.93629455566406,106.15387725830078,24.103174209594727,24.103174209594727,456.287278682437,0.8,0.7796569
92,5,367,253.89682006835938,106.21342468261719,23.880460739135742,23.880460739135742,447.89404120496636,0.8,0.7802355
92,5,368,253.00157165527344,106.20138549804688,23.774185180664062,23.774185180664062,443.9163732713567,0.8,0.78705597
92,5,369,252.09710693359375,106.1111831665039,22.27609634399414,22.27609634399414,389.7337860568297,0.8,0.79573005
92,5,370,251.05239868164062,106.2218017578125,24.00044822692871,24.00044822692871,452.40624003183905,0.8,0.78227127
92,5,371,250.10745239257812,106.18060302734375,23.85916519165039,23.85916519165039,447.0955728608549,0.8,0.7815292
92,5,372,250.02749633789062,106.1888427734375,24.076702117919922,24.076702117919922,455.2855645051664,0.8,0.77592814
92,5,373,249.0565185546875,106.20244598388672,24.149581909179688,24.149581909179688,458.0460203264316,0.8,0.7757908
92,5,374,248.1348419189453,106.20504760742188,22.337915420532227,22.337915420532227,391.89991184152325,0.8,0.79980624
92,5,375,247.1156005859375,106.20379638671875,23.966163635253906,23.966163635253906,451.11464042003087,0.8,0.7833674
92,5,376,246.0498046875,106.18989562988281,22.18947982788086,22.18947982788086,386.70886171254324,0.8,0.80194527
92,5,377,245.1607208251953,106.09039306640625,22.349822998046875,22.349822998046875,392.3178400400102,0.8,0.7907484
92,5,378,244.15003967285156,106.03604888916016,22.265117645263672,22.265117645263672,389.34972276606914,0.8,0.8012788
92,5,379,243.16329956054688,106.11206817626953,22.35569953918457,22.35569953918457,392.5241750092299,0.8,0.7951666
92,5,380,242.140380859375,105.96200561523438,22.541120529174805,22.541120529174805,399.0624677122108,0.8,0.7953519
92,5,381,241.13150024414062,106.07662200927734,22.52872657775879,22.52872657775879,398.62374940686095,0.8,0.7983394
92,5,382,240.98802185058594,106.03791046142578,22.714536666870117,22.714536666870117,405.22632062759726,0.8,0.796842
92,5,383,240.02911376953125,106.13421630859375,22.52177619934082,22.52177619934082,398.3778270715743,0.8,0.7944327
92,5,384,238.99325561523438,106.02811431884766,22.76724624633789,22.76724624633789,407.109175790801,0.8,0.7971385
92,5,385,237.93089294433594,106.0761489868164,22.817562103271484,22.817562103271484,408.9105954095588,0.8,0.79961455
92,5,386,236.8673553466797,106.18084716796875,22.947330474853516,22.947330474853516,413.57494597112196,0.8,0.79996294
92,5,387,235.92996215820312,106.0462875366211,22.771642684936523,22.771642684936523,407.26641951596184,0.8,0.80048186
92,5,388,234.921630859375,106.13726806640625,23.02591896057129,23.02591896057129,416.41256444723285,0.8,0.8012751
92,5,389,233.7272491455078,106.07659912109375,23.641809463500977,23.641809463500977,438.9866439663122,0.8,0.79394716
92,5,390,232.78453063964844,106.11547088623047,23.523895263671875,23.523895263671875,434.618647107216,0.8,0.8027726
92,5,391,231.8291778564453,106.25240325927734,23.379030227661133,23.379030227661133,429.28218546619433,0.8,0.79999995
92,5,392,230.80433654785156,106.14495086669922,23.660598754882812,23.660598754882812,439.6846891493674,0.8,0.79006827
92,5,393,230.7880096435547,106.14035034179688,23.511964797973633,23.511964797973633,434.17791329764094,0.8,0.7986953
92,5,394,229.906494140625,105.97766876220703,22.962173461914062,22.962173461914062,414.1101431189857,0.8,0.8020683
92,5,395,228.80796813964844,106.03223419189453,23.343835830688477,23.343835830688477,427.9906900028643,0.8,0.80298007
92,5,396,227.86428833007812,106.07212829589844,22.55868911743164,22.55868911743164,399.6847700821138,0.8,0.8015716
92,5,397,226.82611083984375,106.0041732788086,23.159366607666016,23.159366607666016,421.2532228409849,0.8,0.8015716
92,5,398,225.926025390625,106.02243041992188,22.695451736450195,22.695451736450195,404.545658082493,0.8,0.8028022
92,5,399,224.8303680419922,105.94229888916016,23.63503646850586,23.63503646850586,438.73515488697404,0.8,0.80457395
92,5,400,223.8842315673828,105.99130249023438,23.49800682067871,23.49800682067871,433.6625632056639,0.8,0.80163836
92,5,401,222.85939025878906,106.11200714111328,23.753604888916016,23.753604888916016,443.1481472216581,0.8,0.7980179
92,5,402,221.810546875,106.08990478515625,23.323482513427734,23.323482513427734,427.2446915457057,0.8,0.80035585
92,5,403,220.85528564453125,106.18736267089844,23.608366012573242,23.608366012573242,437.7455507789422,0.8,0.8034768
92,5,404,220.9013671875,106.12875366210938,23.830711364746094,23.830711364746094,446.029819367544,0.8,0.7880719
92,5,405,219.9373779296875,106.1501235961914,23.564496994018555,23.564496994018555,436.12022645480306,0.8,0.80254275
92,5,406,218.9691162109375,106.16494750976562,23.709123611450195,23.709123611450195,441.49001242334816,0.8,0.79847974
92,5,407,217.96885681152344,105.95733642578125,24.038002014160156,24.038002014160156,453.82311853419304,0.8,0.7864106
92,5,408,216.86904907226562,106.14688110351562,23.372835159301758,23.372835159301758,429.05470980916016,0.8,0.8016383
92,5,409,215.94129943847656,106.10354614257812,23.24640655517578,23.24640655517578,424.4255685923761,0.8,0.799911
92,5,410,214.8977813720703,106.19634246826172,23.77824592590332,23.77824592590332,444.06803232799655,0.8,0.7986573
92,5,411,213.9751739501953,106.01469421386719,23.856477737426758,23.856477737426758,446.99485842211993,0.8,0.8036102
92,5,412,212.87680053710938,106.0295639038086,23.441919326782227,23.441919326782227,431.5948118291193,0.8,0.80381775
92,5,413,211.8936004638672,106.10295867919922,22.90122413635254,22.90122413635254,411.91468574167357,0.8,0.8013121
92,5,414,211.8591766357422,106.02415466308594,23.690250396728516,23.690250396728516,440.7874120626944,0.8,0.80266875
92,5,415,210.99095153808594,106.14765930175781,23.514223098754883,23.514223098754883,434.26132201464594,0.8,0.7991252
92,5,416,209.87313842773438,106.14488983154297,23.097261428833008,23.097261428833008,418.9969497238817,0.8,0.80249083
92,5,417,208.95912170410156,106.06487274169922,22.863740921020508,22.863740921020508,410.5673995636707,0.8,0.80464065
92,5,418,207.8159942626953,106.25886535644531,22.9993896484375,22.9993896484375,415.4535777560079,0.8,0.80452204
92,5,419,206.78407287597656,106.3584976196289,23.191497802734375,23.191497802734375,422.42292313196,0.8,0.8015864
92,5,420,205.901611328125,106.1291732788086,22.60173797607422,22.60173797607422,401.2116664546194,0.8,0.7975833
92,5,421,204.85226440429688,106.05628204345703,22.529808044433594,22.529808044433594,398.6620213124194,0.8,0.79604876
92,5,422,203.8409423828125,106.14353942871094,22.715225219726562,22.715225219726562,405.2508885044308,0.8,0.7955521
92,5,423,202.93138122558594,106.19284057617188,22.491350173950195,22.491350173950195,397.3021688958537,0.8,0.79773897
92,5,424,201.86985778808594,106.14733123779297,22.198486328125,22.198486328125,387.02284836939356,0.8,0.81037915
92,5,425,201.8966064453125,106.12985229492188,22.107778549194336,22.107778549194336,383.86639372081345,0.8,0.808232
92,5,426,200.92190551757812,106.09132385253906,22.05414581298828,22.05414581298828,382.0061586617764,0.8,0.8082402
92,5,427,199.9091796875,106.00730895996094,22.036828994750977,22.036828994750977,381.4064950715209,0.8,0.79844224
92,5,428,198.892822265625,106.08621215820312,22.167377471923828,22.167377471923828,385.9388643831095,0.8,0.80220383
92,5,429,197.91563415527344,106.24146270751953,23.804244995117188,23.804244995117188,445.0396487688613,0.8,0.78700626
92,5,430,196.86231994628906,105.96141815185547,21.895099639892578,21.895099639892578,376.5162574655499,0.8,0.80796194
92,5,431,195.97406005859375,106.1458969116211,23.92881202697754,23.92881202697754,449.709598943948,0.8,0.7842356
92,5,432,194.92909240722656,105.89067077636719,22.305688858032227,22.305688858032227,390.76995172564597,0.8,0.7970866
92,5,433,193.9842987060547,105.9547348022461,22.449289321899414,22.449289321899414,395.81757662355227,0.8,0.7966196
92,5,434,192.98193359375,106.013671875,22.43669891357422,22.43669891357422,395.37372226613667,0.8,0.79739803
92,5,435,192.96153259277344,105.9352035522461,22.655181884765625,22.655181884765625,403.1113142488607,0.8,0.7974795
92,5,436,192.08030700683594,105.9076156616211,22.80528450012207,22.80528450012207,408.47066310659255,0.8,0.799444
92,5,437,191.01588439941406,105.96002960205078,22.715463638305664,22.715463638305664,405.25939556056954,0.8,0.796501
92,5,438,190.064208984375,106.02595520019531,22.494890213012695,22.494890213012695,397.4272459474607,0.8,0.79670113
92,5,439,189.1698760986328,106.04674530029297,22.581260681152344,22.581260681152344,400.48499597632286,0.8,0.7946032
92,5,440,188.1714630126953,106.00395965576172,22.461538314819336,22.461538314819336,396.249633899832,0.8,0.7943363
92,5,441,187.1566162109375,106.0606689453125,22.456220626831055,22.456220626831055,396.0620347727297,0.8,0.7920235
92,5,442,186.20382690429688,106.15916442871094,23.92146873474121,23.92146873474121,449.43362684060213,0.8,0.77865607
92,5,443,185.291259765625,106.31187438964844,23.587106704711914,23.587106704711914,436.95752696338724,0.8,0.77708334
92,5,444,184.2796173095703,106.29978942871094,23.40599822998047,23.40599822998047,430.27312135188293,0.8,0.78047746
92,5,445,183.3780975341797,106.29534149169922,23.378379821777344,23.378379821777344,429.2583004912635,0.8,0.7809463
92,5,446,183.3677978515625,106.25923919677734,23.30336570739746,23.30336570739746,426.5080012148564,0.8,0.7773871
92,5,447,182.38502502441406,106.2963638305664,22.954002380371094,22.954002380371094,413.81547365281966,0.8,0.782453
92,5,448,181.4048309326172,106.24990844726562,22.93999481201172,22.93999481201172,413.3105699953614,0.8,0.78308314
92,5,449,180.44833374023438,106.2920150756836,23.080455780029297,23.080455780029297,418.3874442296657,0.8,0.7825568
92,5,450,179.20323181152344,106.31819152832031,20.917251586914062,20.917251586914062,343.636368945222,0.8,0.8100307
92,5,451,178.34837341308594,106.28443145751953,21.24698829650879,21.24698829650879,354.5558363613982,0.8,0.8086346
92,5,452,177.1548309326172,106.15306854248047,18.760469436645508,18.760469436645508,276.4249782679487,0.8,0.83822715
92,5,453,176.13475036621094,106.1429214477539,19.46377182006836,19.46377182006836,297.53899415878305,0.8,0.84277886
92,5,454,175.21156311035156,106.22235107421875,19.483623504638672,19.483623504638672,298.14624156169197,0.8,0.84387594
92,5,458,200.7400360107422,145.0172119140625,22.8560791015625,22.8560791015625,410.29227693799186,0.8,0.8013344
92,5,462,197.88623046875,138.93850708007812,22.47473907470703,22.47473907470703,396.7155265989073,0.8,0.7976426
92,5,463,196.88882446289062,136.84848022460938,22.536497116088867,22.536497116088867,398.89878095886905,0.8,0.7997628
92,5,464,195.95628356933594,135.9343719482422,22.381017684936523,22.381017684936523,393.41375681009976,0.8,0.79741275
92,5,465,194.94981384277344,134.89154052734375,22.606918334960938,22.606918334960938,401.3956043989331,0.8,0.7965974
92,5,466,193.9652862548828,133.0598602294922,22.826248168945312,22.826248168945312,409.22197839736157,0.8,0.7967382
92,5,467,193.0447998046875,132.05258178710938,22.894067764282227,22.894067764282227,411.6572886562118,0.8,0.7984062
92,5,468,191.94161987304688,130.05517578125,22.62506675720215,22.62506675720215,402.0403292408963,0.8,0.7964416
92,5,469,191.04844665527344,129.05262756347656,22.665180206298828,22.665180206298828,403.4671997961337,0.8,0.8
92,5,470,191.0096893310547,127.18533325195312,22.795494079589844,22.795494079589844,408.1200214690952,0.8,0.80137885
92,5,471,190.09552001953125,126.01521301269531,22.438594818115234,22.438594818115234,395.4405433710239,0.8,0.7969606
92,5,472,189.24713134765625,124.22901916503906,22.60662078857422,22.60662078857422,401.3850383391114,0.8,0.7941288
92,5,473,188.28768920898438,123.17637634277344,22.35366439819336,22.35366439819336,392.45271174089504,0.8,0.8021933
92,5,474,187.29856872558594,121.34178161621094,22.35662269592285,22.35662269592285,392.5565934820351,0.8,0.8103387
92,5,475,186.3662567138672,120.35543060302734,22.11353874206543,22.11353874206543,384.0664529458546,0.8,0.8043105
92,5,476,185.42425537109375,118.48796844482422,23.66709327697754,23.66709327697754,439.9260975652969,0.8,0.77811134
92,5,477,184.37350463867188,117.52806091308594,24.138938903808594,24.138938903808594,457.6423767320271,0.8,0.777948
92,5,478,184.45396423339844,115.50399780273438,23.44008445739746,23.44008445739746,431.52725003071635,0.8,0.773257
92,5,479,183.39788818359375,114.46710205078125,23.347110748291016,23.347110748291016,428.1107844528545,0.8,0.7711942
92,5,480,182.40615844726562,112.44795227050781,23.444765090942383,23.444765090942383,431.69960628563473,0.8,0.7737269
92,5,481,181.4517059326172,111.47821807861328,23.211271286010742,23.211271286010742,423.1435608017115,0.8,0.7727533
92,5,482,180.31251525878906,109.47025299072266,23.25785255432129,23.25785255432129,424.8436263822325,0.8,0.7867505
92,5,483,179.30775451660156,108.37884521484375,23.45490837097168,23.45490837097168,432.0732331676884,0.8,0.7795479
92,5,484,178.28494262695312,107.3548583984375,23.918519973754883,23.918519973754883,449.3228317487647,0.8,0.78160405
92,5,485,177.2723388671875,105.31417083740234,23.597000122070312,23.597000122070312,437.32416029915726,0.8,0.78115475
92,5,486,177.31898498535156,104.24026489257812,23.902292251586914,23.902292251586914,448.7133448239764,0.8,0.7828636
92,5,487,176.30416870117188,102.1001205444336,23.694377899169922,23.694377899169922,440.94102036820544,0.8,0.7911836
92,5,488,175.32249450683594,101.25179290771484,23.62079429626465,23.62079429626465,438.20656175307687,0.8,0.7811002
92,5,489,174.350830078125,99.07821655273438,23.740211486816406,23.740211486816406,442.64855248114327,0.8,0.7880861
92,5,490,173.4164581298828,98.09154510498047,23.49833869934082,23.49833869934082,433.674813127008,0.8,0.78478265
92,5,491,172.3466033935547,96.13082122802734,23.37777328491211,23.37777328491211,429.2360271251456,0.8,0.78450555
92,5,492,171.343505859375,95.00972747802734,23.118122100830078,23.118122100830078,419.7541394930949,0.8,0.78586304
92,5,493,170.37039184570312,92.96781921386719,23.250768661499023,23.250768661499023,424.5848674634049,0.8,0.7844546
92,5,494,170.3495635986328,91.87345123291016,22.82602310180664,22.82602310180664,409.2139085678379,0.8,0.78143746
92,5,495,169.2379608154297,89.87498474121094,22.90359115600586,22.90359115600586,411.99983931584745,0.8,0.783313
92,5,496,168.2061309814453,88.85910034179688,23.36969566345215,23.36969566345215,428.93945421399343,0.8,0.78389126
92,5,497,167.21371459960938,86.81328582763672,23.434677124023438,23.434677124023438,431.32817715103187,0.8,0.78538126
92,5,498,166.26622009277344,85.76155853271484,23.39327049255371,23.39327049255371,429.80529987514063,0.8,0.7865747
92,5,499,165.18609619140625,83.80754852294922,23.713571548461914,23.713571548461914,441.655678940595,0.8,0.77235156
92,5,500,164.12745666503906,82.79598236083984,23.92181396484375,23.92181396484375,449.4465992160365,0.8,0.7734409
93,6,168,443.1478576660156,88.02127838134766,16.79353141784668,16.79353141784668,221.5001086389168,0.8,0.8263654
93,6,169,444.2256774902344,87.11399841308594,17.087594985961914,17.087594985961914,229.32519148626082,0.8,0.8282787
93,6,170,446.2668151855469,85.00370025634766,19.628679275512695,19.628679275512695,302.6021707337734,0.8,0.8002374
93,6,171,447.2287902832031,83.91719818115234,19.97515106201172,19.97515106201172,313.3790979082278,0.8,0.79080397
93,6,172,448.176025390625,82.84180450439453,21.576826095581055,21.576826095581055,365.6495168438907,0.8,0.7747099
93,6,173,449.03826904296875,80.94818878173828,21.85347557067871,21.85347557067871,375.0860523402829,0.8,0.7757058
93,6,174,450.92498779296875,79.91813659667969,22.169757843017578,22.169757843017578,386.02175439050814,0.8,0.74641764
93,6,175,451.8536682128906,78.86681365966797,21.836545944213867,21.836545944213867,374.50512807701557,0.8,0.75298977
93,6,176,452.85125732421875,76.91004943847656,22.1269474029541,22.1269474029541,384.53235559451286,0.8,0.7524794
93,6,177,453.91253662109375,75.91824340820312,21.75187873840332,21.75187873840332,371.6066082039713,0.8,0.77130413
93,6,178,454.86590576171875,73.74231719970703,21.57115936279297,21.57115936279297,365.4574806281229,0.8,0.76145494
93,6,179,456.7778015136719,72.77250671386719,21.4963436126709,21.4963436126709,362.926827575194,0.8,0.76796937
93,6,180,457.93109130859375,71.70957946777344,21.552875518798828,21.552875518798828,364.83821528293845,0.8,0.7587556
93,6,181,458.93841552734375,69.75962829589844,21.966564178466797,21.966564178466797,378.9781300792603,0.8,0.75109386
93,6,182,459.92401123046875,68.7575912475586,21.94798469543457,21.94798469543457,378.33731616561437,0.8,0.754035
93,6,183,460.99359130859375,67.86138153076172,22.218725204467773,22.218725204467773,387.7288855447359,0.8,0.7468031
93,6,184,461.9781188964844,65.92412567138672,22.100332260131836,22.100332260131836,383.60785134883446,0.8,0.7458576
93,6,185,459.94970703125,64.94168090820312,22.041671752929688,22.041671752929688,381.5741473572858,0.8,0.7526495
93,6,186,458.862548828125,64.04612731933594,21.805118560791016,21.805118560791016,373.42792046963206,0.8,0.7604024
93,6,187,457.7711486816406,62.02226638793945,21.848106384277344,21.848106384277344,374.9017649919037,0.8,0.7605212
93,6,188,456.9967041015625,61.05976486206055,21.778335571289062,21.778335571289062,372.51112896774606,0.8,0.7670446
93,6,189,454.8456115722656,59.060298919677734,21.982025146484375,21.982025146484375,379.511798497572,0.8,0.75492626
93,6,190,453.9497375488281,58.029808044433594,22.14964485168457,22.14964485168457,385.32165379595114,0.8,0.7412136
93,6,191,452.8870544433594,57.10076904296875,21.926883697509766,21.926883697509766,377.61019179161985,0.8,0.7574542
93,6,192,451.9461975097656,55.00679397583008,22.34446144104004,22.34446144104004,392.12963432892406,0.8,0.7409615
93,6,193,450.9398193359375,54.20424270629883,21.82268714904785,21.82268714904785,374.0299116332232,0.8,0.7632544
93,6,194,449.00042724609375,53.128604888916016,21.97318458557129,21.97318458557129,379.2066016391407,0.8,0.7668534
93,6,195,447.98388671875,51.05974578857422,21.723012924194336,21.723012924194336,370.6209820893274,0.8,0.7716242
93,6,196,447.1471252441406,50.007259368896484,21.925090789794922,21.925090789794922,377.54844179045585,0.8,0.7679908
93,6,197,446.07745361328125,50.02789306640625,21.800872802734375,21.800872802734375,373.2825114694835,0.8,0.7741052
93,6,198,445.24755859375,50.98301315307617,21.795995712280273,21.795995712280273,373.11551550070254,0.8,0.76638657
93,6,199,443.1448974609375,51.974334716796875,22.137357711791992,22.137357711791992,384.894271063322,0.8,0.7478803
93,6,200,442.2306213378906,54.02578353881836,21.757577896118164,21.757577896118164,371.8013612309823,0.8,0.7640608
93,6,201,441.21649169921875,55.08271026611328,21.88283348083496,21.88283348083496,376.09450879061046,0.8,0.75982016
93,6,202,440.24859619140625,56.076881408691406,21.435239791870117,21.435239791870117,360.86650531306185,0.8,0.7689831
93,6,203,438.19793701171875,58.021881103515625,21.80878448486328,21.80878448486328,373.5534940568817,0.8,0.76449364
93,6,204,437.2272033691406,59.116519927978516,21.295310974121094,21.295310974121094,356.17042477175767,0.8,0.7718821
93,6,205,436.1902160644531,59.89463424682617,21.770723342895508,21.770723342895508,372.25076524895496,0.8,0.76934046
93,6,206,435.15545654296875,61.968841552734375,21.741792678833008,21.741792678833008,371.26206992548333,0.8,0.76817757
93,6,207,434.1524963378906,62.8957633972168,21.643280029296875,21.643280029296875,367.9052950904034,0.8,0.77336705
93,6,208,432.15643310546875,63.78523635864258,21.430723190307617,21.430723190307617,360.7144455720776,0.8,0.7731092
93,6,209,431.1712341308594,65.83671569824219,21.245716094970703,21.245716094970703,354.51337829912086,0.8,0.7679427
93,6,210,430.1163330078125,66.72187042236328,21.364421844482422,21.364421844482422,358.4859759001109,0.8,0.7684674
93,6,211,429.1276550292969,68.66946411132812,20.995664596557617,20.995664596557617,346.21759406854915,0.8,0.7722734
93,6,212,428.0953369140625,69.65518188476562,20.95452880859375,20.95452880859375,344.86226838133416,0.8,0.7725401
93,6,213,426.2414245605469,70.68657684326172,23.030681610107422,23.030681610107422,416.58484267111527,0.8,0.74319285
93,6,214,425.18768310546875,72.60038757324219,22.636226654052734,22.636226654052734,402.43704277990184,0.8,0.7449043
93,6,215,424.0920715332031,73.64415740966797,22.40946388244629,22.40946388244629,394.4144474425041,0.8,0.74584985
93,6,216,423.11724853515625,74.59132385253906,22.872760772705078,22.872760772705078,410.89140494314097,0.8,0.7396642
93,6,217,421.0627746582031,76.73241424560547,22.45175552368164,22.45175552368164,395.904547718096,0.8,0.74791914
93,6,218,420.0509338378906,77.81137084960938,22.417863845825195,22.417863845825195,394.7101874804638,0.8,0.74311125
93,6,219,418.9076232910156,78.8330078125,21.22996711730957,21.22996711730957,353.98798730822864,0.8,0.7772264
93,6,220,417.97613525390625,80.82793426513672,22.612531661987305,22.612531661987305,401.59496324058614,0.8,0.74769264
93,6,221,417.0625,81.85781860351562,22.62941551208496,22.62941551208496,402.19489611054115,0.8,0.74335593
93,6,222,414.826904296875,83.88341522216797,21.298856735229492,21.298856735229492,356.28904246937236,0.8,0.7776889
93,6,223,413.8791198730469,84.88218688964844,22.597944259643555,22.597944259643555,401.07699047957016,0.8,0.743267
93,6,224,412.9099426269531,85.8929443359375,21.8917293548584,21.8917293548584,376.4003530427998,0.8,0.7600713
93,6,225,411.95672607421875,87.88860321044922,22.80933952331543,22.80933952331543,408.6159369155441,0.8,0.7496053
93,6,226,411.00286865234375,88.93177032470703,23.183612823486328,23.183612823486328,422.13572911067337,0.8,0.7544758
93,6,227,408.90985107421875,89.95537567138672,21.744089126586914,21.744089126586914,371.34050218594183,0.8,0.7865724
93,6,228,407.8941955566406,91.849365234375,22.060420989990234,22.060420989990234,382.22357785535854,0.8,0.7612543
93,6,229,407.04327392578125,93.01771545410156,21.67481803894043,21.67481803894043,368.97827982471017,0.8,0.78318435
93,6,230,405.9911193847656,94.04949951171875,21.65573501586914,21.65573501586914,368.32885140642406,0.8,0.7884577
93,6,231,405.04632568359375,96.01205444335938,22.18994903564453,22.18994903564453,386.7252161940359,0.8,0.75955373
93,6,232,403.04302978515625,97.03038024902344,19.936594009399414,19.936594009399414,312.17046496800015,0.8,0.8075335
93,6,233,402.05364990234375,98.02033233642578,20.128080368041992,20.128080368041992,318.1959129196129,0.8,0.7819572
93,6,234,401.0753173828125,99.95574951171875,19.907939910888672,19.907939910888672,311.27376865913396,0.8,0.8063674
93,6,235,400.1439514160156,101.19148254394531,19.787525177001953,19.787525177001953,307.5196291613208,0.8,0.8049118
93,6,236,398.0614929199219,103.13558197021484,17.759742736816406,17.759742736816406,247.7212268359988,0.8,0.83502495
93,6,237,396.9273376464844,104.13335418701172,17.592134475708008,17.592134475708008,243.06753327848264,0.8,0.83753306
93,6,238,396.0525207519531,105.24376678466797,17.457626342773438,17.457626342773438,239.36479100426448,0.8,0.8332994
93,6,239,394.8434753417969,107.22760009765625,17.32072639465332,17.32072639465332,235.6253888586555,0.8,0.8378723
93,6,240,394.0130920410156,108.24539184570312,17.471460342407227,17.471460342407227,239.74430244373352,0.8,0.8360133
93,6,241,391.8148193359375,109.25151062011719,17.574275970458984,17.574275970458984,242.57428789654406,0.8,0.83415353
93,6,242,390.989501953125,111.18014526367188,17.531400680541992,17.531400680541992,241.39213323415734,0.8,0.84012485
93,6,243,389.8436584472656,112.1331558227539,17.276954650878906,17.276954650878906,234.43598122819353,0.8,0.8393107
93,6,244,388.9462890625,113.18260192871094,16.892589569091797,16.892589569091797,224.12089188538715,0.8,0.8358911
93,6,245,387.77825927734375,115.10926055908203,17.403602600097656,17.403602600097656,237.88562389108554,0.8,0.8378724
93,6,246,385.8293762207031,116.23540496826172,17.588394165039062,17.588394165039062,242.9641857920193,0.8,0.8342433
93,6,247,385.0038146972656,118.13459777832031,17.99832534790039,17.99832534790039,254.42165747078965,0.8,0.83052534
93,6,248,384.0751037597656,119.21533203125,17.631540298461914,17.631540298461914,244.1576799760398,0.8,0.8339613
93,6,249,383.0765686035156,120.15933990478516,17.6457576751709,17.6457576751709,244.5515969232789,0.8,0.8378316
93,6,250,381.0759582519531,122.1358871459961,18.050125122070312,18.050125122070312,255.88823271284946,0.8,0.8322319
93,6,251,380.08502197265625,123.20105743408203,18.017553329467773,18.017553329467773,254.96555563528278,0.8,0.8345679
93,6,252,379.0768127441406,124.21051788330078,19.878366470336914,19.878366470336914,310.3496550691936,0.8,0.80659807
93,6,253,378.12835693359375,126.06533813476562,19.968385696411133,19.968385696411133,313.1668576972882,0.8,0.80435294
93,6,254,377.0982360839844,127.10118103027344,19.820749282836914,19.820749282836914,308.5531734837818,0.8,0.8039902
93,6,255,375.0518493652344,128.1592559814453,19.830904006958008,19.830904006958008,308.8694153109918,0.8,0.81223947
93,6,256,374.1816711425781,130.08871459960938,19.95248031616211,19.95248031616211,312.66816398609626,0.8,0.80537254
93,6,257,373.2154541015625,131.04348754882812,21.837560653686523,21.837560653686523,374.5399341980302,0.8,0.78127486
93,6,258,372.1941833496094,132.9976043701172,21.76482582092285,21.76482582092285,372.0491128114015,0.8,0.77851623
93,6,259,371.30438232421875,133.8878173828125,21.53879165649414,21.53879165649414,364.3615594097481,0.8,0.77851623
93,6,260,369.2694091796875,134.8153076171875,22.93508529663086,22.93508529663086,413.1336791563022,0.8,0.74991655
93,6,261,368.23828125,136.78379821777344,23.1601619720459,23.1601619720459,421.2821576186374,0.8,0.75341564
93,6,262,367.2406921386719,137.84844970703125,23.27126121520996,23.27126121520996,425.3336308834011,0.8,0.7556248
93,6,263,366.1274108886719,138.78829956054688,23.157920837402344,23.157920837402344,421.20062931515633,0.8,0.7552319
93,6,264,364.2100830078125,140.7449951171875,23.102603912353516,23.102603912353516,419.1908032844749,0.8,0.75641793
93,6,265,363.2051086425781,141.88189697265625,22.978492736816406,22.978492736816406,414.6989705426971,0.8,0.75437194
93,6,266,362.2401428222656,142.82376098632812,22.516807556152344,22.516807556152344,398.2020701581791,0.8,0.7518366
93,6,267,361.1103210449219,144.82159423828125,22.72138214111328,22.72138214111328,405.4706033418757,0.8,0.7494941
93,6,268,360.11529541015625,145.89064025878906,22.682416915893555,22.682416915893555,404.08110105740536,0.8,0.75203675
93,6,269,358.1686096191406,146.77357482910156,22.082685470581055,22.082685470581055,382.99548549919024,0.8,0.76657754
93,6,270,357.1439514160156,148.83456420898438,22.111730575561523,22.111730575561523,384.0036472853353,0.8,0.76599413
93,6,271,356.1415710449219,149.86468505859375,22.196453094482422,22.196453094482422,386.95195418081175,0.8,0.764398
93,6,272,355.1109924316406,151.8054656982422,21.92689323425293,21.92689323425293,377.6105202625734,0.8,0.75902617
93,6,273,353.96685791015625,152.97625732421875,22.214351654052734,22.214351654052734,387.5762588826599,0.8,0.74202156
93,6,274,352.0013427734375,153.86859130859375,22.047866821289062,22.047866821289062,381.788669209462,0.8,0.74864763
93,6,275,350.9896240234375,156.06002807617188,22.301910400390625,22.301910400390625,390.637574495463,0.8,0.7438526
93,6,276,350.0617980957031,157.07745361328125,22.45429039001465,22.45429039001465,395.99395023815265,0.8,0.74578005
93,6,277,348.9707336425781,157.99896240234375,21.179821014404297,21.179821014404297,352.3176923439876,0.8,0.78458047
93,6,278,348.0071105957031,160.1417236328125,20.472530364990234,20.472530364990234,329.1796121778689,0.8,0.7813792
93,6,279,345.91180419921875,161.1349334716797,20.310022354125977,20.310022354125977,323.97439250985354,0.8,0.77925396
93,6,280,344.9525146484375,162.04611206054688,20.346643447875977,20.346643447875977,325.14376521434906,0.8,0.7778845
93,6,281,344.0295715332031,164.17759704589844,20.50345230102539,20.50345230102539,330.1747561947316,0.8,0.7780979
93,6,282,342.9227294921875,165.33116149902344,20.83907127380371,20.83907127380371,341.0724190513575,0.8,0.7837713
93,6,283,341.0552978515625,167.27923583984375,21.011241912841797,21.011241912841797,346.7315231807281,0.8,0.7844116
93,6,284,340.00103759765625,168.20701599121094,21.297161102294922,21.297161102294922,356.23231535072017,0.8,0.7857987
93,6,285,339.052734375,169.21640014648438,21.251487731933594,21.251487731933594,354.7060195294699,0.8,0.7859944
93,6,286,337.9561462402344,171.3176727294922,21.4364070892334,21.4364070892334,360.90580974762076,0.8,0.7817248
93,6,287,336.907470703125,172.28724670410156,21.474407196044922,21.474407196044922,362.18649218711346,0.8,0.78245485
93,6,288,334.8260803222656,173.1962432861328,21.686805725097656,21.686805725097656,369.38653413875534,0.8,0.77664876
93,6,289,333.8900451660156,175.31202697753906,21.997671127319336,21.997671127319336,380.0522352817362,0.8,0.7761384
93,6,290,332.9027099609375,176.17974853515625,22.063636779785156,22.063636779785156,382.33502090256303,0.8,0.77694046
93,6,291,331.85321044921875,177.21807861328125,22.10988998413086,22.10988998413086,383.93972063760526,0.8,0.780384
93,6,292,330.7008361816406,179.23190307617188,22.12349510192871,22.12349510192871,384.41237357803743,0.8,0.7779047
93,6,293,328.78778076171875,180.31503295898438,22.293468475341797,22.293468475341797,390.3418949844474,0.8,0.77667314
93,6,294,327.73199462890625,181.2193145751953,22.296371459960938,22.296371459960938,390.44355976546785,0.8,0.7776616
93,6,295,326.7177429199219,183.2884979248047,22.610002517700195,22.610002517700195,401.50513386445493,0.8,0.76808625
93,6,296,325.73162841796875,184.26547241210938,22.629642486572266,22.629642486572266,402.20296423215075,0.8,0.76752293
93,6,297,323.81927490234375,186.17782592773438,22.832551956176758,22.832551956176758,409.44803433665595,0.8,0.76580304
93,6,298,322.79107666015625,187.13868713378906,22.807477951049805,22.807477951049805,408.54924168713444,0.8,0.76987284
93,6,299,321.8112487792969,188.14195251464844,23.01063346862793,23.01063346862793,415.8598865523573,0.8,0.7740021
93,6,300,320.93218994140625,190.1626739501953,22.88701057434082,22.88701057434082,411.40353768932266,0.8,0.7690352
93,6,301,319.8793029785156,191.09698486328125,22.969966888427734,22.969966888427734,414.39129112598584,0.8,0.7723563
93,6,302,317.9128112792969,191.9899139404297,23.21445083618164,23.21445083618164,423.25949571224584,0.8,0.77193373
93,6,303,316.7930908203125,194.03944396972656,23.52588653564453,23.52588653564453,434.69223020648747,0.8,0.7761963
93,6,304,315.925537109375,195.05023193359375,23.157262802124023,23.157262802124023,421.1766927158866,0.8,0.7707254
93,6,305,314.9920349121094,195.91270446777344,22.881607055664062,22.881607055664062,411.20929962846776,0.8,0.77246743
93,6,306,314.09130859375,197.94717407226562,22.535261154174805,22.535261154174805,398.8550288017418,0.8,0.7713481
93,6,307,312.0814208984375,198.95425415039062,22.90705108642578,22.90705108642578,412.12432620859767,0.8,0.7702509
93,6,308,311.024658203125,200.9196014404297,22.6060791015625,22.6060791015625,401.3658030487872,0.8,0.76690763
93,6,309,310.1378479003906,201.87550354003906,22.780946731567383,22.780946731567383,407.59928964856186,0.8,0.76941323
93,6,310,309.12890625,202.8172607421875,22.50252914428711,22.50252914428711,397.69721258132597,0.8,0.764565
93,6,311,307.07891845703125,204.8310089111328,20.26805877685547,20.26805877685547,322.6370153838682,0.8,0.8055462
93,6,312,306.07244873046875,205.81375122070312,20.267858505249023,20.267858505249023,322.6306393697816,0.8,0.8068814
93,6,313,305.1191101074219,206.88412475585938,20.127761840820312,20.127761840820312,318.1858420875938,0.8,0.8111666
93,6,314,304.02532958984375,208.95404052734375,20.552549362182617,20.552549362182617,331.75790606850416,0.8,0.80232096
93,6,315,303.0479431152344,209.924560546875,20.583721160888672,20.583721160888672,332.76501549230835,0.8,0.80519325
93,6,316,301.0948791503906,210.90708923339844,18.736900329589844,18.736900329589844,275.7308594542654,0.8,0.8329152
93,6,317,300.0790710449219,212.80076599121094,20.428438186645508,20.428438186645508,327.76321507701863,0.8,0.80617136
93,6,318,299.1072998046875,213.76048278808594,20.212888717651367,20.212888717651367,320.8829571792319,0.8,0.8181176
93,6,319,298.1382751464844,215.79464721679688,22.636520385742188,22.636520385742188,402.44748703646707,0.8,0.77500284
93,6,320,297.0572509765625,216.78099060058594,22.432748794555664,22.432748794555664,395.234518563678,0.8,0.780369
93,6,321,295.04180908203125,217.9173126220703,22.491121292114258,22.491121292114258,397.29408269503097,0.8,0.774558
93,6,322,294.15301513671875,219.92367553710938,22.535518646240234,22.535518646240234,398.86414363659696,0.8,0.7753364
93,6,323,293.09747314453125,221.02572631835938,22.661165237426758,22.661165237426758,403.3242700019769,0.8,0.77448386
93,6,324,292.0408630371094,221.96017456054688,22.688329696655273,22.688329696655273,404.29179768462274,0.8,0.77456546
93,6,325,291.028564453125,223.9431610107422,22.808130264282227,22.808130264282227,408.5726117316534,0.8,0.7754624
93,6,326,288.8883056640625,225.0748748779297,23.133373260498047,23.133373260498047,420.30815067155277,0.8,0.77812374
93,6,327,287.9432678222656,226.1558380126953,23.86225700378418,23.86225700378418,447.2114549608066,0.8,0.77279055
93,6,328,286.8330993652344,227.9601287841797,23.44540023803711,23.44540023803711,431.72299713333746,0.8,0.77799773
93,6,329,285.89984130859375,229.11941528320312,24.01802635192871,24.01802635192871,453.06917478904694,0.8,0.7625409
93,6,330,283.9218444824219,230.0647430419922,23.913925170898438,23.913925170898438,449.15021642552074,0.8,0.76573396
93,6,331,282.9961242675781,232.09095764160156,23.745569229125977,23.745569229125977,442.8483707930209,0.8,0.7798214
93,6,332,281.9281311035156,232.9248504638672,23.971303939819336,23.971303939819336,451.3081728817347,0.8,0.75871456
93,6,333,280.94183349609375,235.0331573486328,22.897520065307617,22.897520065307617,411.7814493817187,0.8,0.781267
93,6,334,280.0016174316406,235.9342803955078,23.930335998535156,23.930335998535156,449.7668827289704,0.8,0.7706309
93,6,335,277.81610107421875,236.8282012939453,23.48814582824707,23.48814582824707,433.2986645994834,0.8,0.7800067
93,6,336,276.7566223144531,238.8695068359375,23.511497497558594,23.511497497558594,434.1606548928591,0.8,0.7827866
93,6,337,275.7781677246094,239.8983612060547,22.453880310058594,22.453880310058594,395.97948639217543,0.8,0.7794952
93,6,338,274.8035888671875,240.8509521484375,22.576171875,22.576171875,400.30451350421777,0.8,0.7753438
93,6,339,273.69696044921875,242.91943359375,22.361900329589844,22.361900329589844,392.74195371816154,0.8,0.780648
93,6,340,271.7847900390625,243.8303680419922,22.137418746948242,22.137418746948242,384.8963934588368,0.8,0.78101605
93,6,341,270.68310546875,244.85943603515625,22.040515899658203,22.040515899658203,381.5341293253113,0.8,0.78090256
93,6,342,269.5372009277344,246.73257446289062,21.58628273010254,21.58628273010254,365.9700988951342,0.8,0.7802544
93,6,343,268.4811096191406,247.7083740234375,21.464096069335938,21.464096069335938,361.8387615894469,0.8,0.78080535
93,6,345,265.4710693359375,250.57264709472656,21.438220977783203,21.438220977783203,360.9668900032957,0.8,0.77612215
93,6,346,264.52880859375,251.55328369140625,21.266407012939453,21.266407012939453,355.20422618830275,0.8,0.7768028
93,6,347,263.4482116699219,253.4610595703125,22.970544815063477,22.970544815063477,414.4121436399396,0.8,0.7548241
93,6,348,262.4245910644531,254.4956512451172,22.96786880493164,22.96786880493164,414.3155933397263,0.8,0.76357436
93,6,349,260.41845703125,255.50241088867188,21.291030883789062,21.291030883789062,356.0272675859663,0.8,0.77280015
93,6,350,259.481201171875,257.47552490234375,21.30109977722168,21.30109977722168,356.3640900059635,0.8,0.7754821
93,6,351,258.4292907714844,258.4799499511719,21.318307876586914,21.318307876586914,356.94010023501016,0.8,0.7757576
93,6,352,257.6518249511719,259.58038330078125,20.044326782226562,20.044326782226562,315.55337549326225,0.8,0.8136079
93,6,353,256.58935546875,261.56304931640625,19.6151065826416,19.6151065826416,302.1838332302343,0.8,0.8080196
93,6,354,254.66305541992188,262.6947326660156,19.663095474243164,19.663095474243164,303.6642438792801,0.8,0.8057648
93,6,355,253.59178161621094,263.57318115234375,19.424882888793945,19.424882888793945,296.35120649810216,0.8,0.80646074
93,6,356,252.66952514648438,265.6556701660156,17.444433212280273,17.444433212280273,239.00314073343048,0.8,0.837146
93,6,357,251.6024169921875,266.5495300292969,17.428050994873047,17.428050994873047,238.55445170223135,0.8,0.8395303
93,6,358,249.7391815185547,268.6291809082031,17.458463668823242,17.458463668823242,239.38775302413333,0.8,0.84329104
93,6,359,248.74798583984375,269.7459411621094,17.632495880126953,17.632495880126953,244.18414606134704,0.8,0.83587515
93,6,360,247.6941680908203,270.7768249511719,17.26482391357422,17.26482391357422,234.1068858560503,0.8,0.85213375
93,6,361,246.73388671875,272.81451416015625,17.342649459838867,17.342649459838867,236.22223448095136,0.8,0.8525273
93,6,362,245.77774047851562,273.68316650390625,17.37017250061035,17.37017250061035,236.97260578229938,0.8,0.8420095
93,6,363,243.63870239257812,274.6551208496094,17.383453369140625,17.383453369140625,237.3351128517939,0.8,0.83341813
93,6,364,242.7246856689453,276.8609313964844,17.602497100830078,17.602497100830078,243.3539748792365,0.8,0.84336805
93,6,365,241.7460479736328,277.8957824707031,17.743925094604492,17.743925094604492,247.28015954643007,0.8,0.84768677
93,6,366,240.57620239257812,278.8999328613281,19.763694763183594,19.763694763183594,306.7793741621002,0.8,0.8209288
93,6,367,239.67681884765625,281.0007629394531,20.5677547454834,20.5677547454834,332.24897625870295,0.8,0.80583566
93,6,368,237.60659790039062,281.8045349121094,20.633460998535156,20.633460998535156,334.3751885012544,0.8,0.8099253
93,6,369,236.71212768554688,283.8153381347656,22.334232330322266,22.334232330322266,391.77068906430156,0.8,0.77901477
93,6,370,235.6198272705078,284.80767822265625,22.81755828857422,22.81755828857422,408.9104586841722,0.8,0.770592
93,6,371,234.61862182617188,285.8816833496094,22.318822860717773,22.318822860717773,391.23027237715166,0.8,0.7759978
93,6,372,233.5062713623047,287.88348388671875,22.720279693603516,22.720279693603516,405.43125721322576,0.8,0.7792529
93,6,373,231.66729736328125,288.8153991699219,22.61212921142578,22.61212921142578,401.5806684519594,0.8,0.7784314
93,6,374,230.5481414794922,289.8850402832031,23.062576293945312,23.062576293945312,417.739479985034,0.8,0.77437264
93,6,375,229.48475646972656,291.87359619140625,22.90011215209961,22.90011215209961,411.8746851267646,0.8,0.7800744
93,6,376,228.72335815429688,292.9130859375,22.52395248413086,22.52395248413086,398.4548214868007,0.8,0.77866393
93,6,377,226.77650451660156,293.8472900390625,22.636699676513672,22.636699676513672,402.4538621687712,0.8,0.77307534
93,6,378,225.7178955078125,295.8611755371094,22.9354305267334,22.9354305267334,413.1461166296329,0.8,0.77322364
93,6,379,224.7508087158203,296.90057373046875,22.948020935058594,22.948020935058594,413.59983438577865,0.8,0.7734979
93,6,380,223.85675048828125,298.82489013671875,22.766891479492188,22.766891479492188,407.09648846697445,0.8,0.7732829
93,6,381,222.90773010253906,299.8756408691406,22.57718276977539,22.57718276977539,400.3403632313885,0.8,0.77144444
93,6,382,221.11865234375,300.8135986328125,22.630239486694336,22.630239486694336,402.22418581231193,0.8,0.7715779
93,6,383,220.03443908691406,302.82989501953125,22.630714416503906,22.630714416503906,402.2410685554745,0.8,0.77220803
93,6,384,218.97515869140625,303.7608337402344,22.439001083374023,22.439001083374023,395.45486291379035,0.8,0.77471125
93,6,385,218.11192321777344,304.8670654296875,22.380088806152344,22.380088806152344,393.38110180629633,0.8,0.7703326
93,6,386,217.05064392089844,306.8858642578125,22.223182678222656,22.223182678222656,387.88447185119577,0.8,0.77442455
93,6,387,215.1107177734375,307.749267578125,22.334836959838867,22.334836959838867,391.79190128464427,0.8,0.77382785
93,6,388,214.11264038085938,308.84490966796875,22.1735897064209,22.1735897064209,386.15520740126175,0.8,0.7819478
93,6,389,213.1426239013672,310.8860778808594,21.877628326416016,21.877628326416016,375.91561082746364,0.8,0.7825069
93,6,390,212.19293212890625,311.8902587890625,21.77113151550293,21.77113151550293,372.26472381040793,0.8,0.79055256
93,6,391,210.17178344726562,312.8238830566406,21.830669403076172,21.830669403076172,374.30358533636,0.8,0.7767298
93,6,392,209.11924743652344,314.98046875,21.123929977416992,21.123929977416992,350.4606965248093,0.8,0.7897381
93,6,393,208.1688690185547,315.9061279296875,20.83699607849121,20.83699607849121,341.00449312180984,0.8,0.7873639
93,6,394,207.1876983642578,317.9500732421875,21.03995704650879,21.03995704650879,347.6798960175349,0.8,0.7912499
93,6,395,206.03924560546875,318.9388122558594,21.486055374145508,21.486055374145508,362.5795141611562,0.8,0.79029834
93,6,396,203.92605590820312,320.0528259277344,21.751073837280273,21.751073837280273,371.5791070353744,0.8,0.7912321
93,6,397,202.93983459472656,321.9779052734375,21.6688232421875,21.6688232421875,368.7742048561886,0.8,0.79157
93,6,398,201.84295654296875,323.03692626953125,21.57289695739746,21.57289695739746,365.51635947758047,0.8,0.7940154
93,6,399,200.92318725585938,323.9994201660156,21.93438720703125,21.93438720703125,377.8686769016822,0.8,0.7840166
93,6,400,199.9434356689453,325.9931640625,21.95886993408203,21.95886993408203,378.71268668632894,0.8,0.7874034
93,6,401,198.03065490722656,327.02069091796875,22.079204559326172,22.079204559326172,382.8747512503385,0.8,0.7656177
93,6,402,197.01329040527344,327.9939880371094,22.302480697631836,22.302480697631836,390.65755326638185,0.8,0.76281554
93,6,403,196.01531982421875,329.9851379394531,22.61333465576172,22.61333465576172,401.62348583026363,0.8,0.76735246
93,6,404,194.9891815185547,330.9269714355469,22.461618423461914,22.461618423461914,396.25246033820457,0.8,0.7640906
93,6,405,193.07489013671875,332.9356689453125,22.504013061523438,22.504013061523438,397.74966617028565,0.8,0.7681234
93,6,406,192.1023406982422,333.96728515625,22.44780731201172,22.44780731201172,395.76531784678446,0.8,0.7685459
93,6,407,191.20201110839844,334.9217834472656,22.58090591430664,22.58090591430664,400.4724122960135,0.8,0.7683161
93,6,408,190.27711486816406,336.9832458496094,22.34040069580078,22.34040069580078,391.9871208153127,0.8,0.77719915
93,6,409,189.27365112304688,337.96307373046875,22.524259567260742,22.524259567260742,398.465686328385,0.8,0.772115
93,6,410,187.16586303710938,338.9466552734375,22.51571273803711,22.51571273803711,398.16334812885117,0.8,0.766789
93,6,411,186.3391571044922,340.95587158203125,22.303956985473633,22.303956985473633,390.70927326038435,0.8,0.7749051
93,6,412,185.26846313476562,341.9626159667969,22.2143497467041,22.2143497467041,387.5761923272162,0.8,0.7746183
93,6,413,184.2470703125,342.9100036621094,22.30380630493164,22.30380630493164,390.70399418938985,0.8,0.77616054
93,6,414,183.3653106689453,344.9836730957031,22.597381591796875,22.597381591796875,401.0570178383009,0.8,0.7756258
93,6,415,181.27212524414062,345.9450378417969,22.24654197692871,22.24654197692871,388.7003289975521,0.8,0.77373475
93,6,416,180.25381469726562,347.0425109863281,22.259639739990234,22.259639739990234,389.1581622664854,0.8,0.7748663
93,6,417,179.22386169433594,348.9886474609375,22.469532012939453,22.469532012939453,396.53172175509775,0.8,0.7669447
93,6,418,178.1621856689453,349.9807434082031,22.435945510864258,22.435945510864258,395.3471701754069,0.8,0.76435006
93,6,419,177.21746826171875,351.9431457519531,22.666915893554688,22.666915893554688,403.52899676262535,0.8,0.7646836
93,6,420,175.1756134033203,353.0205993652344,22.559406280517578,22.559406280517578,399.71018323603363,0.8,0.76130325
93,6,421,174.1050262451172,354.08343505859375,22.361209869384766,22.361209869384766,392.7177009937096,0.8,0.7666482
93,6,422,173.16029357910156,356.0776062011719,22.487154006958008,22.487154006958008,397.1539349556008,0.8,0.7662182
93,6,423,172.1481170654297,357.0284729003906,22.51668357849121,22.51668357849121,398.1976851648551,0.8,0.7666259
93,6,424,170.12135314941406,358.0595703125,22.451963424682617,22.451963424682617,395.9118798247334,0.8,0.7633863
93,6,425,169.14344787597656,360.107421875,22.465511322021484,22.465511322021484,396.38982393124957,0.8,0.7626006
93,6,426,168.0895233154297,361.1427307128906,22.100664138793945,22.100664138793945,383.61937264316543,0.8,0.7764543
93,6,427,167.10003662109375,362.091552734375,21.591995239257812,21.591995239257812,366.16382230659184,0.8,0.7877996
93,6,428,166.12896728515625,364.23419189453125,21.395471572875977,21.395471572875977,359.52873575016133,0.8,0.78603
93,6,429,164.00282287597656,365.17498779296875,22.648500442504883,22.648500442504883,402.8735789861442,0.8,0.7535787
93,6,430,163.01026916503906,367.06512451171875,22.706937789916992,22.706937789916992,404.95523872721657,0.8,0.7513473
93,6,431,161.97689819335938,368.2158203125,22.952436447143555,22.952436447143555,413.75901419221367,0.8,0.7533934
93,6,432,161.01246643066406,369.0816650390625,22.740304946899414,22.740304946899414,406.14625206723423,0.8,0.75503916
93,6,433,160.05776977539062,371.14959716796875,23.07625389099121,23.07625389099121,418.23511989038263,0.8,0.75237036
93,6,434,158.01722717285156,372.0822448730469,21.6165828704834,21.6165828704834,366.99822663273557,0.8,0.7853808
93,6,435,156.9477081298828,373.146484375,21.47263526916504,21.47263526916504,362.1267241573894,0.8,0.7876929
93,6,436,155.91722106933594,375.1807556152344,21.71869659423828,21.71869659423828,370.4737130597784,0.8,0.7832612
93,6,437,154.91456604003906,376.0185852050781,21.98555564880371,21.98555564880371,379.633714005628,0.8,0.76886237
93,6,438,152.92945861816406,377.0910339355469,22.147844314575195,22.147844314575195,385.2590110093476,0.8,0.7694645
93,6,439,151.83560180664062,379.0559387207031,21.901226043701172,21.901226043701172,376.7269907698836,0.8,0.7726139
93,6,440,150.91604614257812,380.08172607421875,22.030336380004883,22.030336380004883,381.1817839172736,0.8,0.7717387
93,6,441,149.95310974121094,381.9593505859375,22.182987213134766,22.182987213134766,386.4825937372653,0.8,0.75632894
93,6,442,148.88710021972656,382.91943359375,20.246471405029297,20.246471405029297,321.95010440076567,0.8,0.7901027
93,6,443,146.96351623535156,383.89605712890625,20.113483428955078,20.113483428955078,317.73456716740486,0.8,0.79354805
93,6,447,144.40728759765625,394.42279052734375,27.3629150390625,27.3629150390625,588.0504752864006,0.8,0.73886055
93,6,448,143.58676147460938,394.14044189453125,25.814956665039062,25.814956665039062,523.3987511410983,0.8,0.77006614
93,6,449,143.46792602539062,394.4439392089844,25.19053077697754,25.19053077697754,498.38448974489194,0.8,0.7678095
93,6,450,143.07772827148438,394.83819580078125,27.037599563598633,27.037599563598633,574.1510253779979,0.8,0.7499987
93,6,451,142.95565795898438,395.0374450683594,27.06509017944336,27.06509017944336,575.3191608369086,0.8,0.7518061
93,6,454,133.7495574951172,398.72052001953125,17.328157424926758,17.328157424926758,235.82761074664882,0.8,0.8413732
93,6,455,132.787353515625,400.7574157714844,19.493579864501953,19.493579864501953,298.4510318620028,0.8,0.8122969
93,6,456,131.7456512451172,401.7577819824219,21.540456771850586,21.540456771850586,364.4178975264825,0.8,0.7616837
93,6,457,129.81903076171875,402.8559875488281,21.997882843017578,21.997882843017578,380.05955091175014,0.8,0.76442236
93,6,458,128.85177612304688,404.9865417480469,22.108835220336914,22.108835220336914,383.90308942350816,0.8,0.76042783
93,6,459,127.8408203125,405.9736633300781,22.322744369506836,22.322744369506836,391.36776598467804,0.8,0.7562252
93,6,460,126.96764373779297,407.0321044921875,22.436477661132812,22.436477661132812,395.36592459765245,0.8,0.75721854
93,6,461,126.13363647460938,409.047607421875,22.515750885009766,22.515750885009766,398.16469729682086,0.8,0.7580786
93,6,462,124.09891510009766,410.08050537109375,22.59811782836914,22.59811782836914,401.0831516319869,0.8,0.75688505
93,6,463,123.16941833496094,411.0149841308594,22.469684600830078,22.469684600830078,396.5371073718875,0.8,0.7549131
93,6,464,122.3033218383789,412.9656677246094,22.617897033691406,22.617897033691406,401.7855621450041,0.8,0.75496495
93,6,465,121.2763442993164,413.98175048828125,22.370454788208008,22.370454788208008,393.0424950281849,0.8,0.76551193
93,6,466,120.31523132324219,416.0028991699219,22.059528350830078,22.059528350830078,382.1926463667093,0.8,0.7652794
93,6,467,118.30951690673828,417.0257568359375,21.772878646850586,21.772878646850586,372.3244746290751,0.8,0.7763687
93,6,468,117.30046844482422,417.970703125,21.81974983215332,21.81974983215332,373.9292301330346,0.8,0.77242166
93,6,469,116.19214630126953,420.0197448730469,21.952816009521484,21.952816009521484,378.5038979826414,0.8,0.770011
93,6,470,115.16488647460938,421.019775390625,21.732219696044922,21.732219696044922,370.93520608127227,0.8,0.7713861
93,6,471,113.07584381103516,422.0611267089844,21.923561096191406,21.923561096191406,377.4957612068295,0.8,0.7662453
93,6,472,112.03744506835938,424.0646667480469,21.927732467651367,21.927732467651367,377.63942626593877,0.8,0.76518387
93,6,473,110.97947692871094,425.0757141113281,21.859649658203125,21.859649658203125,375.29802239905524,0.8,0.7752653
93,6,474,109.9893798828125,426.16455078125,21.951560974121094,21.951560974121094,378.460621328555,0.8,0.77672523
93,6,475,108.98117065429688,428.0314636230469,21.948965072631836,21.948965072631836,378.3711162221395,0.8,0.7774213
93,6,476,106.98863220214844,429.1000671386719,22.20036506652832,22.20036506652832,387.08836143606146,0.8,0.754068
93,6,477,105.9922103881836,431.0202941894531,22.009965896606445,22.009965896606445,380.4771857526176,0.8,0.76602656
93,6,478,104.9659423828125,432.05792236328125,22.074390411376953,22.074390411376953,382.7078054940919,0.8,0.7613656
93,6,479,103.99129486083984,433.09002685546875,21.970638275146484,21.970638275146484,379.11871981460996,0.8,0.7712589
93,6,480,103.0679702758789,435.2562255859375,21.95076560974121,21.95076560974121,378.4331965231418,0.8,0.76155406
93,6,481,100.99557495117188,436.2144775390625,21.97014808654785,21.97014808654785,379.10180290955583,0.8,0.7662083
93,6,482,100.00518035888672,437.2654113769531,21.646451950073242,21.646451950073242,368.01313936906763,0.8,0.7680248
93,6,483,99.01428985595703,439.3143005371094,21.904041290283203,21.904041290283203,376.82384813631313,0.8,0.77333844
93,6,484,98.01380920410156,440.268798828125,22.187650680541992,22.187650680541992,386.64510912921224,0.8,0.7607843
93,6,485,95.94005584716797,441.1927185058594,22.272554397583008,22.272554397583008,389.60985891816404,0.8,0.76175314
93,6,486,95.0076675415039,443.1348571777344,22.257261276245117,22.257261276245117,389.0750028676513,0.8,0.753755
93,6,487,93.9851303100586,444.24334716796875,22.043094635009766,22.043094635009766,381.6234133609669,0.8,0.7517089
93,6,488,93.00489044189453,445.0462341308594,22.127464294433594,22.127464294433594,384.55032136413644,0.8,0.7469958
93,6,489,91.98462677001953,447.0414733886719,22.30646514892578,22.30646514892578,390.7971516418288,0.8,0.7487824
93,6,490,90.0140151977539,448.0870666503906,22.452299118041992,22.452299118041992,395.92371896592687,0.8,0.74803364
93,6,491,88.94068908691406,449.9719543457031,22.517215728759766,22.517215728759766,398.2165070760261,0.8,0.74511284
93,6,492,87.9883041381836,450.9539489746094,22.22652816772461,22.22652816772461,388.00126530268324,0.8,0.74260724
93,6,493,86.95708465576172,451.8306579589844,22.26290512084961,22.26290512084961,389.27234585935327,0.8,0.7479191
93,6,494,85.85211944580078,453.8310852050781,22.20754623413086,22.20754623413086,387.3388254239633,0.8,0.7606952
93,6,495,84.05240631103516,454.8360595703125,22.504756927490234,22.504756927490234,397.7759616873709,0.8,0.74982023
93,6,496,83.03134155273438,455.76116943359375,22.20702362060547,22.20702362060547,387.32059503281147,0.8,0.7523599
93,6,497,81.93968963623047,457.868408203125,21.82714080810547,21.82714080810547,374.18259417630685,0.8,0.76112384
93,6,498,80.81868743896484,458.7837219238281,21.88250160217285,21.88250160217285,376.08310105440387,0.8,0.7527143
93,6,499,79.9295654296875,459.8667907714844,21.80431365966797,21.80431365966797,373.40035198802553,0.8,0.7633053
93,6,500,77.86370086669922,461.8883056640625,21.92473793029785,21.92473793029785,377.5362894593625,0.8,0.7510209
94,7,172,449.04833984375,357.9403381347656,21.443599700927734,21.443599700927734,361.1480416509318,0.8,0.8303499
94,7,173,448.24676513671875,359.6341857910156,21.625259399414062,21.625259399414062,367.29289945924444,0.8,0.81498945
94,7,174,447.75018310546875,360.4976501464844,20.90178871154785,20.90178871154785,343.12849702846955,0.8,0.8335761
94,7,175,447.0650329589844,362.0322570800781,23.116518020629883,23.116518020629883,419.6958911681126,0.8,0.79919195
94,7,176,447.09564208984375,362.8731994628906,23.137529373168945,23.137529373168945,420.4591883027078,0.8,0.8020757
94,7,177,445.9736022949219,364.5921325683594,23.39824104309082,23.39824104309082,429.9879674444581,0.8,0.79781896
94,7,178,445.1655578613281,365.4014587402344,23.599056243896484,23.599056243896484,437.40037599792703,0.8,0.7960643
94,7,179,444.2579345703125,366.22491455078125,23.6987247467041,23.6987247467041,441.1028207083105,0.8,0.7973107
94,7,180,443.2157897949219,367.9468078613281,23.70697784423828,23.70697784423828,441.41010293872597,0.8,0.80381507
94,7,181,442.272216796875,368.71551513671875,23.947195053100586,23.947195053100586,450.40083249262267,0.8,0.7928581
94,7,182,441.4725646972656,370.51361083984375,23.887773513793945,23.887773513793945,448.16839518207644,0.8,0.79477805
94,7,183,440.4920349121094,371.19268798828125,24.32073402404785,24.32073402404785,464.56152411721706,0.8,0.7969567
94,7,184,440.1233825683594,372.46112060546875,25.22710609436035,25.22710609436035,499.8327962147041,0.8,0.77595776
94,7,185,439.4245910644531,373.134521484375,25.20286750793457,25.20286750793457,498.87276376938496,0.8,0.76755965
94,7,186,438.412841796875,374.5268249511719,28.02324867248535,28.02324867248535,616.7751146335131,0.8,0.7359794
94,7,187,437.606689453125,375.1499938964844,27.598970413208008,27.598970413208008,598.2402690984337,0.8,0.7315749
94,7,188,437.11273193359375,380.4807434082031,28.854244232177734,28.854244232177734,653.8969148836312,0.8,0.7092147
94,7,190,435.2719421386719,384.0810852050781,19.0280704498291,19.0280704498291,284.3671220712599,0.8,0.8319157
94,7,191,434.17437744140625,384.99969482421875,19.23809814453125,19.23809814453125,290.679331904979,0.8,0.83483785
94,7,192,434.1673889160156,386.9941711425781,21.258092880249023,21.258092880249023,354.92654526316335,0.8,0.8066871
94,7,193,433.12322998046875,387.8434753417969,21.767457962036133,21.767457962036133,372.13910617861507,0.8,0.79351
94,7,194,432.1839904785156,389.9061279296875,21.819793701171875,21.819793701171875,373.9307337180849,0.8,0.797942
94,7,195,431.14263916015625,390.85577392578125,22.276758193969727,22.276758193969727,389.75694533256075,0.8,0.7994491
94,7,196,430.0986633300781,391.9480895996094,22.197603225708008,22.197603225708008,386.9920558181002,0.8,0.78511435
94,7,197,429.0633544921875,393.9542236328125,22.24893569946289,22.24893569946289,388.7839816205196,0.8,0.78886545
94,7,198,428.12371826171875,394.9034729003906,22.27243423461914,22.27243423461914,389.6056549505119,0.8,0.7928388
94,7,199,427.0200500488281,396.9298095703125,22.73230743408203,22.73230743408203,405.8606280447472,0.8,0.79388416
94,7,200,426.992431640625,398.0225830078125,22.475814819335938,22.475814819335938,396.7535047760051,0.8,0.79120797
94,7,201,426.04888916015625,399.9497375488281,22.76680564880371,22.76680564880371,407.0934189828467,0.8,0.793899
94,7,202,424.9881286621094,400.92034912109375,22.42991065979004,22.42991065979004,395.1345167423379,0.8,0.7930242
94,7,203,423.9658203125,402.9397277832031,22.7685546875,22.7685546875,407.1559705330298,0.8,0.7932911
94,7,204,422.9476623535156,403.8844299316406,22.279415130615234,22.279415130615234,389.84992306811665,0.8,0.7937433
94,7,205,421.99432373046875,405.9071044921875,21.93039321899414,21.93039321899414,377.73107874978973,0.8,0.8093201
94,7,206,421.0201721191406,406.94525146484375,19.9570255279541,19.9570255279541,312.810632979716,0.8,0.83147573
94,7,210,416.3360595703125,415.89312744140625,25.991992950439453,25.991992950439453,530.6021952657915,0.8,0.7805546
94,7,211,415.8017272949219,417.1319274902344,24.740400314331055,24.740400314331055,480.7323258567719,0.8,0.78810984
94,7,212,415.4214782714844,417.045654296875,23.73311996459961,23.73311996459961,442.3841417611926,0.8,0.79744244
94,7,213,414.860595703125,418.33990478515625,23.16352081298828,23.16352081298828,421.4043607680634,0.8,0.7985471
94,7,214,413.90203857421875,418.9789733886719,22.48851776123047,22.48851776123047,397.20210795241377,0.8,0.7941807
94,7,215,412.9691467285156,419.9114074707031,22.538856506347656,22.538856506347656,398.9823083286307,0.8,0.79133403
94,7,216,412.9532775878906,421.90362548828125,22.417049407958984,22.417049407958984,394.6815084693278,0.8,0.7926981
94,7,217,412.0457763671875,422.9167175292969,22.33916473388672,22.33916473388672,391.9437493684893,0.8,0.79626375
94,7,218,411.4257507324219,424.6190490722656,22.66762351989746,22.66762351989746,403.55419226841934,0.8,0.8164398
94,7,219,411.1098327636719,424.8422546386719,23.03824806213379,23.03824806213379,416.8586154640767,0.8,0.80896986
94,7,220,410.6545104980469,426.1708068847656,23.654638290405273,23.654638290405273,439.46319053913265,0.8,0.80500144
94,7,221,410.2261962890625,426.7979431152344,24.537410736083984,24.537410736083984,472.8760806408387,0.8,0.78511065
94,7,224,418.0087890625,418.13812255859375,12.088746070861816,12.088746070861816,114.77634524473874,0.8,0.8264958
94,7,225,418.0361022949219,418.21124267578125,12.301250457763672,12.301250457763672,118.84704920636601,0.8,0.82983917
94,7,226,419.1419372558594,417.03704833984375,13.523788452148438,13.523788452148438,143.64371170745065,0.8,0.81039554
94,7,227,419.0235290527344,417.11956787109375,14.099822998046875,14.099822998046875,156.14108861000193,0.8,0.7847806
94,7,228,420.0447692871094,417.0137939453125,15.955307006835938,15.955307006835938,199.94024120209022,0.8,0.76240194
94,7,229,420.0863952636719,415.9907531738281,17.45465087890625,17.45465087890625,239.28320367073883,0.8,0.72817695
94,7,230,421.1462097167969,416.0149841308594,20.148948669433594,20.148948669433594,318.8560504283699,0.8,0.6512325
94,7,231,421.0962219238281,414.9680480957031,20.692758560180664,20.692758560180664,336.2998412989088,0.8,0.63677907
94,7,232,421.09039306640625,415.0336608886719,20.83211326599121,20.83211326599121,340.844694088853,0.8,0.64077187
94,7,233,422.19036865234375,413.93701171875,20.92604637145996,20.92604637145996,343.9253976607967,0.8,0.63913566
94,7,234,422.0967712402344,413.8560485839844,21.26262855529785,21.26262855529785,355.07801729061555,0.8,0.64848167
94,7,235,423.1651916503906,413.93963623046875,20.240882873535156,20.240882873535156,321.7723963995998,0.8,0.6638376
94,7,236,423.194091796875,412.8977355957031,21.4578914642334,21.4578914642334,361.6295990764201,0.8,0.64886403
94,7,237,424.1324768066406,412.8863220214844,20.346271514892578,20.346271514892578,325.1318781838779,0.8,0.65083814
94,7,238,424.1171875,411.8987731933594,20.501657485961914,20.501657485961914,330.1169535691145,0.8,0.6562092
94,7,239,425.1695861816406,411.9295959472656,20.41909408569336,20.41909408569336,327.46344158445226,0.8,0.6529812
94,7,240,425.1360778808594,410.8691711425781,20.45540428161621,20.45540428161621,328.6290989425686,0.8,0.6541551
94,7,241,426.129638671875,410.9166259765625,20.509258270263672,20.509258270263672,330.36177405554184,0.8,0.6591259
94,7,242,426.1781005859375,410.9273681640625,20.606346130371094,20.606346130371094,333.4969469024638,0.8,0.6595705
94,7,243,426.1250305175781,409.91619873046875,20.612966537475586,20.612966537475586,333.7112731316144,0.8,0.65788984
94,7,244,427.13458251953125,409.9397277832031,20.63840103149414,20.63840103149414,334.5353189021284,0.8,0.6606376
94,7,245,427.1709899902344,408.9703063964844,20.512067794799805,20.512067794799805,330.4522915253778,0.8,0.65431505
94,7,246,428.1553039550781,408.942138671875,20.63840103149414,20.63840103149414,334.5353189021284,0.8,0.65246546
94,7,247,428.1687316894531,407.9197692871094,20.245635986328125,20.245635986328125,321.9235360586933,0.8,0.6670682
94,7,248,429.1344299316406,407.85003662109375,20.55847930908203,20.55847930908203,331.9493753155983,0.8,0.64869505
94,7,249,429.1368713378906,407.89251708984375,20.261035919189453,20.261035919189453,322.41346745483963,0.8,0.6644912
94,7,250,430.16680908203125,406.8345031738281,20.42232322692871,20.42232322692871,327.56702201855023,0.8,0.6469433
94,7,251,430.1966857910156,406.8419494628906,20.39346694946289,20.39346694946289,326.6419865284205,0.8,0.6484105
94,7,252,430.1902160644531,405.8675842285156,20.358234405517578,20.358234405517578,325.51432275550945,0.8,0.6654435
94,7,253,431.16900634765625,405.8204650878906,20.309165954589844,20.309165954589844,323.94707144983033,0.8,0.6702647
94,7,254,431.1579895019531,404.8646545410156,20.310781478881836,20.310781478881836,323.9986112500899,0.8,0.6685715
94,7,255,432.1394348144531,404.85821533203125,20.4554443359375,20.4554443359375,328.63038594019724,0.8,0.65153176
94,7,256,432.1715393066406,404.8526306152344,20.464462280273438,20.464462280273438,328.92020841831817,0.8,0.6540127
94,7,257,433.1671447753906,403.8948669433594,20.509258270263672,20.509258270263672,330.36177405554184,0.8,0.65311456
94,7,258,433.1876220703125,403.89776611328125,20.45980453491211,20.45980453491211,328.7704998935458,0.8,0.65403944
94,7,259,434.1481628417969,402.87420654296875,20.61040687561035,20.61040687561035,333.6283995691979,0.8,0.6548397
94,7,260,434.1341552734375,402.87176513671875,20.606346130371094,20.606346130371094,333.4969469024638,0.8,0.6557378
94,7,261,434.13360595703125,401.9223327636719,20.665733337402344,20.665733337402344,335.4219841337514,0.8,0.6576942
94,7,262,435.1545104980469,401.92974853515625,20.714984893798828,20.714984893798828,337.02267646703496,0.8,0.6606732
94,7,263,435.135498046875,401.9100036621094,20.690988540649414,20.690988540649414,336.24231085151763,0.8,0.65654707
94,7,264,436.127685546875,400.96099853515625,21.02065086364746,21.02065086364746,347.04212931375173,0.8,0.65708953
94,7,265,436.17425537109375,400.9281921386719,20.653549194335938,20.653549194335938,335.0265832432829,0.8,0.6559246
94,7,266,437.11651611328125,399.8846435546875,20.683727264404297,20.683727264404297,336.00635113579403,0.8,0.6578542
94,7,267,437.1659240722656,399.8912353515625,20.60909080505371,20.60909080505371,333.5857934724258,0.8,0.6540216
94,7,268,438.1829833984375,398.9039306640625,20.657407760620117,20.657407760620117,335.1517765475066,0.8,0.6512916
94,7,269,438.16888427734375,398.87139892578125,20.60409164428711,20.60409164428711,333.423976848351,0.8,0.65480417
94,7,270,439.2217102050781,398.8634033203125,20.754981994628906,20.754981994628906,338.32539947302,0.8,0.650189
94,7,271,439.1979064941406,397.92547607421875,20.606346130371094,20.606346130371094,333.4969469024638,0.8,0.6508203
94,7,272,439.20574951171875,397.8700866699219,20.6840763092041,20.6840763092041,336.0176916700843,0.8,0.6519319
94,7,273,440.138916015625,396.8945007324219,20.63840103149414,20.63840103149414,334.5353189021284,0.8,0.64806366
94,7,274,440.211669921875,396.8922119140625,20.518539428710938,20.518539428710938,330.66084228096815,0.8,0.6515406
94,7,275,441.1872253417969,395.90106201171875,20.844717025756836,20.844717025756836,341.2572517720965,0.8,0.65028685
94,7,276,441.2064208984375,395.87811279296875,20.6417179107666,20.6417179107666,334.64285653827113,0.8,0.65174514
94,7,277,442.1745300292969,395.8838806152344,20.569141387939453,20.569141387939453,332.2937770716567,0.8,0.65092707
94,7,278,442.22613525390625,394.9496765136719,20.75788116455078,20.75788116455078,338.41992437584736,0.8,0.6483038
94,7,279,443.1756896972656,394.88775634765625,20.606346130371094,20.606346130371094,333.4969469024638,0.8,0.6503846
94,7,280,443.20574951171875,393.9457702636719,20.729768753051758,20.729768753051758,337.5039004497654,0.8,0.65468854
94,7,281,443.15130615234375,393.9210205078125,20.612781524658203,20.612781524658203,333.7052826706448,0.8,0.65496427
94,7,282,444.1568298339844,392.93206787109375,20.64077377319336,20.64077377319336,334.6122445833746,0.8,0.65635145
94,7,283,444.1312255859375,392.93194580078125,20.79068374633789,20.79068374633789,339.4903436887426,0.8,0.6546085
94,7,284,445.10565185546875,392.96966552734375,20.67367935180664,20.67367935180664,335.6799745253096,0.8,0.65427953
94,7,285,445.148193359375,391.89166259765625,20.91558074951172,20.91558074951172,343.5814728644313,0.8,0.65881467
94,7,286,446.13531494140625,391.8971862792969,20.8249568939209,20.8249568939209,340.6105562986342,0.8,0.6559423
94,7,287,446.11590576171875,390.8923034667969,20.962825775146484,20.962825775146484,345.13541956517736,0.8,0.65821
94,7,288,447.1175231933594,390.896240234375,20.8521785736084,20.8521785736084,341.50160750473356,0.8,0.65565795
94,7,289,447.1427307128906,389.93048095703125,21.18157958984375,21.18157958984375,352.37620114462254,0.8,0.65984625
94,7,290,447.1065673828125,389.92901611328125,21.127269744873047,21.127269744873047,350.5715234170428,0.8,0.65508866
94,7,291,448.0887451171875,389.9203796386719,21.186731338500977,21.186731338500977,352.54763069991446,0.8,0.6603619
94,7,292,448.11480712890625,388.89324951171875,21.163681030273438,21.163681030273438,351.7809328207132,0.8,0.6599529
94,7,293,449.0851135253906,388.9309387207031,21.20408821105957,21.20408821105957,353.1255047186869,0.8,0.6576053
94,7,294,449.0711669921875,387.9146423339844,21.27173614501953,21.27173614501953,355.3822691844282,0.8,0.6626384
94,7,295,450.1152648925781,387.950927734375,21.320775985717773,21.320775985717773,357.02275389798126,0.8,0.66373223
94,7,296,450.1224670410156,386.9836120605469,21.41855239868164,21.41855239868164,360.3048528864953,0.8,0.66455925
94,7,297,451.08038330078125,386.95660400390625,21.414026260375977,21.414026260375977,360.1525907487061,0.8,0.6624516
94,7,298,451.08160400390625,386.975341796875,21.230945587158203,21.230945587158203,354.020618028032,0.8,0.6636077
94,7,299,452.0887451171875,386.00872802734375,21.5416202545166,21.5416202545166,364.45726580564366,0.8,0.6636521
94,7,300,452.11297607421875,386.03021240234375,21.458215713500977,21.458215713500977,361.6405282973803,0.8,0.6618381
94,7,301,452.0763244628906,384.9814758300781,21.380704879760742,21.380704879760742,359.0326290490059,0.8,0.66180253
94,7,302,453.03509521484375,384.9677734375,21.492300033569336,21.492300033569336,362.79030339812834,0.8,0.66342086
94,7,303,453.0120849609375,384.0165100097656,21.3415470123291,21.3415470123291,357.7187268199327,0.8,0.66463923
94,7,304,454.0630798339844,383.99359130859375,21.55320930480957,21.55320930480957,364.8495157551485,0.8,0.66551065
94,7,305,454.0419921875,383.9879455566406,21.386804580688477,21.386804580688477,359.2375150959493,0.8,0.6643991
94,7,306,455.061767578125,383.0372009277344,21.80548095703125,21.80548095703125,373.4403331514129,0.8,0.66925436
94,7,307,455.0721435546875,383.02911376953125,21.134035110473633,21.134035110473633,350.796079102017,0.8,0.6677337
94,7,308,456.1025085449219,382.0130920410156,21.273929595947266,21.273929595947266,355.4555639783077,0.8,0.66336757
94,7,309,456.0342102050781,382.00628662109375,21.474246978759766,21.474246978759766,362.1810877706378,0.8,0.66632885
94,7,310,456.0508117675781,381.01654052734375,21.837966918945312,21.837966918945312,374.55387018484856,0.8,0.6626117
94,7,311,457.0448303222656,381.0013427734375,21.63521385192871,21.63521385192871,367.63111886856325,0.8,0.6601308
94,7,312,457.05645751953125,381.00091552734375,21.194351196289062,21.194351196289062,352.8012654720637,0.8,0.6604776
94,7,313,458.0697021484375,380.0293273925781,21.62971305847168,21.62971305847168,367.44420083899706,0.8,0.66260284
94,7,314,458.0711364746094,380.08599853515625,21.378589630126953,21.378589630126953,358.9615924695758,0.8,0.6608689
94,7,315,459.1017761230469,379.07012939453125,21.43732452392578,21.43732452392578,360.9367024802071,0.8,0.6578365
94,7,316,459.0557861328125,379.1038818359375,21.505897521972656,21.505897521972656,363.24950017303433,0.8,0.66087776
94,7,317,460.1067810058594,378.10662841796875,21.432723999023438,21.432723999023438,360.78180254279147,0.8,0.6630386
94,7,318,460.08056640625,378.0391540527344,21.285079956054688,21.285079956054688,355.8282733276852,0.8,0.6579877
94,7,319,460.07794189453125,378.07073974609375,21.543535232543945,21.543535232543945,364.52206675092026,0.8,0.66132236
94,7,320,461.08282470703125,377.0656433105469,21.692981719970703,21.692981719970703,369.5969527877538,0.8,0.6653506
94,7,321,461.0783996582031,377.0884094238281,21.49836540222168,21.49836540222168,362.99509929498515,0.8,0.66340315
94,7,322,462.1588439941406,376.0659484863281,21.493974685668945,21.493974685668945,362.84684189908097,0.8,0.66400784
94,7,323,461.1111145019531,376.0631103515625,21.287233352661133,21.287233352661133,355.90027476322547,0.8,0.66203374
94,7,324,461.0686950683594,375.0997009277344,21.1942138671875,21.1942138671875,352.7966935251894,0.8,0.66449696
94,7,325,460.1180725097656,375.0570373535156,21.2829532623291,21.2829532623291,355.7571718844962,0.8,0.66263837
94,7,326,460.1383056640625,375.1249694824219,21.317426681518555,21.317426681518555,356.91059251261504,0.8,0.6633498
94,7,327,459.07989501953125,374.0809020996094,21.203245162963867,21.203245162963867,353.0974256177882,0.8,0.6643012
94,7,328,459.098876953125,374.0531005859375,21.19090461730957,21.19090461730957,352.6865312633033,0.8,0.6639634
94,7,329,458.1099548339844,373.1061706542969,21.2247314453125,21.2247314453125,353.81340988693546,0.8,0.6597484
94,7,330,458.05291748046875,373.07867431640625,21.16719627380371,21.16719627380371,351.89780269267817,0.8,0.65821004
94,7,331,457.1323547363281,372.05975341796875,21.165546417236328,21.165546417236328,351.8429481652384,0.8,0.65981066
94,7,332,457.1496887207031,372.0667419433594,21.266210556030273,21.266210556030273,355.1976635374477,0.8,0.65915257
94,7,333,457.145263671875,372.1310729980469,20.71843719482422,20.71843719482422,337.13502032735056,0.8,0.6581744
94,7,334,456.0965576171875,371.0880126953125,20.87667465209961,20.87667465209961,342.30443621688903,0.8,0.65757865
94,7,335,456.10015869140625,371.1114196777344,21.222484588623047,21.222484588623047,353.7385042561067,0.8,0.6591704
94,7,336,455.1070251464844,370.0972900390625,20.77745819091797,20.77745819091797,339.0585618082884,0.8,0.65648484
94,7,337,455.1431579589844,370.13616943359375,20.665733337402344,20.665733337402344,335.4219841337514,0.8,0.6565827
94,7,338,454.0626220703125,369.11053466796875,21.204763412475586,21.204763412475586,353.14799421548753,0.8,0.6558801
94,7,339,454.1270446777344,369.0901184082031,21.159263610839844,21.159263610839844,351.6340961952584,0.8,0.65932155
94,7,340,453.0924377441406,369.0792236328125,20.80044174194336,20.80044174194336,339.80909440726947,0.8,0.65653825
94,7,341,453.0685119628906,368.1254577636719,21.001476287841797,21.001476287841797,346.4092896678946,0.8,0.6595705
94,7,342,453.12701416015625,368.07696533203125,20.897092819213867,20.897092819213867,342.97433668357525,0.8,0.6566093
94,7,343,452.1275329589844,367.1278381347656,20.684194564819336,20.684194564819336,336.0215338617155,0.8,0.6565826
94,7,344,452.0867614746094,367.1561584472656,20.673992156982422,20.673992156982422,335.6901326811004,0.8,0.6579165
94,7,345,451.1172790527344,366.0813903808594,20.94723892211914,20.94723892211914,344.622361341763,0.8,0.65325695
94,7,346,451.10675048828125,366.1230163574219,20.807971954345703,20.807971954345703,340.0551755112952,0.8,0.6574542
94,7,347,450.1399230957031,366.103271484375,20.903709411621094,20.903709411621094,343.19156122062344,0.8,0.65958834
94,7,348,450.17047119140625,365.07452392578125,21.194120407104492,21.194120407104492,352.79358207828517,0.8,0.65748966
94,7,349,449.14788818359375,365.0773010253906,20.63455581665039,20.63455581665039,334.4106735539893,0.8,0.65628034
94,7,350,449.1298828125,364.10650634765625,21.123353958129883,21.123353958129883,350.4415836638591,0.8,0.6597751
94,7,351,449.1272277832031,364.088623046875,21.191991806030273,21.191991806030273,352.7227210024084,0.8,0.6584946
94,7,352,448.1859130859375,363.10089111328125,21.392080307006836,21.392080307006836,359.41477136308714,0.8,0.65838784
94,7,353,448.16802978515625,363.1004943847656,21.040307998657227,21.040307998657227,347.6914949028236,0.8,0.6618559
94,7,354,447.1209411621094,363.0578918457031,20.957073211669922,20.957073211669922,344.946023248632,0.8,0.65998846
94,7,355,447.1678771972656,362.01953125,21.31608009338379,21.31608009338379,356.8655029812665,0.8,0.6578721
94,7,356,446.1175842285156,362.04302978515625,20.950923919677734,20.950923919677734,344.74362259886107,0.8,0.6621671
94,7,357,446.1190185546875,361.088623046875,20.881792068481445,20.881792068481445,342.4722722400159,0.8,0.661349
94,7,358,445.18597412109375,361.04461669921875,20.996726989746094,20.996726989746094,346.25263258975565,0.8,0.6588502
94,7,359,445.1380310058594,360.1075439453125,21.234880447387695,21.234880447387695,354.15185577560806,0.8,0.663501
94,7,360,444.1199645996094,360.07757568359375,20.817258834838867,20.817258834838867,340.35878573565395,0.8,0.65870804
94,7,361,444.1422424316406,360.0857238769531,20.790937423706055,20.790937423706055,339.4986283169306,0.8,0.6601041
94,7,362,444.11053466796875,359.0179138183594,20.931821823120117,20.931821823120117,344.11526617010793,0.8,0.6606554
94,7,363,443.1672058105469,359.0183410644531,20.96833038330078,20.96833038330078,345.3167009156218,0.8,0.65855676
94,7,364,443.14794921875,358.03424072265625,20.967546463012695,20.967546463012695,345.2908814342882,0.8,0.6636343
94,7,365,442.16864013671875,358.01708984375,21.02385711669922,21.02385711669922,347.14800517393775,0.8,0.658957
94,7,366,442.1757507324219,357.00787353515625,20.989591598510742,20.989591598510742,346.0173360888748,0.8,0.6595794
94,7,367,441.19146728515625,357.0442810058594,20.653549194335938,20.653549194335938,335.0265832432829,0.8,0.65855676
94,7,368,441.13018798828125,357.0198974609375,20.933530807495117,20.933530807495117,344.1714592358947,0.8,0.6589391
94,7,369,440.1863098144531,356.0188293457031,20.309982299804688,20.309982299804688,323.9731146617661,0.8,0.6795239
94,7,370,440.1323547363281,355.99664306640625,20.711971282958984,20.711971282958984,336.92462364994157,0.8,0.6636788
94,7,371,440.1726379394531,355.0478210449219,20.969161987304688,20.969161987304688,345.344091980181,0.8,0.6602196
94,7,372,439.13763427734375,354.99359130859375,20.109920501708984,20.109920501708984,317.62200935188,0.8,0.6799253
94,7,373,439.16522216796875,354.04541015625,20.503978729248047,20.503978729248047,330.1917109532625,0.8,0.6607443
94,7,374,438.1747741699219,353.972412109375,19.71759796142578,19.71759796142578,305.3499798808795,0.8,0.7040557
94,7,375,438.1376037597656,354.0372009277344,19.81301498413086,19.81301498413086,308.3124180242506,0.8,0.697513
94,7,376,437.21356201171875,352.953369140625,19.515390396118164,19.515390396118164,299.1192536296216,0.8,0.7064907
94,7,377,437.18048095703125,353.0028991699219,19.91237449645996,19.91237449645996,311.4124594439475,0.8,0.6984004
94,7,378,436.1934814453125,351.9264221191406,18.621828079223633,18.621828079223633,272.35446970372834,0.8,0.712183
94,7,379,436.12652587890625,351.9254455566406,18.727352142333984,18.727352142333984,275.4499102020356,0.8,0.71312803
94,7,380,436.14556884765625,350.892333984375,18.681652069091797,18.681652069091797,274.1071980317699,0.8,0.71396446
94,7,381,435.08746337890625,350.8896179199219,18.668020248413086,18.668020248413086,273.7073172414299,0.8,0.71796215
94,7,382,435.0690612792969,350.9317321777344,19.093603134155273,19.093603134155273,286.3292160160284,0.8,0.71729946
94,7,383,434.0889892578125,349.9460754394531,18.7463436126709,18.7463436126709,276.00886282355015,0.8,0.7191027
94,7,384,434.06683349609375,349.94158935546875,18.910381317138672,18.910381317138672,280.8603636591963,0.8,0.7145728
94,7,385,433.10028076171875,348.8914489746094,17.85270118713379,17.85270118713379,250.3212698623672,0.8,0.7389252
94,7,386,433.0177001953125,349.00457763671875,18.118515014648438,18.118515014648438,257.83096958736394,0.8,0.71597415
94,7,387,432.0928955078125,347.8988952636719,18.2166748046875,18.2166748046875,260.63221356257947,0.8,0.7192114
94,7,388,432.02655029296875,347.92877197265625,19.057239532470703,19.057239532470703,285.2396315365042,0.8,0.72526217
94,7,389,431.0982666015625,347.9814147949219,18.18706512451172,18.18706512451172,259.7856304502633,0.8,0.73903215
94,7,390,431.0491943359375,346.96795654296875,18.224985122680664,18.224985122680664,260.87006494211556,0.8,0.724556
94,7,391,431.081298828125,347.0179443359375,19.334569931030273,19.334569931030273,293.60193528677803,0.8,0.7204932
94,7,392,430.0533142089844,346.0269470214844,18.370059967041016,18.370059967041016,265.03975986928316,0.8,0.7203303
94,7,393,430.0107727050781,346.0928955078125,18.194072723388672,18.194072723388672,259.9858633300693,0.8,0.7193743
94,7,394,429.0101013183594,344.9786682128906,18.439088821411133,18.439088821411133,267.03537285641715,0.8,0.7260225
94,7,395,428.9988098144531,345.0635986328125,18.453054428100586,18.453054428100586,267.4400266112303,0.8,0.7288469
94,7,396,428.050048828125,345.03656005859375,19.855112075805664,19.855112075805664,309.62396445580384,0.8,0.7332138
94,7,397,428.0605773925781,344.0945129394531,18.29599380493164,18.29599380493164,262.90684317358716,0.8,0.72618544
94,7,398,427.0540771484375,344.1414489746094,18.34293556213379,18.34293556213379,264.25764611841186,0.8,0.7274021
94,7,399,427.03662109375,343.0771484375,18.48923110961914,18.48923110961914,268.48967143571895,0.8,0.7246755
94,7,400,427.0657043457031,343.13818359375,19.800601959228516,19.800601959228516,307.9262182587602,0.8,0.7126522
94,7,401,426.0201110839844,342.14703369140625,18.439868927001953,18.439868927001953,267.0579683540532,0.8,0.722492
94,7,402,426.0502624511719,342.2105407714844,19.840286254882812,19.840286254882812,309.16174438924565,0.8,0.7164499
94,7,403,425.0427551269531,342.1296691894531,19.801462173461914,19.801462173461914,307.9529738362002,0.8,0.7180083
94,7,404,425.0589599609375,341.1574401855469,19.870080947875977,19.870080947875977,310.0909946661039,0.8,0.7211971
94,7,405,424.08538818359375,341.1545715332031,19.946895599365234,19.946895599365234,312.4931562934891,0.8,0.712402
94,7,406,424.0846862792969,340.1408386230469,19.875473022460938,19.875473022460938,310.2593141251678,0.8,0.71186274
94,7,407,423.0093688964844,340.1770935058594,20.512067794799805,20.512067794799805,330.4522915253778,0.8,0.6784759
94,7,408,423.09423828125,339.1607360839844,20.589723587036133,20.589723587036133,332.9591192352827,0.8,0.6746165
94,7,409,423.0626220703125,339.16778564453125,20.439558029174805,20.439558029174805,328.1201358813456,0.8,0.67272246
94,7,410,422.1198425292969,339.1605224609375,20.589723587036133,20.589723587036133,332.9591192352827,0.8,0.66876525
94,7,411,422.0559997558594,338.1581726074219,20.60783576965332,20.60783576965332,333.545165844922,0.8,0.67018807
94,7,412,421.0940246582031,338.164794921875,21.50951385498047,21.50951385498047,363.3716751813824,0.8,0.66739583
94,7,413,421.0312805175781,337.135009765625,20.55409049987793,20.55409049987793,331.8076618214424,0.8,0.6701614
94,7,414,420.1114196777344,337.1576232910156,21.521989822387695,21.521989822387695,363.79332375456937,0.8,0.6674315
94,7,415,420.1053466796875,336.13616943359375,21.500139236450195,21.500139236450195,363.05500335594405,0.8,0.66687125
94,7,416,419.0655517578125,336.0960388183594,21.194358825683594,21.194358825683594,352.8015194699808,0.8,0.6690054
94,7,417,419.1268615722656,336.1129150390625,21.21761131286621,21.21761131286621,353.5760664090184,0.8,0.6688631
94,7,418,418.081298828125,335.0486755371094,21.160072326660156,21.160072326660156,351.66097591056354,0.8,0.67146856
94,7,419,418.03155517578125,335.1075744628906,21.37546157836914,21.37546157836914,358.85655576568973,0.8,0.66912097
94,7,420,418.1007995605469,334.079345703125,20.800729751586914,20.800729751586914,339.8185046856596,0.8,0.6691566
94,7,421,417.0850524902344,334.0809020996094,21.216720581054688,21.216720581054688,353.5463802360787,0.8,0.6706505
94,7,422,417.1209716796875,333.1092834472656,21.137502670288086,21.137502670288086,350.91120204672114,0.8,0.66918325
94,7,423,416.1163635253906,333.1211242675781,21.384950637817383,21.384950637817383,359.17523585635183,0.8,0.67162865
94,7,424,416.1118469238281,333.1136474609375,21.500139236450195,21.500139236450195,363.05500335594405,0.8,0.67172647
94,7,425,415.0601806640625,332.0754699707031,21.331005096435547,21.331005096435547,357.3654150985414,0.8,0.67783564
94,7,426,415.05126953125,332.0902404785156,21.21722412109375,21.21722412109375,353.56316198799743,0.8,0.6760393
94,7,427,414.12005615234375,331.10223388671875,21.302650451660156,21.302650451660156,356.4159769794213,0.8,0.67946285
94,7,428,414.13427734375,331.07391357421875,21.45940589904785,21.45940589904785,361.6806463829053,0.8,0.678627
94,7,429,414.0537414550781,330.070068359375,21.159080505371094,21.159080505371094,351.6280103646162,0.8,0.6781024
94,7,430,413.0122985839844,330.078125,20.853849411010742,20.853849411010742,341.55633718364436,0.8,0.6734071
94,7,431,413.0619812011719,330.05743408203125,20.880613327026367,20.880613327026367,342.4336093829699,0.8,0.6707572
94,7,432,412.0700988769531,329.0528869628906,20.880613327026367,20.880613327026367,342.4336093829699,0.8,0.67105067
94,7,433,412.0257568359375,329.0539855957031,20.827686309814453,20.827686309814453,340.6998461630898,0.8,0.6678583
94,7,434,411.0203857421875,328.0442199707031,20.880613327026367,20.880613327026367,342.4336093829699,0.8,0.6684718
94,7,435,410.9816589355469,328.0133972167969,20.68610954284668,20.68610954284668,336.0837556358336,0.8,0.670606
94,7,436,409.9686279296875,326.9464111328125,20.608060836791992,20.608060836791992,333.55245146839746,0.8,0.6716198
94,7,437,410.02392578125,326.8879699707031,20.592161178588867,20.592161178588867,333.03796112708966,0.8,0.6648705
94,7,438,409.9743957519531,326.9744873046875,20.664960861206055,20.664960861206055,335.39690874430363,0.8,0.6659908
94,7,439,408.9291076660156,325.9754333496094,20.68800163269043,20.68800163269043,336.14523938087837,0.8,0.6642213
94,7,440,409.013671875,325.9690246582031,20.537853240966797,20.537853240966797,331.2836280428492,0.8,0.6672625
94,7,441,407.9195861816406,324.8540344238281,20.585540771484375,20.585540771484375,332.82385125933996,0.8,0.665733
94,7,442,407.947021484375,324.9031982421875,20.51707649230957,20.51707649230957,330.61369286864306,0.8,0.6649326
94,7,443,406.91766357421875,323.8461608886719,20.604019165039062,20.604019165039062,333.4216310738287,0.8,0.6684718
94,7,444,406.9161682128906,323.8603210449219,20.35963249206543,20.35963249206543,325.55903319684165,0.8,0.6635988
94,7,445,405.8431396484375,323.8741760253906,20.439725875854492,20.439725875854492,328.1255248532008,0.8,0.6644436
94,7,446,405.8264465332031,322.9099426269531,20.49953269958496,20.49953269958496,330.04853064688797,0.8,0.6636433
94,7,447,404.8249816894531,322.8983154296875,20.450077056884766,20.450077056884766,328.45795071461794,0.8,0.66275406
94,7,448,404.9017639160156,321.88507080078125,20.589723587036133,20.589723587036133,332.9591192352827,0.8,0.6676627
94,7,449,404.8736572265625,321.88775634765625,20.293167114257812,20.293167114257812,323.4368844653289,0.8,0.6661243
94,7,450,403.7920837402344,320.9119873046875,20.482267379760742,20.482267379760742,329.49281127085396,0.8,0.66845405
94,7,451,403.8473205566406,320.9340515136719,20.394880294799805,20.394880294799805,326.68726317774895,0.8,0.6702682
94,7,452,402.8648681640625,320.97528076171875,20.420265197753906,20.420265197753906,327.50100518856715,0.8,0.6668979
94,7,453,402.893310546875,319.8991394042969,20.480178833007812,20.480178833007812,329.425618899722,0.8,0.67065054
94,7,454,401.9079284667969,319.9724426269531,20.473142623901367,20.473142623901367,329.19930160179814,0.8,0.66780496
94,7,455,401.938720703125,319.0171813964844,20.39642906188965,20.39642906188965,326.73688167863867,0.8,0.665813
94,7,456,400.9442138671875,319.0216369628906,20.419795989990234,20.419795989990234,327.48595501685566,0.8,0.66803616
94,7,457,400.8787536621094,317.9307556152344,20.317577362060547,20.317577362060547,324.2154640658601,0.8,0.6604864
94,7,458,400.8832702636719,317.981201171875,20.318206787109375,20.318206787109375,324.2355523363886,0.8,0.664657
94,7,459,399.94976806640625,317.9762268066406,20.343608856201172,20.343608856201172,325.04678558361246,0.8,0.66225606
94,7,460,399.8590087890625,317.0487976074219,20.37145233154297,20.37145233154297,325.9371512708143,0.8,0.6657596
94,7,461,398.88409423828125,317.003662109375,20.377702713012695,20.377702713012695,326.1371904265652,0.8,0.6596594
94,7,462,398.897705078125,315.9954528808594,20.3247127532959,20.3247127532959,324.443228465633,0.8,0.6657508
94,7,463,397.884765625,316.0560302734375,20.49953269958496,20.49953269958496,330.04853064688797,0.8,0.66984135
94,7,464,397.88397216796875,315.0874938964844,20.353776931762695,20.353776931762695,325.371794412909,0.8,0.6676004
94,7,465,396.8607482910156,315.0184020996094,20.49953269958496,20.49953269958496,330.04853064688797,0.8,0.6659641
94,7,466,396.8369445800781,314.9998474121094,20.58352279663086,20.58352279663086,332.7586018446742,0.8,0.666391
94,7,467,396.8144836425781,314.0296325683594,20.58352279663086,20.58352279663086,332.7586018446742,0.8,0.66679114
94,7,468,395.85516357421875,314.0193786621094,20.635251998901367,20.635251998901367,334.43323907029077,0.8,0.6672002
94,7,469,395.8297424316406,312.99755859375,20.512067794799805,20.512067794799805,330.4522915253778,0.8,0.6668623
94,7,470,394.8155212402344,312.98175048828125,20.63840103149414,20.63840103149414,334.5353189021284,0.8,0.6684986
94,7,471,394.8189697265625,312.0120849609375,20.91429901123047,20.91429901123047,343.5393637747387,0.8,0.67045486
94,7,472,393.8116149902344,311.98992919921875,20.692602157592773,20.692602157592773,336.29475759133487,0.8,0.67062384
94,7,473,393.8683776855469,311.9681701660156,21.176061630249023,21.176061630249023,352.1926317968538,0.8,0.6744832
94,7,474,392.7810363769531,310.9585266113281,21.1926212310791,21.1926212310791,352.74367380523387,0.8,0.6749723
94,7,475,392.8261413574219,310.9848937988281,21.031789779663086,21.031789779663086,347.4100244254884,0.8,0.6755858
94,7,476,391.7887878417969,309.9192199707031,21.391660690307617,21.391660690307617,359.40067128879105,0.8,0.6761015
94,7,477,391.80548095703125,309.9460144042969,21.543733596801758,21.543733596801758,364.52877952868295,0.8,0.67598593
94,7,478,391.8472595214844,308.9461975097656,21.356050491333008,21.356050491333008,358.2050953995706,0.8,0.67402965
94,7,479,390.8008728027344,308.9621887207031,21.465633392333984,21.465633392333984,361.8905954023961,0.8,0.6736028
94,7,480,390.8205871582031,308.927001953125,21.217723846435547,21.217723846435547,353.5798169991969,0.8,0.6756836
94,7,481,389.8371276855469,307.9210510253906,21.474401473999023,21.474401473999023,362.18629917154504,0.8,0.6764839
94,7,482,389.8006591796875,307.877197265625,21.55113410949707,21.55113410949707,364.7792619433095,0.8,0.68219286
94,7,483,388.8582763671875,306.8942565917969,21.758230209350586,21.758230209350586,371.8236554941193,0.8,0.66373825
94,7,484,388.8791198730469,306.9635314941406,22.025278091430664,22.025278091430664,381.0067610692695,0.8,0.6476017
94,7,485,387.8918762207031,305.92608642578125,22.017967224121094,22.017967224121094,380.753867319844,0.8,0.6484038
94,7,486,387.840576171875,305.9507751464844,21.944534301757812,21.944534301757812,378.2183703862195,0.8,0.6462
94,7,487,387.8719787597656,305.89697265625,21.08101463317871,21.08101463317871,349.038152170127,0.8,0.6877862
94,7,488,386.8763427734375,304.93896484375,22.1418399810791,22.1418399810791,385.0501500483074,0.8,0.64192826
94,7,489,386.8730163574219,304.9556579589844,21.061586380004883,21.061586380004883,348.39510183032775,0.8,0.6903295
94,7,490,385.9563903808594,303.93212890625,22.27530860900879,22.27530860900879,389.70622274364706,0.8,0.6331294
94,7,491,385.96435546875,303.9698486328125,20.863378524780273,20.863378524780273,341.86855511057996,0.8,0.6903562
94,7,492,384.9211120605469,302.9367370605469,22.28542709350586,22.28542709350586,390.06034865439835,0.8,0.63187665
94,7,493,384.9363098144531,302.9429016113281,22.360679626464844,22.360679626464844,392.69907648163826,0.8,0.6301272
94,7,494,383.96929931640625,302.9822998046875,22.335126876831055,22.335126876831055,391.8020726476138,0.8,0.6286297
94,7,495,383.9789123535156,301.92779541015625,22.32623863220215,22.32623863220215,391.49030009566417,0.8,0.6282294
94,7,496,383.9673156738281,301.98333740234375,22.330366134643555,22.330366134643555,391.6350648777213,0.8,0.6275622
94,7,497,382.9775695800781,300.8976135253906,22.361431121826172,22.361431121826172,392.72547250343564,0.8,0.630268
94,7,498,382.97088623046875,300.9759826660156,22.360679626464844,22.360679626464844,392.69907648163826,0.8,0.63125396
94,7,499,381.98114013671875,299.9608154296875,22.360679626464844,22.360679626464844,392.69907648163826,0.8,0.62885207
94,7,500,381.95782470703125,299.985107421875,22.331485748291016,22.331485748291016,391.6743379423192,0.8,0.62947476
110,8,217,143.23130798339844,97.51930236816406,14.085225105285645,14.085225105285645,155.81794257563325,0.8,0.8291517
110,8,218,142.42886352539062,96.48204803466797,17.544328689575195,17.544328689575195,241.7482793717935,0.8,0.7678891
110,8,219,139.02198791503906,94.02336120605469,14.142135620117188,14.142135620117188,157.07963259921203,0.8,0.8174292
110,8,220,137.96240234375,92.95056915283203,14.102639198303223,14.102639198303223,156.20346790193912,0.8,0.81577337
110,8,221,136.94564819335938,90.92179870605469,14.094857215881348,14.094857215881348,156.03112608115336,0.8,0.82665074
110,8,222,134.9554443359375,89.97626495361328,16.029537200927734,16.029537200927734,201.80496587495767,0.8,0.7939645
110,8,223,133.82411193847656,87.93524932861328,16.179508209228516,16.179508209228516,205.59877124060196,0.8,0.78956175
110,8,224,132.93075561523438,86.9234619140625,16.02894401550293,16.02894401550293,201.79003025355195,0.8,0.7942709
110,8,225,131.85025024414062,85.0302963256836,16.351839065551758,16.351839065551758,210.00183502886796,0.8,0.78724474
110,8,226,130.86187744140625,84.00556945800781,16.40776824951172,16.40776824951172,211.44085576267761,0.8,0.7891987
110,8,227,128.96780395507812,81.88056182861328,16.57615089416504,16.57615089416504,215.8028939662576,0.8,0.7907728
110,8,228,127.92644500732422,80.9433822631836,16.354633331298828,16.354633331298828,210.07361301903794,0.8,0.7878554
110,8,229,126.95571899414062,78.98311614990234,16.492422103881836,16.492422103881836,213.6282901181701,0.8,0.7871362
110,8,230,126.0098876953125,77.93721771240234,16.597537994384766,16.597537994384766,216.36012533081202,0.8,0.7870005
110,8,231,124.99058532714844,75.97164154052734,18.40707015991211,18.40707015991211,266.1087878341089,0.8,0.7483027
110,8,232,123.9941177368164,75.04397583007812,16.351306915283203,16.351306915283203,209.98816675412087,0.8,0.7852636
110,8,233,122.02890014648438,72.96690368652344,18.395999908447266,18.395999908447266,265.78880151101697,0.8,0.7512791
110,8,234,121.0697250366211,71.92908477783203,18.404186248779297,18.404186248779297,266.0254096570731,0.8,0.7519309
110,8,235,120.04486083984375,69.97687530517578,18.42215347290039,18.42215347290039,266.54508178167447,0.8,0.75014937
110,8,236,119.06887817382812,68.88790130615234,18.308088302612305,18.308088302612305,263.25454521283274,0.8,0.7471186
110,8,237,118.03325653076172,66.8766098022461,18.241308212280273,18.241308212280273,261.3375673660966,0.8,0.7502924
110,8,238,116.0582046508789,65.94786071777344,19.9732723236084,19.9732723236084,313.3201517048389,0.8,0.7243039
110,8,239,115.05561065673828,63.9642448425293,19.776321411132812,19.776321411132812,307.1714903716571,0.8,0.7422627
110,8,240,114.08819580078125,62.97972869873047,19.973112106323242,19.973112106323242,313.3151250770597,0.8,0.7237941
110,8,241,113.00993347167969,60.98207092285156,21.580411911010742,21.580411911010742,365.77106026483347,0.8,0.70760757
110,8,242,112.0160903930664,59.940895080566406,21.488338470458984,21.488338470458984,362.65657325075665,0.8,0.7079721
110,8,243,110.01934814453125,58.012001037597656,22.627647399902344,22.627647399902344,402.13204889171647,0.8,0.65904593
110,8,244,109.00050354003906,57.021461486816406,22.62751579284668,22.62751579284668,402.1273711397522,0.8,0.6557322
110,8,245,108.01105499267578,55.040496826171875,22.715463638305664,22.715463638305664,405.25939556056954,0.8,0.65584344
110,8,246,106.99531555175781,54.03957748413086,22.468225479125977,22.468225479125977,396.4856089086126,0.8,0.65508735
110,8,247,106.03250885009766,52.036834716796875,22.426441192626953,22.426441192626953,395.012287079859,0.8,0.6547759
110,8,248,104.0089340209961,51.046546936035156,22.66429901123047,22.66429901123047,403.43582776272257,0.8,0.65759295
110,8,249,102.98590850830078,49.95615005493164,22.715463638305664,22.715463638305664,405.25939556056954,0.8,0.6590756
110,8,250,102.02983856201172,51.09695816040039,22.564559936523438,22.564559936523438,399.8928302488949,0.8,0.657504
110,8,251,101.0143051147461,52.02171325683594,22.31064224243164,22.31064224243164,390.943526163658,0.8,0.65438306
110,8,252,100.03657531738281,54.03190994262695,22.32623863220215,22.32623863220215,391.49030009566417,0.8,0.65143996
110,8,253,98.05594635009766,54.96384811401367,22.29002571105957,22.29002571105957,390.2213438579948,0.8,0.6525297
110,8,254,96.97230529785156,57.05928421020508,22.174549102783203,22.174549102783203,386.1886240848893,0.8,0.6549243
110,8,255,96.01441192626953,58.038360595703125,22.303800582885742,22.303800582885742,390.7037937190423,0.8,0.6540643
110,8,256,94.9651870727539,60.005558013916016,22.333261489868164,22.333261489868164,391.73663026510445,0.8,0.6511954
110,8,257,93.98175811767578,61.03667068481445,22.031574249267578,22.031574249267578,381.2246217988405,0.8,0.67149574
110,8,258,91.95392608642578,62.91801071166992,22.05268096923828,22.05268096923828,381.9554143931025,0.8,0.6644223
110,8,259,90.9459228515625,63.90064239501953,22.003559112548828,22.003559112548828,380.2557151334288,0.8,0.6666991
110,8,260,89.94206237792969,65.9682846069336,21.963499069213867,21.963499069213867,378.87237586835863,0.8,0.66364443
110,8,261,88.9308090209961,66.92694091796875,22.198020935058594,22.198020935058594,387.00662060868785,0.8,0.6494533
110,8,262,87.9366455078125,68.91010284423828,22.2114315032959,22.2114315032959,387.4743691912453,0.8,0.64986104
110,8,263,85.89007568359375,69.89196014404297,21.767295837402344,21.767295837402344,372.13356279438227,0.8,0.69657195
110,8,264,84.92323303222656,71.87442016601562,22.027572631835938,22.027572631835938,381.0861499371145,0.8,0.6678659
110,8,265,83.8708267211914,72.90538024902344,21.88018226623535,21.88018226623535,376.0033828538209,0.8,0.66668284
110,8,266,82.88404846191406,74.89983367919922,20.40381622314453,20.40381622314453,326.9735991073469,0.8,0.6953627
110,8,267,81.88871765136719,75.87413787841797,20.54261589050293,20.54261589050293,331.4372926679091,0.8,0.70204085
110,8,268,79.89274597167969,78.06147766113281,19.94904327392578,19.94904327392578,312.56045195151484,0.8,0.72548044
110,8,269,78.9338607788086,78.97589111328125,20.994705200195312,20.994705200195312,346.1859539830669,0.8,0.7010627
110,8,270,77.87572479248047,80.98551940917969,20.436616897583008,20.436616897583008,328.0257135788606,0.8,0.70277894
110,8,271,76.8617172241211,81.94073486328125,20.340131759643555,20.340131759643555,324.93568214276246,0.8,0.69962204
110,8,272,75.86237335205078,83.90804290771484,20.46632957458496,20.46632957458496,328.9802362701963,0.8,0.70261
110,8,273,73.87149810791016,84.95562744140625,20.327938079833984,20.327938079833984,324.5462083598075,0.8,0.6998178
110,8,274,72.85987854003906,86.89192962646484,20.13666343688965,20.13666343688965,318.46734265146506,0.8,0.7118628
110,8,275,71.80021667480469,87.91388702392578,20.402711868286133,20.402711868286133,326.9382052274297,0.8,0.69650084
110,8,276,70.83147430419922,89.89253997802734,20.225107192993164,20.225107192993164,321.27101507293224,0.8,0.6996639
110,8,277,69.88373565673828,90.93035125732422,20.331645965576172,20.331645965576172,324.6646158445488,0.8,0.6955939
110,8,278,67.82563018798828,92.94749450683594,21.91879653930664,21.91879653930664,377.33169985028405,0.8,0.66682875
110,8,279,66.85181427001953,93.98670959472656,21.98282241821289,21.98282241821289,379.53932821902686,0.8,0.6667396
110,8,280,65.89625549316406,95.97923278808594,22.061559677124023,22.061559677124023,382.263037147925,0.8,0.6593583
110,8,281,64.89674377441406,96.99794006347656,22.067913055419922,22.067913055419922,382.4832402003889,0.8,0.6595443
110,8,282,63.9562873840332,99.030029296875,22.171157836914062,22.171157836914062,386.0705095611853,0.8,0.6565255
110,8,283,61.979591369628906,99.98471069335938,22.345943450927734,22.345943450927734,392.18165252315066,0.8,0.652982
110,8,284,61.002655029296875,101.97014617919922,22.39682388305664,22.39682388305664,393.9696360538301,0.8,0.6517365
110,8,285,60.07045364379883,102.95262908935547,22.627418518066406,22.627418518066406,402.1239136883955,0.8,0.6585271
110,8,286,59.04317092895508,104.96673583984375,22.360971450805664,22.360971450805664,392.7093266080972,0.8,0.6567405
110,8,287,58.012184143066406,105.9872817993164,22.44512176513672,22.44512176513672,395.67062862204955,0.8,0.65605843
110,8,288,56.110538482666016,108.00474548339844,22.38986587524414,22.38986587524414,393.7248854579796,0.8,0.6512917
110,8,289,55.07101821899414,108.90201568603516,22.551679611206055,22.551679611206055,399.43642607508906,0.8,0.65697026
110,8,290,54.07292938232422,110.96986389160156,22.419862747192383,22.419862747192383,394.78057972782915,0.8,0.65358245
110,8,291,52.99833679199219,112.03019714355469,22.3369083404541,22.3369083404541,391.8645758945763,0.8,0.64840066
110,8,292,52.08935546875,113.98603820800781,22.2746639251709,22.2746639251709,389.68366560002863,0.8,0.647852
110,8,293,50.968929290771484,115.0589370727539,22.303483963012695,22.303483963012695,390.6927011066362,0.8,0.6505356
110,8,294,50.00617980957031,117.03976440429688,22.361970901489258,22.361970901489258,392.7444326299696,0.8,0.6516328
110,8,295,50.97452163696289,118.05313873291016,22.28818702697754,22.28818702697754,390.1569685010514,0.8,0.65080255
110,8,296,52.02167892456055,120.00524139404297,22.409040451049805,22.409040451049805,394.39954250025914,0.8,0.6513585
110,8,297,52.95512771606445,121.05488586425781,22.287006378173828,22.287006378173828,390.1156348423643,0.8,0.64923835
110,8,298,53.98228073120117,123.002685546875,20.82726287841797,20.82726287841797,340.68599329983385,0.8,0.69668764
110,8,299,54.91537857055664,123.99861907958984,19.81346893310547,19.81346893310547,308.3265460819409,0.8,0.73715717
110,8,300,56.91178894042969,125.94536590576172,17.908838272094727,17.908838272094727,251.8979948292109,0.8,0.7476398
110,8,301,57.93287658691406,126.9905776977539,18.03870964050293,18.03870964050293,255.56467110990994,0.8,0.7454535
110,8,302,58.906185150146484,128.863525390625,17.585712432861328,17.585712432861328,242.89010112046108,0.8,0.77725756
110,8,303,59.91794967651367,129.91534423828125,16.058813095092773,16.058813095092773,202.54278080623394,0.8,0.7870405
110,8,304,60.953487396240234,131.8970489501953,15.816690444946289,15.816690444946289,196.48124947555786,0.8,0.79790854
110,8,305,62.942626953125,132.95950317382812,14.256820678710938,14.256820678710938,159.63762412610095,0.8,0.8120785
110,8,308,73.44445037841797,141.47259521484375,27.54016876220703,27.54016876220703,595.6937942958768,0.8,0.7060974
110,8,309,74.39906311035156,141.81051635742188,25.057476043701172,25.057476043701172,493.13352564089445,0.8,0.76048315
110,8,310,76.07717895507812,142.794921875,25.17509651184082,25.17509651184082,497.7739554204067,0.8,0.7618322
110,8,311,76.96012878417969,143.21673583984375,23.096033096313477,23.096033096313477,418.95238566200965,0.8,0.78796846
110,8,312,82.0707778930664,146.5239715576172,25.005203247070312,25.005203247070312,491.07820442173863,0.8,0.7252644
110,8,313,84.79039764404297,147.2321014404297,18.880775451660156,18.880775451660156,279.98162885379304,0.8,0.7722014
110,8,314,84.1291275024414,146.9542999267578,25.61893081665039,25.61893081665039,515.4800751376579,0.8,0.7373365
110,8,315,84.93386840820312,146.89111328125,24.541181564331055,24.541181564331055,473.02143187732685,0.8,0.7377255
110,8,316,86.70146179199219,148.412109375,25.449460983276367,25.449460983276367,508.68280601041516,0.8,0.71941644
110,8,317,89.1729736328125,148.5453643798828,25.820985794067383,25.820985794067383,523.6432611085056,0.8,0.6836118
110,8,318,77.569091796875,144.23951721191406,12.255537033081055,12.255537033081055,117.96538097665103,0.8,0.73951524
110,8,319,76.0055923461914,135.0200653076172,12.776917457580566,12.776917457580566,128.21595150171322,0.8,0.808841
110,8,320,75.95267486572266,134.85110473632812,12.971579551696777,12.971579551696777,132.15256843204386,0.8,0.81097573
110,8,321,75.98085021972656,133.89105224609375,11.834334373474121,11.834334373474121,109.99616736874302,0.8,0.83330363
110,8,322,74.92855834960938,133.98973083496094,11.907044410705566,11.907044410705566,111.35195037317571,0.8,0.83502674
110,8,324,72.82262420654297,126.25389099121094,28.308141708374023,28.308141708374023,629.3795148720959,0.8,0.5723739
110,8,325,72.30836486816406,127.26290130615234,26.99333381652832,26.99333381652832,572.2725731724665,0.8,0.5925657
110,8,326,71.78883361816406,127.30670928955078,25.371994018554688,25.371994018554688,505.59070611608604,0.8,0.6376471
110,8,327,71.30585479736328,127.8187484741211,24.65073585510254,24.65073585510254,477.2540883690764,0.8,0.63041884
110,8,328,70.85071563720703,128.3672332763672,24.81182861328125,24.81182861328125,483.5121887946814,0.8,0.6310839
110,8,329,70.29359436035156,128.35324096679688,24.086183547973633,24.086183547973633,455.64421895751536,0.8,0.65138215
110,8,330,69.81582641601562,128.83416748046875,24.544815063476562,24.544815063476562,473.16151072387305,0.8,0.6311906
110,8,331,69.28958129882812,129.34706115722656,24.457788467407227,24.457788467407227,469.81215686390084,0.8,0.66153324
110,8,332,68.31723022460938,129.43362426757812,24.354705810546875,24.354705810546875,465.8602519619848,0.8,0.6626022
110,8,333,68.39698791503906,129.9241943359375,24.728675842285156,24.728675842285156,480.27679586405924,0.8,0.64274514
110,8,334,67.886474609375,130.9066162109375,24.740015029907227,24.740015029907227,480.717353000018,0.8,0.6417945
110,8,335,67.3542709350586,130.92469787597656,27.25690269470215,27.25690269470215,583.5027254537515,0.8,0.59669703
110,8,336,66.8421401977539,131.39678955078125,28.18938446044922,28.18938446044922,624.109893181415,0.8,0.58140755
110,8,337,65.94120788574219,131.84658813476562,28.458059310913086,28.458059310913086,636.0634517614675,0.8,0.56551725
110,8,340,72.03058624267578,127.96941375732422,12.399670600891113,12.399670600891113,120.75640569472273,0.8,0.81106853
110,8,341,72.01431274414062,127.03709411621094,12.256814956665039,12.256814956665039,117.9899835055594,0.8,0.8114166
110,8,342,70.9443359375,127.05010223388672,14.169746398925781,14.169746398925781,157.69358864174555,0.8,0.7744488
110,8,343,71.03530883789062,126.03874969482422,16.124515533447266,16.124515533447266,204.2035234166897,0.8,0.73082304
110,8,344,71.01651000976562,126.0135269165039,16.024606704711914,16.024606704711914,201.68083932243138,0.8,0.7588389
110,8,345,70.98836517333984,125.98638916015625,16.527864456176758,16.527864456176758,214.54745464929084,0.8,0.72808194
110,8,346,71.00004577636719,125.0242691040039,19.521141052246094,19.521141052246094,299.2955642615957,0.8,0.6804736
110,8,347,70.01641845703125,125.07438659667969,18.82708168029785,18.82708168029785,278.3914512098628,0.8,0.67848575
110,8,348,70.0113754272461,125.01883697509766,20.099750518798828,20.099750518798828,317.3008351715834,0.8,0.61776716
110,8,349,70.0119857788086,124.01627349853516,20.880613327026367,20.880613327026367,342.4336093829699,0.8,0.62146634
110,8,350,70.00231170654297,124.01293182373047,20.880613327026367,20.880613327026367,342.4336093829699,0.8,0.61730474
110,8,351,69.98448181152344,123.99781036376953,20.099750518798828,20.099750518798828,317.3008351715834,0.8,0.6181406
110,8,352,68.99573516845703,123.02622985839844,20.23324966430664,20.23324966430664,321.5297495832317,0.8,0.6222222
110,8,353,68.9828872680664,123.0160903930664,20.880613327026367,20.880613327026367,342.4336093829699,0.8,0.6174381
110,8,354,68.99423217773438,123.03380584716797,20.880613327026367,20.880613327026367,342.4336093829699,0.8,0.61490375
110,8,355,68.98019409179688,121.99764251708984,20.880613327026367,20.880613327026367,342.4336093829699,0.8,0.6135699
110,8,356,69.00326538085938,122.0804443359375,20.675350189208984,20.675350189208984,335.73423572493493,0.8,0.61206704
110,8,357,68.01122283935547,122.02072143554688,20.099750518798828,20.099750518798828,317.3008351715834,0.8,0.61675334
110,8,358,68.01592254638672,121.02408599853516,20.827686309814453,20.827686309814453,340.6998461630898,0.8,0.61172915
110,8,359,68.01239013671875,120.95487213134766,20.740877151489258,20.740877151489258,337.8657117523385,0.8,0.61385447
110,8,360,68.02839660644531,119.9559097290039,20.583154678344727,20.583154678344727,332.74669975851884,0.8,0.61198705
110,8,361,68.05773162841797,119.98480987548828,20.69472312927246,20.69472312927246,336.36370089834605,0.8,0.60847455
110,8,362,67.98986053466797,120.00878143310547,20.575511932373047,20.575511932373047,332.49964080190733,0.8,0.61108
110,8,363,67.02716827392578,119.00471496582031,20.0,20.0,314.1592653589793,0.8,0.6461471
110,8,364,67.04730987548828,118.9378662109375,20.566913604736328,20.566913604736328,332.221801446383,0.8,0.60867906
110,8,365,66.957763671875,118.95418548583984,20.6718807220459,20.6718807220459,335.6215681122109,0.8,0.61142683
110,8,366,66.98377227783203,118.01297760009766,20.733837127685547,20.733837127685547,337.63638885941947,0.8,0.61160463
110,8,367,66.9629898071289,118.01139831542969,20.060213088989258,20.060213088989258,316.05376289138013,0.8,0.62314665
110,8,368,65.963134765625,118.0115966796875,20.05569076538086,20.05569076538086,315.9112782349594,0.8,0.6244632
110,8,369,65.96985626220703,117.00576782226562,20.081783294677734,20.081783294677734,316.7338164777788,0.8,0.6139078
110,8,370,65.98046112060547,117.04499816894531,20.07268524169922,20.07268524169922,316.446888944324,0.8,0.6344818
110,8,371,65.9641342163086,116.9658432006836,20.08112335205078,20.08112335205078,316.7129993312897,0.8,0.6152861
110,8,372,65.9327163696289,115.97237396240234,20.827686309814453,20.827686309814453,340.6998461630898,0.8,0.61677116
110,8,373,64.93522644042969,116.02400207519531,20.880613327026367,20.880613327026367,342.4336093829699,0.8,0.6150904
110,8,374,64.97918701171875,115.9413833618164,20.827686309814453,20.827686309814453,340.6998461630898,0.8,0.6168423
110,8,375,64.94692993164062,114.94678497314453,20.71772575378418,20.71772575378418,337.11186727104996,0.8,0.6154284
110,8,376,64.95884704589844,114.9773178100586,20.659774780273438,20.659774780273438,335.2285873750516,0.8,0.61568624
110,8,377,64.93658447265625,113.9703598022461,20.63803482055664,20.63803482055664,334.52344691595533,0.8,0.6123695
110,8,378,63.98025131225586,113.96852111816406,20.07928466796875,20.07928466796875,316.6550037221684,0.8,0.61547285
110,8,379,63.943233489990234,113.9657974243164,20.71772575378418,20.71772575378418,337.11186727104996,0.8,0.61724246
110,8,380,63.9305419921875,112.94074249267578,20.07268524169922,20.07268524169922,316.446888944324,0.8,0.6375
110,8,381,63.961917877197266,112.98729705810547,20.103439331054688,20.103439331054688,317.4173113052819,0.8,0.6163532
110,8,382,63.95800018310547,112.96166229248047,20.089937210083008,20.089937210083008,316.9910789952953,0.8,0.6191099
110,8,383,63.03748321533203,111.96739959716797,20.561735153198242,20.561735153198242,332.05452521364214,0.8,0.6147704
110,8,384,62.98033905029297,111.96117401123047,20.880613327026367,20.880613327026367,342.4336093829699,0.8,0.6195279
110,8,385,63.031036376953125,112.0322494506836,20.880613327026367,20.880613327026367,342.4336093829699,0.8,0.615953
110,8,386,62.93772506713867,110.972412109375,20.880613327026367,20.880613327026367,342.4336093829699,0.8,0.6180784
110,8,387,63.000587463378906,110.9857177734375,20.880613327026367,20.880613327026367,342.4336093829699,0.8,0.61943
110,8,388,61.98274230957031,110.99485778808594,20.099750518798828,20.099750518798828,317.3008351715834,0.8,0.6183718
110,8,389,61.96889877319336,109.95856475830078,20.118085861206055,20.118085861206055,317.8799939040893,0.8,0.6164866
110,8,390,61.9310417175293,109.99756622314453,20.880613327026367,20.880613327026367,342.4336093829699,0.8,0.61627316
110,8,391,62.008026123046875,110.0154800415039,20.08112335205078,20.08112335205078,316.7129993312897,0.8,0.6177583
110,8,392,62.00775146484375,108.99837493896484,20.880613327026367,20.880613327026367,342.4336093829699,0.8,0.6116579
110,8,393,60.989707946777344,108.99430084228516,20.16749382019043,20.16749382019043,319.44327261059084,0.8,0.6169402
110,8,394,61.02812957763672,108.00143432617188,20.16023826599121,20.16023826599121,319.2134650719444,0.8,0.61563295
110,8,395,61.04133224487305,108.0036392211914,20.099750518798828,20.099750518798828,317.3008351715834,0.8,0.61403227
110,8,396,61.01727294921875,107.97470092773438,20.880613327026367,20.880613327026367,342.4336093829699,0.8,0.6144147
110,8,397,60.99418640136719,106.98739624023438,20.099750518798828,20.099750518798828,317.3008351715834,0.8,0.6181584
110,8,398,59.993499755859375,106.99524688720703,20.099750518798828,20.099750518798828,317.3008351715834,0.8,0.6121383
110,8,399,59.990909576416016,106.995849609375,20.880613327026367,20.880613327026367,342.4336093829699,0.8,0.61221826
110,8,400,60.01017761230469,105.96343994140625,20.880613327026367,20.880613327026367,342.4336093829699,0.8,0.6122182
110,8,401,60.05727767944336,106.02588653564453,20.08112335205078,20.08112335205078,316.7129993312897,0.8,0.6312605
110,8,402,59.962432861328125,105.97847747802734,20.880613327026367,20.880613327026367,342.4336093829699,0.8,0.6176337
110,8,403,59.029327392578125,104.9425048828125,20.104244232177734,20.104244232177734,317.4427293107067,0.8,0.62448186
110,8,404,59.011077880859375,104.97663116455078,20.099750518798828,20.099750518798828,317.3008351715834,0.8,0.6140856
110,8,405,59.050899505615234,105.00835418701172,20.07928466796875,20.07928466796875,316.6550037221684,0.8,0.631662
110,8,406,59.068721771240234,103.99695587158203,20.880613327026367,20.880613327026367,342.4336093829699,0.8,0.6115958
110,8,407,59.0008659362793,103.99905395507812,20.880613327026367,20.880613327026367,342.4336093829699,0.8,0.6163443
110,8,408,58.01433181762695,104.0411605834961,20.827686309814453,20.827686309814453,340.6998461630898,0.8,0.614548
110,8,409,58.05592727661133,102.95995330810547,20.880613327026367,20.880613327026367,342.4336093829699,0.8,0.6118181
110,8,410,58.046627044677734,103.02180480957031,20.08112335205078,20.08112335205078,316.7129993312897,0.8,0.6311018
110,8,411,58.02191925048828,102.9654312133789,20.880613327026367,20.880613327026367,342.4336093829699,0.8,0.61108
110,8,412,58.02777099609375,101.95978546142578,20.6794376373291,20.6794376373291,335.86699593526487,0.8,0.6078787
110,8,413,57.01165771484375,101.99073791503906,20.639598846435547,20.639598846435547,334.57415166161155,0.8,0.608021
110,8,414,57.015869140625,100.99445343017578,20.880613327026367,20.880613327026367,342.4336093829699,0.8,0.6068294
110,8,415,57.02413558959961,101.018310546875,20.653453826904297,20.653453826904297,335.0234892906931,0.8,0.6093282
110,8,416,56.97877502441406,101.04057312011719,20.03728675842285,20.03728675842285,315.33175536326854,0.8,0.6363922
110,8,417,57.00481414794922,100.03877258300781,20.697662353515625,20.697662353515625,336.4592536192747,0.8,0.6054867
110,8,418,55.967525482177734,99.9887924194336,20.880613327026367,20.880613327026367,342.4336093829699,0.8,0.61028856
110,8,419,56.02531051635742,100.01863861083984,20.650165557861328,20.650165557861328,334.9168185439769,0.8,0.605958
110,8,420,55.92430877685547,99.0378646850586,20.71772575378418,20.71772575378418,337.11186727104996,0.8,0.6081633
110,8,421,56.08955383300781,99.01478576660156,20.649431228637695,20.649431228637695,334.8929993805131,0.8,0.60487306
110,8,422,56.02659225463867,99.03056335449219,20.493669509887695,20.493669509887695,329.85975947507956,0.8,0.60434836
110,8,423,55.03593826293945,98.0121841430664,20.03728675842285,20.03728675842285,315.33175536326854,0.8,0.62730163
110,8,424,54.955482482910156,98.0413818359375,20.07928466796875,20.07928466796875,316.6550037221684,0.8,0.63379407
110,8,425,55.015750885009766,98.01042175292969,20.046552658081055,20.046552658081055,315.6234623209142,0.8,0.61419237
110,8,426,55.01884460449219,97.03836059570312,20.03728675842285,20.03728675842285,315.33175536326854,0.8,0.6498922
110,8,427,55.05967330932617,97.0455322265625,20.022438049316406,20.022438049316406,314.864572889229,0.8,0.64811766
110,8,428,53.998687744140625,97.01695251464844,20.049875259399414,20.049875259399414,315.7280965547558,0.8,0.6172069
110,8,429,54.049869537353516,96.02613067626953,20.099750518798828,20.099750518798828,317.3008351715834,0.8,0.6207105
110,8,430,54.030086517333984,96.02833557128906,20.827686309814453,20.827686309814453,340.6998461630898,0.8,0.61719793
110,8,431,54.06346130371094,95.01589965820312,20.095726013183594,20.095726013183594,317.1737837289237,0.8,0.6360878
110,8,432,54.058441162109375,94.99761962890625,20.095726013183594,20.095726013183594,317.1737837289237,0.8,0.6355649
110,8,433,52.99463653564453,95.00318145751953,20.880613327026367,20.880613327026367,342.4336093829699,0.8,0.61537504
110,8,434,53.006351470947266,94.01023864746094,20.099750518798828,20.099750518798828,317.3008351715834,0.8,0.6161843
110,8,435,52.98833465576172,93.9913330078125,20.880613327026367,20.880613327026367,342.4336093829699,0.8,0.61609536
110,8,436,53.111473083496094,94.01558685302734,20.880613327026367,20.880613327026367,342.4336093829699,0.8,0.6164332
110,8,437,53.06425094604492,93.00714874267578,20.095726013183594,20.095726013183594,317.1737837289237,0.8,0.63202614
110,8,438,51.97443771362305,93.00747680664062,20.16023826599121,20.16023826599121,319.2134650719444,0.8,0.6167978
110,8,439,52.032413482666016,93.00293731689453,20.880613327026367,20.880613327026367,342.4336093829699,0.8,0.617029
110,8,440,52.01334762573242,92.01813507080078,20.455623626708984,20.455623626708984,328.6361468176123,0.8,0.6172514
110,8,441,52.001033782958984,92.0149154663086,20.118085861206055,20.118085861206055,317.8799939040893,0.8,0.61610425
110,8,442,52.021907806396484,92.02298736572266,20.880613327026367,20.880613327026367,342.4336093829699,0.8,0.6161487
110,8,443,51.01670837402344,90.99369049072266,20.880613327026367,20.880613327026367,342.4336093829699,0.8,0.6157574
110,8,444,51.02094650268555,91.03425598144531,20.880613327026367,20.880613327026367,342.4336093829699,0.8,0.6187097
110,8,445,51.04456329345703,91.01270294189453,20.880613327026367,20.880613327026367,342.4336093829699,0.8,0.6150727
110,8,446,51.01389694213867,89.99807739257812,20.099750518798828,20.099750518798828,317.3008351715834,0.8,0.6160509
110,8,447,51.005043029785156,90.03282928466797,20.880613327026367,20.880613327026367,342.4336093829699,0.8,0.615046
110,8,448,49.980384826660156,89.01451110839844,20.880613327026367,20.880613327026367,342.4336093829699,0.8,0.6155885
110,8,449,50.026710510253906,89.0590591430664,20.85275650024414,20.85275650024414,341.5205374797887,0.8,0.61577517
110,8,450,50.02167510986328,89.00218963623047,20.908443450927734,20.908443450927734,343.34702322772574,0.8,0.61620206
110,8,451,50.0130500793457,87.97566986083984,20.099750518798828,20.099750518798828,317.3008351715834,0.8,0.6129386
110,8,452,50.03118133544922,88.00320434570312,20.827686309814453,20.827686309814453,340.6998461630898,0.8,0.6152594
110,8,453,50.077335357666016,87.98855590820312,20.880613327026367,20.880613327026367,342.4336093829699,0.8,0.6146636
110,8,454,49.96259307861328,86.9791259765625,20.880613327026367,20.880613327026367,342.4336093829699,0.8,0.61560625
110,8,455,49.976322174072266,86.97486114501953,20.099750518798828,20.099750518798828,317.3008351715834,0.8,0.61659336
110,8,456,49.98548889160156,86.99374389648438,20.118085861206055,20.118085861206055,317.8799939040893,0.8,0.6143347
110,8,457,49.96522903442383,85.97884368896484,20.731792449951172,20.731792449951172,337.5697997797056,0.8,0.61071545
110,8,458,49.939430236816406,85.96244049072266,20.099750518798828,20.099750518798828,317.3008351715834,0.8,0.6232587
110,8,459,50.981788635253906,85.98108673095703,20.827686309814453,20.827686309814453,340.6998461630898,0.8,0.6119425
110,8,460,50.973751068115234,85.0177001953125,20.880613327026367,20.880613327026367,342.4336093829699,0.8,0.6139078
110,8,461,50.96696472167969,84.96772003173828,20.740877151489258,20.740877151489258,337.8657117523385,0.8,0.6142279
110,8,462,50.96571731567383,84.97076416015625,20.880613327026367,20.880613327026367,342.4336093829699,0.8,0.6139789
110,8,463,51.00981140136719,83.95797729492188,20.069337844848633,20.069337844848633,316.3413539864979,0.8,0.62359476
110,8,464,51.98628616333008,83.97042846679688,20.07928466796875,20.07928466796875,316.6550037221684,0.8,0.6123872
110,8,465,51.93052673339844,83.0546875,20.094419479370117,20.094419479370117,317.13254264096685,0.8,0.64102936
110,8,466,51.98218536376953,82.99335479736328,20.077316284179688,20.077316284179688,316.59292302206376,0.8,0.61152464
110,8,467,51.97350311279297,82.88643646240234,20.64097023010254,20.64097023010254,334.61861422832163,0.8,0.61070657
110,8,468,51.936676025390625,81.99826049804688,20.099750518798828,20.099750518798828,317.3008351715834,0.8,0.62422967
110,8,469,52.98038864135742,81.95951080322266,20.490646362304688,20.490646362304688,329.7624473581393,0.8,0.611409
110,8,470,52.974395751953125,81.97810363769531,20.645418167114258,20.645418167114258,334.7628441619516,0.8,0.61255616
110,8,471,52.97514343261719,80.93402099609375,20.5270938873291,20.5270938873291,330.93661377511495,0.8,0.61202264
110,8,472,52.983821868896484,80.95073699951172,20.827686309814453,20.827686309814453,340.6998461630898,0.8,0.61708236
110,8,473,53.0154914855957,80.979248046875,20.6138916015625,20.6138916015625,333.7412262429817,0.8,0.6137833
110,8,474,53.99928283691406,79.87928009033203,20.65256118774414,20.65256118774414,334.9945305871211,0.8,0.6115513
110,8,475,54.00630187988281,79.98155975341797,20.629371643066406,20.629371643066406,334.2426616794032,0.8,0.61329424
110,8,476,53.99885940551758,79.92237091064453,20.057479858398438,20.057479858398438,315.9676432715095,0.8,0.6233894
110,8,477,53.99728775024414,78.93389892578125,20.047752380371094,20.047752380371094,315.66124156807723,0.8,0.623212
110,8,478,53.95074462890625,78.96004486083984,20.024057388305664,20.024057388305664,314.91550505805253,0.8,0.6333627
110,8,479,54.97830581665039,78.94609069824219,20.057479858398438,20.057479858398438,315.9676432715095,0.8,0.6231092
110,8,480,55.024879455566406,77.96331024169922,20.553335189819336,20.553335189819336,331.7832761100225,0.8,0.60918593
110,8,481,54.96388626098633,77.92867279052734,20.715150833129883,20.715150833129883,337.0280759922354,0.8,0.61324084
110,8,482,54.99502182006836,76.98544311523438,20.70587158203125,20.70587158203125,336.72620344253204,0.8,0.61021745
110,8,483,55.03065872192383,76.95992279052734,20.0402889251709,20.0402889251709,315.42625412868716,0.8,0.64263725
110,8,484,56.01179122924805,76.93523406982422,20.68610954284668,20.68610954284668,336.0837556358336,0.8,0.61071545
110,8,485,56.04035568237305,75.95034790039062,20.66080665588379,20.66080665588379,335.2620749464719,0.8,0.6115513
110,8,486,55.99252700805664,75.9367446899414,20.740877151489258,20.740877151489258,337.8657117523385,0.8,0.6109555
110,8,487,56.010616302490234,75.93169403076172,20.827686309814453,20.827686309814453,340.6998461630898,0.8,0.61282295
110,8,488,56.02238082885742,74.88629913330078,20.724687576293945,20.724687576293945,337.33846620694806,0.8,0.6113024
110,8,489,56.98501205444336,74.96392059326172,20.733837127685547,20.733837127685547,337.63638885941947,0.8,0.6105732
110,8,490,56.99319076538086,74.92269134521484,20.880613327026367,20.880613327026367,342.4336093829699,0.8,0.6090881
110,8,491,56.962745666503906,73.94503021240234,20.058971405029297,20.058971405029297,316.01463800865173,0.8,0.626304
110,8,492,57.008544921875,73.90355682373047,20.097095489501953,20.097095489501953,317.2170144920928,0.8,0.6185528
110,8,493,57.0042724609375,73.91205596923828,20.720394134521484,20.720394134521484,337.1987108515508,0.8,0.60768306
110,8,494,58.01960372924805,72.9238510131836,20.072845458984375,20.072845458984375,316.451940631547,0.8,0.61876744
110,8,495,57.96297836303711,72.92359161376953,20.695724487304688,20.695724487304688,336.39625302677285,0.8,0.6082344
110,8,496,57.97918701171875,72.98374938964844,20.049970626831055,20.049970626831055,315.73110008957934,0.8,0.6066071
110,8,497,58.07741928100586,71.9601821899414,20.591594696044922,20.591594696044922,333.01963788313014,0.8,0.60478413
110,8,498,58.026554107666016,71.9257583618164,20.626813888549805,20.626813888549805,334.15978395594766,0.8,0.60539776
110,8,499,58.96326446533203,70.97071838378906,20.079116821289062,20.079116821289062,316.6497097817002,0.8,0.6093638
110,8,500,59.018882751464844,70.89826965332031,20.63840103149414,20.63840103149414,334.5353189021284,0.8,0.6050598
127,9,240,391.7321472167969,456.96539306640625,19.409746170043945,19.409746170043945,295.88952679277503,0.8,0.83314323
127,9,241,390.5869140625,458.91259765625,21.65597915649414,21.65597915649414,368.3371563236029,0.8,0.7997284
127,9,242,389.69805908203125,460.12432861328125,22.0069637298584,22.0069637298584,380.37339839930917,0.8,0.79435265
127,9,243,388.7496337890625,461.93524169921875,21.980609893798828,21.980609893798828,379.46293240826327,0.8,0.7922784
127,9,244,387.7579345703125,459.99169921875,22.031150817871094,22.031150817871094,381.20996820024214,0.8,0.7817097
127,9,245,386.8482360839844,459.0002136230469,22.086803436279297,22.086803436279297,383.13834034608806,0.8,0.78518957
127,9,246,385.8050231933594,456.93341064453125,22.34363555908203,22.34363555908203,392.10064756582614,0.8,0.78692555
127,9,247,384.9580383300781,456.1072082519531,21.94890594482422,21.94890594482422,378.3690776545478,0.8,0.7972128
127,9,248,384.8231201171875,453.9367980957031,21.963340759277344,21.963340759277344,378.86691416615685,0.8,0.78969365
127,9,249,383.9626770019531,453.0325622558594,21.79912757873535,21.79912757873535,373.22274913541384,0.8,0.80700725
127,9,250,382.8222351074219,450.9797058105469,19.698022842407227,19.698022842407227,304.7439937790374,0.8,0.82308567
127,9,251,381.89776611328125,450.0007629394531,19.16902732849121,19.16902732849121,288.59581862647366,0.8,0.82845044
127,9,252,380.90625,448.1659851074219,19.253360748291016,19.253360748291016,291.14073752786095,0.8,0.8320678
127,9,253,380.01702880859375,447.1385803222656,19.33739471435547,19.33739471435547,293.6877321200091,0.8,0.8327847
127,9,254,378.9608459472656,445.14910888671875,18.969318389892578,18.969318389892578,282.6137796811545,0.8,0.831253
127,9,256,378.0939636230469,442.0104064941406,18.821449279785156,18.821449279785156,278.2249062686861,0.8,0.83332795
127,9,257,377.0224914550781,441.12750244140625,19.17747688293457,19.17747688293457,288.85029617265633,0.8,0.8346532
127,9,258,375.9042663574219,439.24884033203125,19.05219841003418,19.05219841003418,285.0887452846205,0.8,0.8336973
127,9,259,374.802490234375,438.14508056640625,19.358842849731445,19.358842849731445,294.3395828618804,0.8,0.8366085
127,9,260,374.05047607421875,436.3078308105469,18.89155387878418,18.89155387878418,280.3013851012928,0.8,0.8339688
127,9,261,373.01910400390625,435.2396240234375,19.386587142944336,19.386587142944336,295.1838580611713,0.8,0.83642393
127,9,262,372.1033020019531,434.2228088378906,19.55391502380371,19.55391502380371,300.30138031698306,0.8,0.8370757
127,9,263,370.9128112792969,432.1821594238281,19.244352340698242,19.244352340698242,290.8683590172112,0.8,0.83955246
127,9,264,370.9216613769531,430.9916076660156,19.786165237426758,19.786165237426758,307.47736073826275,0.8,0.83619577
127,9,265,369.8056640625,428.99822998046875,20.087560653686523,20.087560653686523,316.91608596673467,0.8,0.8225117
127,9,266,368.7142333984375,428.0683898925781,21.941307067871094,21.941307067871094,378.10713454297155,0.8,0.8048614
127,9,267,367.937744140625,425.97772216796875,21.91632843017578,21.91632843017578,377.2467277233682,0.8,0.80549186
127,9,268,366.8660583496094,425.05377197265625,21.709999084472656,21.709999084472656,370.1770512836532,0.8,0.816122
127,9,269,365.8791809082031,423.0704040527344,22.0865478515625,22.0865478515625,383.12947317452904,0.8,0.80495864
127,9,270,364.7532043457031,422.040283203125,24.283458709716797,24.283458709716797,463.1385895488951,0.8,0.772621
127,9,271,363.794921875,419.94195556640625,22.779525756835938,22.779525756835938,407.54844275142733,0.8,0.79956263
127,9,272,363.7203369140625,418.94732666015625,22.532678604125977,22.532678604125977,398.763616144552,0.8,0.80351853
127,9,273,362.85675048828125,416.8621520996094,24.185758590698242,24.185758590698242,459.4193771520073,0.8,0.7785812
127,9,274,361.7565002441406,415.9096984863281,22.034832000732422,22.034832000732422,381.3373715167588,0.8,0.8084913
127,9,275,360.904541015625,413.9514465332031,20.379941940307617,20.379941940307617,326.20887028505047,0.8,0.82580584
127,9,278,355.0531311035156,406.81341552734375,26.238121032714844,26.238121032714844,540.698722541319,0.8,0.76467234
127,9,279,354.9449768066406,406.0118103027344,24.62994956970215,24.62994956970215,476.4495560277722,0.8,0.7887874
127,9,280,355.2112731933594,405.3050842285156,24.724334716796875,24.724334716796875,480.10818523183536,0.8,0.7876141
127,9,281,354.9291687011719,404.91204833984375,24.248065948486328,24.248065948486328,461.7895388761596,0.8,0.78706825
127,9,282,354.7267150878906,403.85986328125,23.402637481689453,23.402637481689453,430.1495687626445,0.8,0.80692387
127,9,283,353.82012939453125,402.9867248535156,23.581972122192383,23.581972122192383,436.7673086116179,0.8,0.804181
127,9,284,352.79052734375,400.8749694824219,23.74397850036621,23.74397850036621,442.7890394679187,0.8,0.7962986
127,9,285,351.75897216796875,399.9001159667969,23.82280921936035,23.82280921936035,445.73406587060373,0.8,0.789134
127,9,286,350.8122863769531,397.81689453125,23.860382080078125,23.860382080078125,447.141180433359,0.8,0.7884328
127,9,287,350.26019287109375,397.4378967285156,23.059560775756836,23.059560775756836,417.63024512518365,0.8,0.8056118
127,9,288,350.8597717285156,396.19342041015625,23.9920597076416,23.9920597076416,452.09004966521826,0.8,0.8031863
127,9,289,350.4366455078125,395.72528076171875,24.90342140197754,24.90342140197754,487.0885451908204,0.8,0.79658043
127,9,290,350.0357360839844,394.5226135253906,26.43962860107422,26.43962860107422,549.0356967416897,0.8,0.7775599
127,9,293,358.94342041015625,404.9318542480469,11.864890098571777,11.864890098571777,110.56491108314447,0.8,0.8404932
127,9,294,358.97894287109375,404.88189697265625,13.106060981750488,13.106060981750488,134.9069271117329,0.8,0.81712496
127,9,295,359.8768615722656,404.9425048828125,14.391824722290039,14.391824722290039,162.6752952290696,0.8,0.77861434
127,9,296,360.9058532714844,405.9571228027344,16.101442337036133,16.101442337036133,203.6195360134103,0.8,0.74406
127,9,297,360.9254150390625,405.993896484375,16.116209030151367,16.116209030151367,203.99318775286505,0.8,0.742748
127,9,298,361.9465637207031,407.06634521484375,15.481291770935059,15.481291770935059,188.23668797270483,0.8,0.77650553
127,9,299,362.97027587890625,407.0712890625,15.343305587768555,15.343305587768555,184.89610013535759,0.8,0.7827625
127,9,300,363.9943542480469,407.14495849609375,14.227299690246582,14.227299690246582,158.97719899847564,0.8,0.7972735
127,9,301,363.905517578125,408.10040283203125,14.303303718566895,14.303303718566895,160.6802884119686,0.8,0.7813508
127,9,302,364.946533203125,408.1195068359375,12.747069358825684,12.747069358825684,127.6176018178186,0.8,0.8244808
127,9,303,365.8829040527344,408.1114807128906,12.634108543395996,12.634108543395996,125.3658035884467,0.8,0.8259195
127,9,304,366.0019836425781,409.1398010253906,12.711257934570312,12.711257934570312,126.90155512942773,0.8,0.8190974
127,9,305,367.0057067871094,409.01708984375,12.669496536254883,12.669496536254883,126.06908350114296,0.8,0.8202112
127,9,306,368.81658935546875,409.1983642578125,29.62961196899414,29.62961196899414,689.5119689482856,0.8,0.45385623
127,9,308,369.72198486328125,409.9491271972656,29.004274368286133,29.004274368286133,660.7145804647481,0.8,0.46827543
127,9,310,372.23297119140625,410.6297912597656,28.411319732666016,28.411319732666016,633.975823551473,0.8,0.5039116
127,9,311,371.06414794921875,411.0636291503906,12.587666511535645,12.587666511535645,124.44582707222924,0.8,0.8174034
127,9,312,372.0702209472656,412.0042724609375,12.605713844299316,12.605713844299316,124.8029266617005,0.8,0.81487405
127,9,313,373.0365295410156,412.0367431640625,12.743112564086914,12.743112564086914,127.53838701637773,0.8,0.8168929
127,9,314,372.9736328125,411.98052978515625,12.605713844299316,12.605713844299316,124.8029266617005,0.8,0.81322664
127,9,315,373.98095703125,413.0711975097656,14.205336570739746,14.205336570739746,158.48674188796832,0.8,0.7764183
127,9,316,374.9920654296875,412.9873962402344,14.179494857788086,14.179494857788086,157.91064238729672,0.8,0.77720255
127,9,317,375.9535217285156,412.9803466796875,14.25548267364502,14.25548267364502,159.60766149535783,0.8,0.77741176
127,9,318,375.9701843261719,414.0416564941406,16.024606704711914,16.024606704711914,201.68083932243138,0.8,0.75439644
127,9,319,376.9889831542969,414.0533447265625,15.971081733703613,15.971081733703613,200.33579132801566,0.8,0.77080065
127,9,320,377.9952087402344,415.05169677734375,18.061845779418945,18.061845779418945,256.2206572270505,0.8,0.69792455
127,9,321,377.95147705078125,415.1011657714844,18.161800384521484,18.161800384521484,259.0643642597628,0.8,0.69971335
127,9,322,379.0024719238281,415.0095520019531,18.510879516601562,18.510879516601562,269.11877022278003,0.8,0.6763348
127,9,323,379.9655456542969,416.0866394042969,20.08814239501953,20.08814239501953,316.93444218818786,0.8,0.64470595
127,9,324,379.9636535644531,416.0841979980469,20.057479858398438,20.057479858398438,315.9676432715095,0.8,0.65321565
127,9,325,380.9405517578125,416.0654602050781,20.740877151489258,20.740877151489258,337.8657117523385,0.8,0.62446314
127,9,326,381.9716491699219,417.0502014160156,20.880613327026367,20.880613327026367,342.4336093829699,0.8,0.624303
127,9,327,382.9693298339844,417.0600280761719,20.827686309814453,20.827686309814453,340.6998461630898,0.8,0.62268466
127,9,328,382.93865966796875,417.10693359375,20.724687576293945,20.724687576293945,337.33846620694806,0.8,0.62146634
127,9,329,383.9609069824219,418.0375061035156,20.08112335205078,20.08112335205078,316.7129993312897,0.8,0.6210039
127,9,330,384.96734619140625,418.0777282714844,20.737346649169922,20.737346649169922,337.75069885791834,0.8,0.6225157
127,9,331,384.930908203125,419.0594482421875,20.880613327026367,20.880613327026367,342.4336093829699,0.8,0.62265795
127,9,332,385.9827575683594,419.0182189941406,20.08112335205078,20.08112335205078,316.7129993312897,0.8,0.62229335
127,9,333,387.00079345703125,419.0477294921875,20.880613327026367,20.880613327026367,342.4336093829699,0.8,0.6233516
127,9,334,386.98577880859375,420.0462341308594,20.099750518798828,20.099750518798828,317.3008351715834,0.8,0.62285364
127,9,335,387.9322814941406,420.0971374511719,20.08112335205078,20.08112335205078,316.7129993312897,0.8,0.6534314
127,9,336,388.9526672363281,420.0213317871094,20.099750518798828,20.099750518798828,317.3008351715834,0.8,0.62663287
127,9,337,389.984130859375,421.0262451171875,20.880613327026367,20.880613327026367,342.4336093829699,0.8,0.6227025
127,9,338,389.9445495605469,421.0434875488281,20.099750518798828,20.099750518798828,317.3008351715834,0.8,0.63241833
127,9,339,390.9453125,420.9985046386719,20.880613327026367,20.880613327026367,342.4336093829699,0.8,0.6259303
127,9,340,391.9729919433594,422.0351257324219,20.07928466796875,20.07928466796875,316.6550037221684,0.8,0.62492555
127,9,341,391.9787902832031,422.03033447265625,20.08112335205078,20.08112335205078,316.7129993312897,0.8,0.62435645
127,9,342,392.9289855957031,423.0340576171875,20.099750518798828,20.099750518798828,317.3008351715834,0.8,0.6345005
127,9,343,393.9163513183594,423.0245056152344,20.880613327026367,20.880613327026367,342.4336093829699,0.8,0.625548
127,9,344,395.0043029785156,423.0334777832031,20.85275650024414,20.85275650024414,341.5205374797887,0.8,0.619928
127,9,345,394.98980712890625,424.0439147949219,20.880613327026367,20.880613327026367,342.4336093829699,0.8,0.61742914
127,9,346,395.9678649902344,424.0626220703125,20.099750518798828,20.099750518798828,317.3008351715834,0.8,0.6394024
127,9,347,396.92803955078125,424.0091552734375,20.880613327026367,20.880613327026367,342.4336093829699,0.8,0.6231649
127,9,348,397.0086669921875,425.02264404296875,20.103927612304688,20.103927612304688,317.4327306373875,0.8,0.62028366
127,9,349,397.9172058105469,424.99951171875,20.880613327026367,20.880613327026367,342.4336093829699,0.8,0.6195723
127,9,350,398.98455810546875,424.975830078125,20.880613327026367,20.880613327026367,342.4336093829699,0.8,0.6224001
127,9,351,398.9878845214844,425.9725341796875,20.880613327026367,20.880613327026367,342.4336093829699,0.8,0.6234672
127,9,352,400.0,425.9888610839844,20.099750518798828,20.099750518798828,317.3008351715834,0.8,0.6233427
127,9,353,400.9536437988281,427.03680419921875,20.880613327026367,20.880613327026367,342.4336093829699,0.8,0.62137747
127,9,354,401.9900817871094,427.00396728515625,20.880613327026367,20.880613327026367,342.4336093829699,0.8,0.61859405
127,9,355,401.9618835449219,427.0093688964844,20.880613327026367,20.880613327026367,342.4336093829699,0.8,0.62034595
127,9,356,402.98077392578125,428.03765869140625,20.880613327026367,20.880613327026367,342.4336093829699,0.8,0.61979455
127,9,357,403.91815185546875,428.0202941894531,20.880613327026367,20.880613327026367,342.4336093829699,0.8,0.61765146
127,9,358,403.9803771972656,428.02020263671875,20.880613327026367,20.880613327026367,342.4336093829699,0.8,0.61793613
127,9,359,404.9069519042969,429.0446472167969,20.724687576293945,20.724687576293945,337.33846620694806,0.8,0.6160597
127,9,360,405.9098205566406,429.0267028808594,20.880613327026367,20.880613327026367,342.4336093829699,0.8,0.6196345
127,9,361,405.9888610839844,429.04205322265625,20.880613327026367,20.880613327026367,342.4336093829699,0.8,0.6215909
127,9,362,406.9578857421875,430.0063171386719,20.880613327026367,20.880613327026367,342.4336093829699,0.8,0.6212174
127,9,363,407.96087646484375,430.0508117675781,20.094419479370117,20.094419479370117,317.13254264096685,0.8,0.6390757
127,9,364,408.99176025390625,431.1056213378906,20.724687576293945,20.724687576293945,337.33846620694806,0.8,0.6189142
127,9,365,409.0011291503906,431.05682373046875,20.880613327026367,20.880613327026367,342.4336093829699,0.8,0.6217332
127,9,366,409.9599609375,431.00067138671875,20.880613327026367,20.880613327026367,342.4336093829699,0.8,0.6217064
127,9,367,410.951904296875,432.0578308105469,20.553335189819336,20.553335189819336,331.7832761100225,0.8,0.6179361
127,9,368,411.0134582519531,432.0033264160156,20.099750518798828,20.099750518798828,317.3008351715834,0.8,0.62215114
127,9,369,411.9725341796875,432.0481872558594,20.696504592895508,20.696504592895508,336.42161377640986,0.8,0.61911875
127,9,370,413.01055908203125,433.07525634765625,20.737346649169922,20.737346649169922,337.75069885791834,0.8,0.6188876
127,9,371,414.02734375,433.0388488769531,20.880613327026367,20.880613327026367,342.4336093829699,0.8,0.6222934
127,9,372,413.9711608886719,433.06494140625,20.720394134521484,20.720394134521484,337.1987108515508,0.8,0.61140007
127,9,373,414.9875793457031,434.031494140625,20.65005111694336,20.65005111694336,334.9131064108374,0.8,0.6147615
127,9,374,416.02374267578125,434.0683898925781,20.539682388305664,20.539682388305664,331.34264039861074,0.8,0.61067986
127,9,375,415.96307373046875,435.04693603515625,20.65256118774414,20.65256118774414,334.9945305871211,0.8,0.6134542
127,9,376,416.94024658203125,435.0674743652344,20.715150833129883,20.715150833129883,337.0280759922354,0.8,0.61389
127,9,377,418.0486755371094,435.0804748535156,20.69358253479004,20.69358253479004,336.3266243927722,0.8,0.6084301
127,9,378,418.0214538574219,436.08087158203125,20.573511123657227,20.573511123657227,332.43497793126494,0.8,0.61142683
127,9,379,418.97955322265625,435.99505615234375,20.650165557861328,20.650165557861328,334.9168185439769,0.8,0.6116491
127,9,380,420.099365234375,436.0342712402344,20.592161178588867,20.592161178588867,333.03796112708966,0.8,0.609835
127,9,381,421.0374755859375,437.0751953125,19.8975830078125,19.8975830078125,310.9499788864474,0.8,0.6577606
127,9,382,421.0528259277344,437.0908508300781,20.61079216003418,20.61079216003418,333.64087317323066,0.8,0.60789645
127,9,383,422.04791259765625,437.0610656738281,20.000370025634766,20.000370025634766,314.17089016467344,0.8,0.64494115
127,9,384,423.04095458984375,438.0780334472656,20.446231842041016,20.446231842041016,328.33444285257974,0.8,0.60855454
127,9,385,423.027099609375,438.1061706542969,20.343008041381836,20.343008041381836,325.0275864293906,0.8,0.6067761
127,9,386,424.0118713378906,439.071533203125,20.057479858398438,20.057479858398438,315.9676432715095,0.8,0.6264519
127,9,387,425.07830810546875,439.10565185546875,20.614543914794922,20.614543914794922,333.76234862655093,0.8,0.6065182
127,9,388,425.0586242675781,439.0406188964844,20.23750877380371,20.23750877380371,321.6651281868339,0.8,0.60550445
127,9,389,426.0421447753906,440.1175537109375,20.57155990600586,20.57155990600586,332.37192381926235,0.8,0.6070695
127,9,390,427.042236328125,440.0744323730469,20.55588722229004,20.55588722229004,331.86567385746514,0.8,0.60798544
127,9,391,428.06707763671875,440.1060485839844,20.45980453491211,20.45980453491211,328.7704998935458,0.8,0.60637593
127,9,392,428.0023498535156,441.1028137207031,20.022438049316406,20.022438049316406,314.864572889229,0.8,0.6272456
127,9,393,429.0751647949219,441.09368896484375,20.587562561035156,20.587562561035156,332.88923043361643,0.8,0.60561115
127,9,394,430.0480041503906,441.11102294921875,20.1009464263916,20.1009464263916,317.33859422400235,0.8,0.6278151
127,9,395,430.0466003417969,442.1041259765625,20.591754913330078,20.591754913330078,333.0248201636329,0.8,0.60914147
127,9,396,431.05572509765625,442.0553894042969,20.70587158203125,20.70587158203125,336.72620344253204,0.8,0.6080299
127,9,397,432.05084228515625,443.03863525390625,20.08061408996582,20.08061408996582,316.6969357003493,0.8,0.62963593
127,9,398,433.0574951171875,443.06463623046875,20.635461807250977,20.635461807250977,334.4400397861393,0.8,0.6078076
127,9,399,433.07232666015625,443.0411071777344,20.62493324279785,20.62493324279785,334.0988528269044,0.8,0.6082877
127,9,400,434.0928955078125,444.0164489746094,20.827686309814453,20.827686309814453,340.6998461630898,0.8,0.61124897
127,9,401,435.04638671875,444.08599853515625,20.0402889251709,20.0402889251709,315.42625412868716,0.8,0.6465686
127,9,402,435.0412902832031,444.0231018066406,20.827686309814453,20.827686309814453,340.6998461630898,0.8,0.6092304
127,9,403,436.11865234375,445.0229187011719,20.880613327026367,20.880613327026367,342.4336093829699,0.8,0.61263615
127,9,404,437.0687561035156,445.03607177734375,20.07928466796875,20.07928466796875,316.6550037221684,0.8,0.6294678
127,9,405,437.036376953125,445.0516052246094,20.827686309814453,20.827686309814453,340.6998461630898,0.8,0.6098262
127,9,406,438.0463562011719,446.0381774902344,20.0402889251709,20.0402889251709,315.42625412868716,0.8,0.6488922
127,9,407,439.0281677246094,446.0460510253906,20.740877151489258,20.740877151489258,337.8657117523385,0.8,0.6120493
127,9,408,440.1000671386719,447.0088195800781,20.733837127685547,20.733837127685547,337.63638885941947,0.8,0.6113468
127,9,409,440.0185852050781,447.0728759765625,20.08814239501953,20.08814239501953,316.93444218818786,0.8,0.63061625
127,9,410,441.06634521484375,447.0064392089844,20.03728675842285,20.03728675842285,315.33175536326854,0.8,0.6275164
127,9,411,442.03179931640625,448.0494384765625,20.103439331054688,20.103439331054688,317.4173113052819,0.8,0.6107955
127,9,412,442.0527038574219,448.0191955566406,20.099750518798828,20.099750518798828,317.3008351715834,0.8,0.63058823
127,9,413,443.0441589355469,447.9953918457031,20.08814239501953,20.08814239501953,316.93444218818786,0.8,0.6284034
127,9,414,444.0392761230469,449.0155029296875,20.880613327026367,20.880613327026367,342.4336093829699,0.8,0.60486424
127,9,415,444.0509338378906,448.97698974609375,20.099750518798828,20.099750518798828,317.3008351715834,0.8,0.6288236
127,9,416,445.0074462890625,448.9991149902344,20.099750518798828,20.099750518798828,317.3008351715834,0.8,0.60819
127,9,417,446.0006408691406,449.9897155761719,20.880613327026367,20.880613327026367,342.4336093829699,0.8,0.60804766
127,9,418,447.01727294921875,450.0177307128906,20.05963134765625,20.05963134765625,316.0354321916472,0.8,0.6070428
127,9,419,447.0635986328125,451.003173828125,20.094419479370117,20.094419479370117,317.13254264096685,0.8,0.6273203
127,9,420,448.01434326171875,450.992431640625,20.880613327026367,20.880613327026367,342.4336093829699,0.8,0.60642034
127,9,421,449.0044860839844,451.00372314453125,20.099750518798828,20.099750518798828,317.3008351715834,0.8,0.60857224
127,9,422,448.98577880859375,452.011962890625,20.103439331054688,20.103439331054688,317.4173113052819,0.8,0.60915923
127,9,423,450.03509521484375,451.9957580566406,20.099750518798828,20.099750518798828,317.3008351715834,0.8,0.6121916
127,9,424,451.0024108886719,452.0458984375,20.08112335205078,20.08112335205078,316.7129993312897,0.8,0.626676
127,9,425,452.010498046875,452.9879455566406,20.880613327026367,20.880613327026367,342.4336093829699,0.8,0.6102085
127,9,426,451.99090576171875,453.0091247558594,20.099750518798828,20.099750518798828,317.3008351715834,0.8,0.6083678
127,9,427,452.9853820800781,452.9884033203125,20.880613327026367,20.880613327026367,342.4336093829699,0.8,0.6081633
127,9,428,454.00457763671875,453.97088623046875,20.099750518798828,20.099750518798828,317.3008351715834,0.8,0.60607356
127,9,429,453.9482421875,454.0048522949219,20.880613327026367,20.880613327026367,342.4336093829699,0.8,0.60657156
127,9,430,454.955810546875,454.98345947265625,20.880613327026367,20.880613327026367,342.4336093829699,0.8,0.60537106
127,9,431,455.99005126953125,455.01068115234375,20.827686309814453,20.827686309814453,340.6998461630898,0.8,0.60520214
127,9,432,455.9784851074219,454.9575500488281,20.08112335205078,20.08112335205078,316.7129993312897,0.8,0.6127825
127,9,433,456.95819091796875,455.9646301269531,20.046552658081055,20.046552658081055,315.6234623209142,0.8,0.6250882
127,9,434,457.9554748535156,456.0205383300781,20.880613327026367,20.880613327026367,342.4336093829699,0.8,0.6075319
127,9,435,458.99163818359375,456.00408935546875,20.827686309814453,20.827686309814453,340.6998461630898,0.8,0.60689163
127,9,436,459.00274658203125,456.9414367675781,20.103439331054688,20.103439331054688,317.4173113052819,0.8,0.61941177
127,9,437,459.9732971191406,456.9978942871094,20.099750518798828,20.099750518798828,317.3008351715834,0.8,0.6089992
127,9,438,461.00469970703125,456.9980163574219,20.099750518798828,20.099750518798828,317.3008351715834,0.8,0.6099951
127,9,439,461.0022277832031,458.0067138671875,20.118085861206055,20.118085861206055,317.8799939040893,0.8,0.61267173
127,9,440,461.9775695800781,457.9509582519531,20.118085861206055,20.118085861206055,317.8799939040893,0.8,0.6128585
127,9,441,460.9740905761719,458.99462890625,20.099750518798828,20.099750518798828,317.3008351715834,0.8,0.61369437
127,9,442,459.9936218261719,459.0359802246094,20.099750518798828,20.099750518798828,317.3008351715834,0.8,0.61510825
127,9,443,458.9718933105469,459.0172119140625,20.880613327026367,20.880613327026367,342.4336093829699,0.8,0.61312526
127,9,444,458.9849853515625,460.0113525390625,20.099750518798828,20.099750518798828,317.3008351715834,0.8,0.6123783
127,9,445,458.0157165527344,460.03271484375,20.118085861206055,20.118085861206055,317.8799939040893,0.8,0.61217374
127,9,446,456.9671630859375,459.9825439453125,20.827686309814453,20.827686309814453,340.6998461630898,0.8,0.60798544
127,9,447,457.0291442871094,461.0400085449219,20.08112335205078,20.08112335205078,316.7129993312897,0.8,0.6096394
127,9,448,455.9839782714844,461.0134582519531,20.099750518798828,20.099750518798828,317.3008351715834,0.8,0.6081722
127,9,449,454.9255676269531,460.9578552246094,20.740877151489258,20.740877151489258,337.8657117523385,0.8,0.6065804
127,9,450,453.90087890625,462.0061950683594,20.103439331054688,20.103439331054688,317.4173113052819,0.8,0.6128105
127,9,451,453.9715881347656,460.9818420410156,20.095726013183594,20.095726013183594,317.1737837289237,0.8,0.60563785
127,9,452,452.9662780761719,460.9836120605469,20.094419479370117,20.094419479370117,317.13254264096685,0.8,0.6063848
127,9,453,452.0038146972656,459.9714660644531,20.880613327026367,20.880613327026367,342.4336093829699,0.8,0.6059757
127,9,454,451.9897766113281,459.9866027832031,20.08112335205078,20.08112335205078,316.7129993312897,0.8,0.6090615
127,9,455,450.9809875488281,460.0039978027344,20.099750518798828,20.099750518798828,317.3008351715834,0.8,0.60604686
127,9,456,450.0230407714844,458.995849609375,20.880613327026367,20.880613327026367,342.4336093829699,0.8,0.6074875
127,9,457,450.00506591796875,458.9703063964844,20.099750518798828,20.099750518798828,317.3008351715834,0.8,0.61146235
127,9,458,449.0039978027344,458.97698974609375,20.099750518798828,20.099750518798828,317.3008351715834,0.8,0.61290294
127,9,459,447.98980712890625,457.986328125,20.099750518798828,20.099750518798828,317.3008351715834,0.8,0.61688673
127,9,460,447.00421142578125,457.94586181640625,20.099750518798828,20.099750518798828,317.3008351715834,0.8,0.6251821
127,9,461,446.95770263671875,456.9613037109375,20.827686309814453,20.827686309814453,340.6998461630898,0.8,0.6124939
127,9,462,446.0060729980469,456.974853515625,20.094419479370117,20.094419479370117,317.13254264096685,0.8,0.6136766
127,9,463,445.0709533691406,456.95343017578125,20.08112335205078,20.08112335205078,316.7129993312897,0.8,0.6362745
127,9,464,444.99090576171875,456.0122985839844,20.221080780029297,20.221080780029297,321.1431105821654,0.8,0.61177355
127,9,465,444.0104675292969,455.9607238769531,20.880613327026367,20.880613327026367,342.4336093829699,0.8,0.6091503
127,9,466,443.0798645019531,455.94732666015625,20.057479858398438,20.057479858398438,315.9676432715095,0.8,0.63630396
127,9,467,442.0240173339844,454.98150634765625,20.099750518798828,20.099750518798828,317.3008351715834,0.8,0.6069184
127,9,468,442.02728271484375,454.9690246582031,20.08112335205078,20.08112335205078,316.7129993312897,0.8,0.60674936
127,9,469,441.0309143066406,454.9984130859375,20.099750518798828,20.099750518798828,317.3008351715834,0.8,0.6084745
127,9,470,440.03887939453125,453.9646911621094,20.880613327026367,20.880613327026367,342.4336093829699,0.8,0.6123339
127,9,471,440.09576416015625,453.9770202636719,20.103439331054688,20.103439331054688,317.4173113052819,0.8,0.6292251
127,9,472,439.0600280761719,453.0398254394531,20.103439331054688,20.103439331054688,317.4173113052819,0.8,0.6276564
127,9,473,438.0585021972656,453.0028381347656,20.827686309814453,20.827686309814453,340.6998461630898,0.8,0.61343646
127,9,474,438.0852355957031,453.0081481933594,20.740877151489258,20.740877151489258,337.8657117523385,0.8,0.612316
127,9,475,437.0609436035156,452.0295104980469,20.827686309814453,20.827686309814453,340.6998461630898,0.8,0.6120404
127,9,476,436.0562438964844,452.0236511230469,20.880613327026367,20.880613327026367,342.4336093829699,0.8,0.6097995
127,9,477,435.0617980957031,452.0316467285156,20.880613327026367,20.880613327026367,342.4336093829699,0.8,0.6102352
127,9,478,435.0688781738281,451.0074462890625,20.740877151489258,20.740877151489258,337.8657117523385,0.8,0.6128407
127,9,479,434.0455017089844,450.9904479980469,20.880613327026367,20.880613327026367,342.4336093829699,0.8,0.6090615
127,9,480,433.1028137207031,451.0234069824219,20.650165557861328,20.650165557861328,334.9168185439769,0.8,0.60906136
127,9,481,433.01324462890625,449.97650146484375,20.827686309814453,20.827686309814453,340.6998461630898,0.8,0.6085367
127,9,482,432.1026306152344,449.99993896484375,20.56252670288086,20.56252670288086,332.0800914133055,0.8,0.6067316
127,9,483,431.0595397949219,449.0688781738281,20.61079216003418,20.61079216003418,333.64087317323066,0.8,0.60758525
127,9,484,431.0370178222656,449.068359375,20.635461807250977,20.635461807250977,334.4400397861393,0.8,0.605789
127,9,485,430.04217529296875,449.0407409667969,20.733003616333008,20.733003616333008,337.60924307789156,0.8,0.60978174
127,9,486,429.0485534667969,448.06463623046875,20.724687576293945,20.724687576293945,337.33846620694806,0.8,0.6125472
127,9,487,427.9990539550781,448.0747375488281,20.591297149658203,20.591297149658203,333.01001375488653,0.8,0.61146235
127,9,488,428.0187683105469,448.0440673828125,20.51637840270996,20.51637840270996,330.5911951161842,0.8,0.61209375
127,9,489,427.0684509277344,447.0218811035156,20.555747985839844,20.555747985839844,331.86117805133676,0.8,0.6093194
127,9,490,426.0610046386719,447.0493469238281,20.735937118530273,20.735937118530273,337.70478615874157,0.8,0.61019075
127,9,491,425.99957275390625,447.0693359375,20.426429748535156,20.426429748535156,327.69876964403335,0.8,0.61303633
127,9,492,424.96258544921875,446.0820617675781,20.827686309814453,20.827686309814453,340.6998461630898,0.8,0.6170469
127,9,493,424.00372314453125,446.0724792480469,20.66187858581543,20.66187858581543,335.2968641763144,0.8,0.61571294
127,9,494,422.9939270019531,445.1116638183594,20.73944091796875,20.73944091796875,337.81892132433217,0.8,0.6194211
127,9,495,422.96160888671875,445.0424499511719,20.724687576293945,20.724687576293945,337.33846620694806,0.8,0.61758035
127,9,496,421.9627990722656,445.0347595214844,20.724687576293945,20.724687576293945,337.33846620694806,0.8,0.61376554
127,9,497,420.9599914550781,444.03216552734375,20.695724487304688,20.695724487304688,336.39625302677285,0.8,0.6124939
127,9,498,420.941162109375,443.98876953125,20.731792449951172,20.731792449951172,337.5697997797056,0.8,0.61493933
127,9,499,419.9693298339844,444.01861572265625,20.827686309814453,20.827686309814453,340.6998461630898,0.8,0.61419237
127,9,500,418.98187255859375,443.0269775390625,20.740877151489258,20.740877151489258,337.8657117523385,0.8,0.6166822
128,10,240,386.3351745605469,431.97906494140625,20.136329650878906,20.136329650878906,318.4567848881918,0.8,0.8230719
128,10,241,386.259521484375,431.1705322265625,21.639320373535156,21.639320373535156,367.77069025600605,0.8,0.8046685
128,10,242,386.1533508300781,430.2713317871094,21.96435546875,21.96435546875,378.9019223856697,0.8,0.8022525
128,10,243,386.2444763183594,430.0549621582031,23.825801849365234,23.825801849365234,445.84605945717186,0.8,0.7793692
128,10,244,387.1812744140625,429.0400085449219,21.76418685913086,21.76418685913086,372.0272682370159,0.8,0.8056871
128,10,245,387.0313415527344,428.1556701660156,22.053911209106445,22.053911209106445,381.99803142331575,0.8,0.79516286
128,10,246,387.2067565917969,427.0508117675781,21.414337158203125,21.414337158203125,360.16304851777414,0.8,0.80915034
128,10,247,387.09515380859375,426.7287902832031,21.7368221282959,21.7368221282959,371.0923354453724,0.8,0.8047704
128,10,248,387.1634826660156,425.71142578125,21.759246826171875,21.759246826171875,371.85840197945845,0.8,0.79559225
128,10,249,387.9439392089844,424.772705078125,21.411401748657227,21.411401748657227,360.0643152642264,0.8,0.80594015
128,10,250,388.1187744140625,423.6014404296875,20.009315490722656,20.009315490722656,314.4519882867385,0.8,0.8220196
128,10,251,387.770263671875,423.2895202636719,19.841453552246094,19.841453552246094,309.19812433867367,0.8,0.81625485
128,10,252,387.8171081542969,421.8721008300781,20.004253387451172,20.004253387451172,314.2929036755516,0.8,0.8133823
128,10,253,387.91400146484375,420.92022705078125,20.185855865478516,20.185855865478516,320.0252291147837,0.8,0.80297005
128,10,254,388.762939453125,419.81475830078125,20.414268493652344,20.414268493652344,327.3086826859515,0.8,0.8122035
128,10,255,388.7424621582031,419.42279052734375,20.14763641357422,20.14763641357422,318.8145190212544,0.8,0.80992156
128,10,256,388.57257080078125,418.611572265625,19.762514114379883,19.762514114379883,306.74272232276684,0.8,0.8141765
128,10,257,388.519287109375,417.7113952636719,20.652063369750977,20.652063369750977,334.9783810845467,0.8,0.8114006
128,10,258,388.61798095703125,416.4592590332031,20.848499298095703,20.848499298095703,341.3811052130866,0.8,0.8069935
128,10,259,389.3443908691406,415.9833068847656,20.887882232666016,20.887882232666016,342.67206510341066,0.8,0.79357964
128,10,260,389.5794677734375,415.14404296875,22.947715759277344,22.947715759277344,413.5888338891638,0.8,0.77562547
128,10,261,389.2945556640625,414.129638671875,21.457914352416992,21.457914352416992,361.63037054542343,0.8,0.7965199
128,10,262,389.120361328125,413.164794921875,23.053890228271484,23.053890228271484,417.4248725268277,0.8,0.77627784
128,10,263,389.102783203125,412.7828674316406,23.381179809570312,23.381179809570312,429.36112968527794,0.8,0.7747359
128,10,264,389.87310791015625,411.7646484375,24.077972412109375,24.077972412109375,455.33360778461326,0.8,0.7624864
128,10,265,389.7266845703125,410.716552734375,23.581926345825195,23.581926345825195,436.76561294331793,0.8,0.7668097
128,10,266,389.7169189453125,409.73583984375,23.74172019958496,23.74172019958496,442.7048157325535,0.8,0.76617646
128,10,267,389.6965637207031,409.2928161621094,26.280763626098633,26.280763626098633,542.4576542778774,0.8,0.73245156
128,10,268,390.51861572265625,411.2775573730469,23.756000518798828,23.756000518798828,443.23753765168834,0.8,0.7619009
128,10,269,391.4848937988281,409.9449462890625,26.175777435302734,26.175777435302734,538.1322997511999,0.8,0.74196416
128,10,270,391.2513122558594,408.925537109375,25.681413650512695,25.681413650512695,517.9975832638193,0.8,0.74909806
128,10,271,391.36419677734375,409.1165466308594,26.774063110351562,26.774063110351562,563.0130311309135,0.8,0.7259798
128,10,272,391.3844299316406,408.2336730957031,26.938514709472656,26.938514709472656,569.9505468182884,0.8,0.7252804
128,10,273,391.6280822753906,407.38629150390625,27.805696487426758,27.805696487426758,607.2358970846412,0.8,0.70711285
128,10,274,392.707763671875,406.76513671875,18.10805892944336,18.10805892944336,257.5334700748694,0.8,0.83750916
128,10,275,392.91790771484375,406.88037109375,18.117902755737305,18.117902755737305,257.8135446889784,0.8,0.83073103
128,10,276,392.7494812011719,405.7326965332031,17.764102935791016,17.764102935791016,247.8428779707883,0.8,0.8302469
128,10,277,392.9043884277344,404.7893371582031,17.492319107055664,17.492319107055664,240.31709430349935,0.8,0.84571546
128,10,278,392.9395751953125,403.8706970214844,17.82791519165039,17.82791519165039,249.62667975160105,0.8,0.8387543
128,10,279,393.79278564453125,403.7796936035156,19.69803810119629,19.69803810119629,304.74446591029215,0.8,0.79666674
128,10,280,393.8478698730469,402.8170471191406,19.58991813659668,19.58991813659668,301.40824182332767,0.8,0.82037914
128,10,281,393.8360595703125,401.9085388183594,19.959287643432617,19.959287643432617,312.8815507502515,0.8,0.80220586
128,10,282,393.8660888671875,400.9248046875,20.130922317504883,20.130922317504883,318.2857735051813,0.8,0.80638236
128,10,283,393.7742614746094,400.87945556640625,20.33050537109375,20.33050537109375,324.6281898431339,0.8,0.8056209
128,10,284,394.7515563964844,399.8967590332031,20.433441162109375,20.433441162109375,327.9237747930867,0.8,0.8069094
128,10,285,394.85052490234375,398.8829345703125,20.33980941772461,20.33980941772461,324.92538333421857,0.8,0.8004357
128,10,286,394.7613525390625,397.8526306152344,20.272632598876953,20.272632598876953,322.782648550657,0.8,0.8047451
128,10,287,394.875244140625,397.9456481933594,20.164779663085938,20.164779663085938,319.3572965449969,0.8,0.80220354
128,10,288,394.9505615234375,396.8630065917969,20.252487182617188,20.252487182617188,322.14145309741264,0.8,0.79896355
128,10,289,395.9526672363281,395.8431091308594,20.291824340820312,20.291824340820312,323.3940830547755,0.8,0.7975817
128,10,290,395.9247131347656,394.79315185546875,20.403060913085938,20.403060913085938,326.94939168707924,0.8,0.8015593
128,10,291,395.94818115234375,393.83367919921875,18.391958236694336,18.391958236694336,265.67202470189414,0.8,0.82485473
128,10,292,395.8784484863281,393.9386901855469,18.300107955932617,18.300107955932617,263.025094204443,0.8,0.8258867
128,10,293,395.94366455078125,392.8069152832031,18.469438552856445,18.469438552856445,267.91514752135186,0.8,0.8276683
128,10,294,396.8807373046875,391.8445739746094,18.567909240722656,18.567909240722656,270.77956775480635,0.8,0.8307533
128,10,295,396.9261169433594,390.8541259765625,18.728885650634766,18.728885650634766,275.49502304180646,0.8,0.8335995
128,10,296,396.86138916015625,390.8985900878906,18.742168426513672,18.742168426513672,275.88593111194234,0.8,0.83519626
128,10,297,396.8695373535156,389.8679504394531,18.85894203186035,18.85894203186035,279.33447090276104,0.8,0.83495736
128,10,298,396.9540100097656,388.83135986328125,18.69178009033203,18.69178009033203,274.4044860922109,0.8,0.8314813
128,10,299,398.1184997558594,387.95648193359375,18.96683692932129,18.96683692932129,282.53984459640145,0.8,0.83139426
128,10,300,397.8272705078125,387.8701171875,19.26740837097168,19.26740837097168,291.56573628963673,0.8,0.8330563
128,10,301,398.0382995605469,387.0050964355469,19.697738647460938,19.697738647460938,304.73520040125794,0.8,0.8311879
128,10,304,399.0262756347656,385.0177307128906,19.710569381713867,19.710569381713867,305.1323271868426,0.8,0.8297105
128,10,305,399.1351623535156,384.0024719238281,19.337787628173828,19.337787628173828,293.6996670411579,0.8,0.8323285
128,10,306,398.9599609375,382.98486328125,19.877744674682617,19.877744674682617,310.33023988746766,0.8,0.8355439
128,10,307,399.0248718261719,382.0710754394531,19.69441032409668,19.69441032409668,304.63222699744523,0.8,0.83347994
128,10,308,399.0326232910156,382.1509704589844,19.16435432434082,19.16435432434082,288.4551286421711,0.8,0.8336864
128,10,309,400.1790466308594,381.1015930175781,19.46891975402832,19.46891975402832,297.69640595606484,0.8,0.83086205
128,10,310,400.2251892089844,380.01141357421875,19.727163314819336,19.727163314819336,305.64631302784454,0.8,0.8268627
128,10,311,400.2767028808594,379.18548583984375,19.524850845336914,19.524850845336914,299.4093311890877,0.8,0.82357067
128,10,312,400.17578125,379.14190673828125,21.595090866088867,21.595090866088867,366.2688230529601,0.8,0.7983905
128,10,313,400.04827880859375,378.11627197265625,21.300399780273438,21.300399780273438,356.34066871041534,0.8,0.7994842
128,10,314,401.12158203125,377.0915222167969,21.322328567504883,21.322328567504883,357.07475268151643,0.8,0.79984
128,10,315,401.08392333984375,376.1937255859375,22.96866226196289,22.96866226196289,414.34422005314957,0.8,0.7720375
128,10,316,401.0440979003906,376.1825866699219,22.93886375427246,22.93886375427246,413.2698143981415,0.8,0.7697987
128,10,317,400.9508056640625,375.1217041015625,22.598913192749023,22.598913192749023,401.11138521042017,0.8,0.7701249
128,10,318,400.91876220703125,374.1484375,20.82381820678711,20.82381820678711,340.5733088501542,0.8,0.79844385
128,10,319,402.05517578125,373.1119384765625,22.62189483642578,22.62189483642578,401.9276090712002,0.8,0.7725268
128,10,320,402.0039978027344,373.0955505371094,20.66900062561035,20.66900062561035,335.52805411046313,0.8,0.8010671
128,10,321,402.0130310058594,372.213134765625,20.76885414123535,20.76885414123535,338.7778082478814,0.8,0.8012539
128,10,322,401.9476623535156,371.0876159667969,20.63718605041504,20.63718605041504,334.49593192460264,0.8,0.80329025
128,10,323,401.9504699707031,369.9533386230469,20.736988067626953,20.736988067626953,337.73901847067475,0.8,0.8073985
128,10,324,402.9599609375,369.996826171875,20.781286239624023,20.781286239624023,339.1835099364709,0.8,0.8074785
128,10,325,402.90911865234375,368.9390563964844,18.73693084716797,18.73693084716797,275.73175764390714,0.8,0.83576125
128,10,326,402.8789367675781,367.9899597167969,20.966609954833984,20.966609954833984,345.2600375285872,0.8,0.8075853
128,10,327,402.8211364746094,366.9490661621094,18.66925811767578,18.66925811767578,273.7436172993673,0.8,0.83382756
128,10,328,402.77349853515625,367.01629638671875,18.800579071044922,18.800579071044922,277.6082276647584,0.8,0.83264357
128,10,329,403.8269348144531,365.9905700683594,18.824039459228516,18.824039459228516,278.3014893213176,0.8,0.8295149
128,10,330,403.8440246582031,365.0423583984375,18.627771377563477,18.627771377563477,272.52834545517413,0.8,0.8279724
128,10,331,403.85003662109375,364.0853576660156,18.51923942565918,18.51923942565918,269.36190469659533,0.8,0.8255825
128,10,333,403.7558288574219,363.1105651855469,18.183263778686523,18.183263778686523,259.67704428632516,0.8,0.8392884
128,10,338,403.0096130371094,362.6759033203125,27.360002517700195,27.360002517700195,587.9252972183373,0.8,0.73637307
128,10,339,403.74908447265625,361.4298400878906,25.096881866455078,25.096881866455078,494.68576594501934,0.8,0.7690165
128,10,340,404.1714172363281,361.08074951171875,24.546167373657227,24.546167373657227,473.213650351175,0.8,0.7681318
128,10,341,404.094970703125,360.08831787109375,24.593172073364258,24.593172073364258,475.0277472381748,0.8,0.7732706
128,10,342,404.1535949707031,358.91082763671875,26.56591796875,26.56591796875,554.2931810754839,0.8,0.74754035
128,10,343,404.3652648925781,357.89642333984375,26.16429901123047,26.16429901123047,537.6604469911184,0.8,0.7579823
128,10,344,405.2037658691406,357.6701965332031,23.942020416259766,23.942020416259766,450.2062035245935,0.8,0.7876498
128,10,345,405.6061706542969,356.14251708984375,23.527423858642578,23.527423858642578,434.74904287500885,0.8,0.79178745
128,10,346,405.5477600097656,355.2260437011719,23.56487274169922,23.56487274169922,436.1341348756046,0.8,0.7867579
128,10,347,405.8322448730469,354.1836853027344,23.69572639465332,23.69572639465332,440.9912115061278,0.8,0.7844362
128,10,348,405.9548645019531,353.7576599121094,23.10841178894043,23.10841178894043,419.4015946294805,0.8,0.8018533
128,10,349,406.8750915527344,352.6763000488281,24.95469093322754,24.95469093322754,489.0961815849347,0.8,0.7697381
128,10,350,407.0203857421875,351.3515930175781,24.27346420288086,24.27346420288086,462.75743385828775,0.8,0.77596736
128,10,351,407.111083984375,350.2299499511719,24.371078491210938,24.371078491210938,466.4868203950636,0.8,0.77672553
128,10,352,407.30474853515625,349.8078308105469,24.104801177978516,24.104801177978516,456.34887970019236,0.8,0.7803853
128,10,353,407.2770080566406,348.760009765625,23.885696411132812,23.885696411132812,448.0904598069753,0.8,0.7786492
128,10,354,408.46588134765625,347.7896728515625,23.90315055847168,23.90315055847168,448.7455710777578,0.8,0.77602124
128,10,355,408.3884582519531,346.7943420410156,23.656892776489258,23.656892776489258,439.54696361140594,0.8,0.7718478
128,10,356,408.70367431640625,346.1039123535156,22.997453689575195,22.997453689575195,415.38363962310393,0.8,0.7848771
128,10,357,408.6278381347656,345.13134765625,22.863422393798828,22.863422393798828,410.5559599674484,0.8,0.783565
128,10,358,408.8088684082031,344.023681640625,23.20690155029297,23.20690155029297,422.9842544491596,0.8,0.7809259
128,10,359,409.72955322265625,343.10308837890625,23.36564064025879,23.36564064025879,428.7906111518653,0.8,0.7800586
128,10,360,409.8089904785156,342.8594970703125,22.837902069091797,22.837902069091797,409.6399401621753,0.8,0.7772564
128,10,361,409.9722595214844,341.7818603515625,22.792003631591797,22.792003631591797,407.99504829277504,0.8,0.77692276
128,10,362,409.87152099609375,340.862060546875,23.22922706604004,23.22922706604004,423.79848498805836,0.8,0.776226
128,10,363,409.8667907714844,339.8627624511719,22.585968017578125,22.585968017578125,400.6519852453762,0.8,0.7740391
128,10,364,410.96539306640625,339.7715759277344,23.0054988861084,23.0054988861084,415.67431767823456,0.8,0.78031063
128,10,365,410.9316711425781,338.76995849609375,23.139741897583008,23.139741897583008,420.53960490061047,0.8,0.7753215
128,10,366,410.9104309082031,337.7443542480469,23.019851684570312,23.019851684570312,416.1931458780116,0.8,0.7765966
128,10,367,410.9374084472656,336.8427429199219,22.959369659423828,22.959369659423828,414.00901922796976,0.8,0.7750769
128,10,368,410.8536682128906,336.7427062988281,23.00595474243164,23.00595474243164,415.69079110003867,0.8,0.77512145
128,10,369,411.9294738769531,335.85772705078125,23.572174072265625,23.572174072265625,436.4044399899376,0.8,0.7770785
128,10,370,411.8902587890625,334.7539978027344,23.36014175415039,23.36014175415039,428.5888111396248,0.8,0.7791838
128,10,371,411.9974670410156,333.83050537109375,23.724849700927734,23.724849700927734,442.075880896936,0.8,0.7716752
128,10,372,411.91162109375,333.80572509765625,23.471418380737305,23.471418380737305,432.68172362507266,0.8,0.7806887
128,10,373,411.93896484375,332.71417236328125,22.998395919799805,22.998395919799805,415.4176777425511,0.8,0.77873164
128,10,374,412.9013366699219,331.7374267578125,22.941312789916992,22.941312789916992,413.3580634540232,0.8,0.7807628
128,10,375,412.85211181640625,330.6164855957031,23.225509643554688,23.225509643554688,423.66285310047726,0.8,0.7767226
128,10,376,412.9071960449219,329.5230712890625,23.307872772216797,23.307872772216797,426.67299756138505,0.8,0.7682012
128,10,377,412.97735595703125,329.6085510253906,23.35780906677246,23.35780906677246,428.50321972467594,0.8,0.7702899
128,10,378,412.8819274902344,328.6029968261719,23.562238693237305,23.562238693237305,436.0366393996724,0.8,0.7744103
128,10,379,413.9197082519531,327.6051330566406,23.741823196411133,23.741823196411133,442.7086568434312,0.8,0.7776073
128,10,380,413.9811096191406,326.7400207519531,24.031021118164062,24.031021118164062,453.5595665164222,0.8,0.76939
128,10,381,414.0752258300781,326.4788513183594,23.772327423095703,23.772327423095703,443.8469991351197,0.8,0.78349674
128,10,382,414.07855224609375,325.56707763671875,22.185598373413086,22.185598373413086,386.5735848541905,0.8,0.798853
128,10,383,414.4649353027344,324.2468566894531,23.8066349029541,23.8066349029541,445.1290157818961,0.8,0.7805828
128,10,384,415.1536865234375,323.4045715332031,24.096088409423828,24.096088409423828,456.0190413780623,0.8,0.77697444
128,10,385,415.50445556640625,322.9895935058594,22.50839614868164,22.50839614868164,397.90461997578507,0.8,0.8035031
128,10,386,415.5042724609375,322.0490417480469,23.06669044494629,23.06669044494629,417.8885350231946,0.8,0.7942029
128,10,387,415.7300109863281,320.9205322265625,23.247928619384766,23.247928619384766,424.48114914968943,0.8,0.8036028
128,10,388,415.7773742675781,319.7073974609375,23.382986068725586,23.382986068725586,429.4274708565883,0.8,0.80954814
128,10,389,416.7998046875,319.3941345214844,23.495113372802734,23.495113372802734,433.5557709336428,0.8,0.8002984
128,10,390,416.9352111816406,318.39105224609375,23.404325485229492,23.404325485229492,430.21162332222315,0.8,0.8007389
128,10,391,416.98858642578125,317.3628234863281,22.753093719482422,22.753093719482422,406.6032004332964,0.8,0.7997257
128,10,392,417.1761169433594,316.38079833984375,23.706260681152344,23.706260681152344,441.3833970257689,0.8,0.7895561
128,10,393,417.2670593261719,315.9912109375,24.14257049560547,24.14257049560547,457.7800874512713,0.8,0.78654253
128,10,394,418.3346862792969,314.7005615234375,24.39525604248047,24.39525604248047,467.4128445342688,0.8,0.7907203
128,10,395,418.3616027832031,313.8479309082031,23.919857025146484,23.919857025146484,449.3730676755413,0.8,0.7915645
128,10,396,418.6230163574219,312.7408142089844,23.751272201538086,23.751272201538086,443.06111408823307,0.8,0.7886711
128,10,397,418.7538146972656,312.4770812988281,26.443498611450195,26.443498611450195,549.19643495617,0.8,0.7625189
128,10,398,418.67498779296875,311.4444580078125,26.24428367614746,26.24428367614746,540.9527441416097,0.8,0.7591658
128,10,399,419.6966552734375,310.06646728515625,24.55815887451172,24.55815887451172,473.67611994112684,0.8,0.7762615
128,10,400,419.7063903808594,309.268798828125,26.4876708984375,26.4876708984375,551.0327671843297,0.8,0.7565031
128,10,401,420.0481872558594,308.9113464355469,27.28049087524414,27.28049087524414,584.5130914065976,0.8,0.74292475
128,10,402,420.08404541015625,307.87890625,26.962459564208984,26.962459564208984,570.9642217425921,0.8,0.7429141
128,10,403,418.2216491699219,309.788818359375,27.04010009765625,27.04010009765625,574.2572293757607,0.8,0.7311171
128,10,404,419.2234802246094,308.7437744140625,27.01174545288086,27.01174545288086,573.053511751393,0.8,0.72816384
128,10,405,419.0057678222656,309.1513977050781,18.440322875976562,18.440322875976562,267.0711172743185,0.8,0.8258758
128,10,406,419.14239501953125,308.0799560546875,18.622493743896484,18.622493743896484,272.3739414750886,0.8,0.83273035
128,10,407,418.99481201171875,307.2450866699219,18.711721420288086,18.711721420288086,274.990295391191,0.8,0.8324154
128,10,408,418.83843994140625,306.2328186035156,18.952280044555664,18.952280044555664,282.1063172067713,0.8,0.8333279
128,10,409,420.0325012207031,306.06195068359375,18.59077262878418,18.59077262878418,271.44682111412135,0.8,0.83282816
128,10,410,419.9470520019531,305.0848693847656,18.471202850341797,18.471202850341797,267.9663352817418,0.8,0.8308403
128,10,411,419.9971923828125,304.0492248535156,18.5759334564209,18.5759334564209,271.01365583893465,0.8,0.8334366
128,10,412,420.1091003417969,303.21722412109375,20.815284729003906,20.815284729003906,340.29423617974874,0.8,0.8004269
128,10,413,419.9989929199219,303.1984558105469,20.892080307006836,20.892080307006836,342.8098203195626,0.8,0.80132496
128,10,414,421.0981750488281,302.1253356933594,21.23246192932129,21.23246192932129,354.0711890737333,0.8,0.80117375
128,10,415,421.10382080078125,301.0980529785156,20.981456756591797,20.981456756591797,345.7491792876248,0.8,0.8025611
128,10,416,420.96527099609375,300.09051513671875,21.086238861083984,21.086238861083984,349.21116858585515,0.8,0.80539775
128,10,417,421.0616760253906,300.1203918457031,21.13503074645996,21.13503074645996,350.8291322719799,0.8,0.8097284
128,10,418,421.05877685546875,299.0033264160156,21.042879104614258,21.042879104614258,347.7764752456817,0.8,0.80568236
128,10,419,422.0684509277344,298.16583251953125,22.855175018310547,22.855175018310547,410.2598189614497,0.8,0.77790135
128,10,420,422.02215576171875,296.96630859375,20.786121368408203,20.786121368408203,339.34136221952355,0.8,0.80883914
128,10,421,422.0533752441406,297.072021484375,22.994171142578125,22.994171142578125,415.2650683215704,0.8,0.78315735
128,10,422,422.1010437011719,296.0467834472656,23.12860107421875,23.12860107421875,420.1347577227662,0.8,0.78237146
128,10,423,422.0275573730469,295.10516357421875,23.33617401123047,23.33617401123047,427.7097893591593,0.8,0.782112
128,10,424,423.1274719238281,294.1686096191406,23.641780853271484,23.641780853271484,438.9855814840984,0.8,0.78185254
128,10,425,423.061279296875,294.02203369140625,23.387422561645508,23.387422561645508,429.59043829473336,0.8,0.7813263
128,10,426,423.0583801269531,293.146728515625,23.70419692993164,23.70419692993164,441.30655100714375,0.8,0.78320915
128,10,427,423.00543212890625,292.1307067871094,23.856441497802734,23.856441497802734,446.9935003915268,0.8,0.7790353
128,10,428,423.0724792480469,291.0287780761719,23.9222469329834,23.9222469329834,449.4628687028945,0.8,0.78020746
128,10,429,424.0868835449219,291.10235595703125,23.3427734375,23.3427734375,427.95173461863624,0.8,0.7855962
128,10,430,423.95269775390625,290.07916259765625,23.03530502319336,23.03530502319336,416.7521184098384,0.8,0.78160053
128,10,431,423.9816589355469,288.9649353027344,23.06443214416504,23.06443214416504,417.80671385245444,0.8,0.78311276
128,10,432,424.0572814941406,287.9304504394531,22.738813400268555,22.738813400268555,406.0929751909185,0.8,0.7786278
128,10,433,424.1927795410156,288.0549621582031,22.913314819335938,22.913314819335938,412.3497406131895,0.8,0.7761667
128,10,434,425.1275634765625,287.0323791503906,22.925262451171875,22.925262451171875,412.7798736917416,0.8,0.7765669
128,10,435,425.12957763671875,286.0595397949219,23.10042953491211,23.10042953491211,419.1118999594347,0.8,0.7768042
128,10,436,424.99365234375,284.9356689453125,23.581890106201172,23.581890106201172,436.76427054158154,0.8,0.7791097
128,10,437,425.0408020019531,284.97674560546875,24.1450138092041,24.1450138092041,457.8727500707014,0.8,0.7490259
128,10,438,425.0891418457031,283.9837646484375,23.980628967285156,23.980628967285156,451.65936609847614,0.8,0.76527095
128,10,439,426.0280456542969,283.0819396972656,24.237966537475586,24.237966537475586,461.4049448126303,0.8,0.75302273
128,10,440,426.0006103515625,282.00616455078125,24.12725067138672,24.12725067138672,457.19929715269274,0.8,0.7529286
128,10,441,426.10321044921875,282.0541076660156,24.166709899902344,24.166709899902344,458.6959852142495,0.8,0.75979084
128,10,442,425.9730529785156,281.10931396484375,22.48958969116211,22.48958969116211,397.23997465223954,0.8,0.7826087
128,10,443,425.923583984375,279.9905700683594,22.378488540649414,22.378488540649414,393.3248471858799,0.8,0.7833204
128,10,444,427.1286315917969,279.0076599121094,24.033660888671875,24.033660888671875,453.6592176233594,0.8,0.7609346
128,10,445,427.005615234375,278.9936828613281,22.371828079223633,22.371828079223633,393.0907531704445,0.8,0.7869158
128,10,446,427.004150390625,278.0436706542969,24.22270393371582,24.22270393371582,460.82403604774566,0.8,0.74976623
128,10,447,426.9971923828125,276.9338073730469,24.094173431396484,24.094173431396484,455.94656224957566,0.8,0.7555229
128,10,448,427.0414123535156,275.9991760253906,22.222137451171875,22.222137451171875,387.8479858253949,0.8,0.780748
128,10,449,428.08306884765625,275.8896484375,24.11274528503418,24.11274528503418,456.64972281541566,0.8,0.76642156
128,10,450,428.08514404296875,274.79986572265625,24.057607650756836,24.057607650756836,454.5637058407099,0.8,0.7668641
128,10,451,428.04913330078125,273.84332275390625,24.05609893798828,24.05609893798828,454.50669397379676,0.8,0.76482844
128,10,452,428.12237548828125,272.8601379394531,23.975807189941406,23.975807189941406,451.4777543520408,0.8,0.7676675
128,10,453,427.9750061035156,272.7184753417969,23.505874633789062,23.505874633789062,433.9530173910323,0.8,0.7708369
128,10,454,429.14593505859375,271.8054504394531,24.020139694213867,24.020139694213867,453.14890926479933,0.8,0.7656386
128,10,455,429.1212463378906,270.8182678222656,23.81084632873535,23.81084632873535,445.2865175567401,0.8,0.7628336
128,10,456,429.118408203125,269.7459411621094,23.588375091552734,23.588375091552734,437.004522645046,0.8,0.7692598
128,10,457,429.1206970214844,269.676513671875,23.653289794921875,23.653289794921875,439.41308643451555,0.8,0.7664464
128,10,458,429.0091552734375,268.6434326171875,23.710905075073242,23.710905075073242,441.5563605480653,0.8,0.7705456
128,10,459,430.0776672363281,267.7830505371094,23.533220291137695,23.533220291137695,434.96328680744,0.8,0.7772638
128,10,460,430.1202392578125,266.6318054199219,23.501279830932617,23.501279830932617,433.7833803353023,0.8,0.77132714
128,10,461,430.033203125,266.6524658203125,23.701719284057617,23.701719284057617,441.21430200875415,0.8,0.76714975
128,10,462,430.1282653808594,265.63299560546875,23.47040557861328,23.47040557861328,432.64438361375414,0.8,0.7709719
128,10,463,430.0864562988281,264.619873046875,23.463769912719727,23.463769912719727,432.39977959651503,0.8,0.77127737
128,10,464,431.02783203125,263.5917053222656,23.389999389648438,23.389999389648438,429.68510812437177,0.8,0.7679312
128,10,465,431.0873107910156,262.5274658203125,23.413389205932617,23.413389205932617,430.54490129153686,0.8,0.76864165
128,10,466,431.0496826171875,262.6395263671875,23.602680206298828,23.602680206298828,437.5347241014934,0.8,0.770162
128,10,467,431.14666748046875,261.6399230957031,23.363819122314453,23.363819122314453,428.72375919942743,0.8,0.76815146
128,10,468,431.0276794433594,260.69915771484375,21.507646560668945,21.507646560668945,363.3085875249597,0.8,0.7966216
128,10,469,432.0848693847656,259.701171875,23.639511108398438,23.639511108398438,438.9012953256416,0.8,0.76809466
128,10,470,432.0997314453125,259.71124267578125,23.627883911132812,23.627883911132812,438.46965044907705,0.8,0.7637539
128,10,471,432.1499938964844,258.7331848144531,23.492839813232422,23.492839813232422,433.47186691801807,0.8,0.7655016
128,10,472,432.06732177734375,257.7796325683594,23.51945686340332,23.51945686340332,434.4546581488319,0.8,0.7784796
128,10,473,432.146728515625,256.7277526855469,23.77436637878418,23.77436637878418,443.92314003271946,0.8,0.76414764
128,10,474,433.264404296875,256.7355651855469,23.32227325439453,23.32227325439453,427.2003897473865,0.8,0.77770865
128,10,475,433.2076416015625,255.78968811035156,23.347444534301758,23.347444534301758,428.12302566024994,0.8,0.7770488
128,10,476,433.2208251953125,254.8172149658203,23.406112670898438,23.406112670898438,430.2773289033729,0.8,0.7791987
128,10,477,433.2391662597656,253.9293975830078,23.223377227783203,23.223377227783203,423.58506071699225,0.8,0.7719782
128,10,478,433.32122802734375,253.98110961914062,23.174808502197266,23.174808502197266,421.81516536640953,0.8,0.77584046
128,10,479,434.2098388671875,252.94793701171875,23.43569564819336,23.43569564819336,431.3656709657026,0.8,0.7730902
128,10,480,434.22021484375,252.1063690185547,22.93130874633789,22.93130874633789,412.99763504380456,0.8,0.7719115
128,10,481,434.26580810546875,251.1194305419922,22.85208511352539,22.85208511352539,410.14889632919113,0.8,0.76925755
128,10,482,434.3032531738281,251.1084442138672,23.036054611206055,23.036054611206055,416.7792417732725,0.8,0.77164465
128,10,483,434.2633056640625,250.22671508789062,23.19878387451172,23.19878387451172,422.688390006178,0.8,0.7729123
128,10,484,435.35333251953125,249.19554138183594,23.28080940246582,23.28080940246582,425.68273085382185,0.8,0.77386117
128,10,485,435.2221984863281,248.19674682617188,22.93271255493164,22.93271255493164,413.0482023604677,0.8,0.77368325
128,10,486,435.2156982421875,248.1219940185547,23.287702560424805,23.287702560424805,425.93484689137534,0.8,0.7735572
128,10,487,435.1726379394531,247.14813232421875,22.75496482849121,22.75496482849121,406.6700775097065,0.8,0.7719041
128,10,488,435.2076416015625,246.2894744873047,22.987215042114258,22.987215042114258,415.0138578222648,0.8,0.7720745
128,10,489,436.2300109863281,245.2301788330078,23.130125045776367,23.130125045776367,420.1901259236597,0.8,0.7732755
128,10,490,436.27520751953125,245.27401733398438,23.17464828491211,23.17464828491211,421.8093330121086,0.8,0.7728455
128,10,491,436.2944641113281,244.21615600585938,22.973304748535156,22.973304748535156,414.51173367290136,0.8,0.770503
128,10,492,436.3547058105469,243.34347534179688,23.30289077758789,23.30289077758789,426.4906166617228,0.8,0.76800936
128,10,493,436.30352783203125,242.2408447265625,23.29265594482422,23.29265594482422,426.11606214037784,0.8,0.77311987
128,10,494,437.3587341308594,242.30360412597656,23.34921646118164,23.34921646118164,428.188011914534,0.8,0.76733446
128,10,495,437.3283996582031,241.21409606933594,23.51093101501465,23.51093101501465,434.1397339396603,0.8,0.7653595
128,10,496,437.3295593261719,240.03445434570312,21.88663101196289,21.88663101196289,376.2250544562329,0.8,0.79676586
128,10,497,437.3080749511719,239.17176818847656,23.64437484741211,23.64437484741211,439.08191843131897,0.8,0.767846
128,10,498,437.3636474609375,239.23455810546875,23.51605796813965,23.51605796813965,434.3290974958925,0.8,0.7700554
128,10,499,438.2373046875,238.00143432617188,22.121292114257812,22.121292114257812,384.33582025298415,0.8,0.7880571
128,10,500,438.1834716796875,237.0276641845703,22.132678985595703,22.132678985595703,384.7315935991612,0.8,0.7918004
129,11,248,213.89126586914062,456.7654724121094,15.89765739440918,15.89765739440918,198.49800587412838,0.8,0.82446384
129,11,249,215.0669708251953,456.815673828125,15.932319641113281,15.932319641113281,199.3645345027382,0.8,0.82722116
129,11,250,214.8781280517578,455.828369140625,16.09441566467285,16.09441566467285,203.44185558668448,0.8,0.8293352
129,11,251,215.9383087158203,455.6707763671875,16.5526123046875,16.5526123046875,215.19043705658896,0.8,0.83013266
129,11,252,216.89398193359375,454.8661193847656,18.37590980529785,18.37590980529785,265.20858747179335,0.8,0.79338443
129,11,253,216.90997314453125,454.8310852050781,18.330116271972656,18.330116271972656,263.8884127761868,0.8,0.80014914
129,11,254,217.9906768798828,453.7677001953125,18.66683006286621,18.66683006286621,273.67241776048076,0.8,0.7974363
129,11,255,218.93360900878906,453.88201904296875,20.450693130493164,20.450693130493164,328.4777410872778,0.8,0.76485705
129,11,256,219.9275665283203,452.71307373046875,20.329055786132812,20.329055786132812,324.5818988772151,0.8,0.76820725
129,11,257,220.0830841064453,452.7919921875,20.513566970825195,20.513566970825195,330.50059716301007,0.8,0.76251835
129,11,258,221.03338623046875,451.724609375,20.884151458740234,20.884151458740234,342.5496670717385,0.8,0.7631053
129,11,259,222.097900390625,451.7859802246094,22.90986442565918,22.90986442565918,412.225562874154,0.8,0.72858894
129,11,260,223.07769775390625,450.8019104003906,22.820457458496094,22.820457458496094,409.01437657071216,0.8,0.7282627
129,11,261,223.06790161132812,450.92254638671875,23.463287353515625,23.463287353515625,432.3819941895986,0.8,0.7316876
129,11,262,224.0564727783203,449.9274597167969,22.927001953125,22.927001953125,412.8425171305323,0.8,0.7344454
129,11,263,225.0731658935547,449.8448181152344,22.90631866455078,22.90631866455078,412.0979723977128,0.8,0.7352015
129,11,264,226.05763244628906,448.82720947265625,23.08781623840332,23.08781623840332,418.6543379542577,0.8,0.73558694
129,11,265,225.97076416015625,448.92083740234375,23.328041076660156,23.328041076660156,427.4117173980314,0.8,0.7341488
129,11,266,227.11570739746094,447.9895935058594,23.078216552734375,23.078216552734375,418.30626566478975,0.8,0.73410434
129,11,267,228.08203125,448.06256103515625,23.607833862304688,23.607833862304688,437.7258167755903,0.8,0.7325772
129,11,268,228.99136352539062,447.0280456542969,22.306507110595703,22.306507110595703,390.7986219345353,0.8,0.7359724
129,11,269,229.0799560546875,447.0849304199219,21.858600616455078,21.858600616455078,375.26200225667174,0.8,0.7565224
129,11,270,230.0692901611328,446.1385498046875,21.99435806274414,21.99435806274414,379.9377647297468,0.8,0.75613356
129,11,271,231.0537872314453,446.10369873046875,23.245485305786133,23.245485305786133,424.39192949659275,0.8,0.73539424
129,11,272,232.05072021484375,445.0147705078125,23.27751922607422,23.27751922607422,425.562419546873,0.8,0.73299235
129,11,273,232.11151123046875,445.0727844238281,21.470136642456055,21.470136642456055,362.04245253913825,0.8,0.7651505
129,11,274,233.01788330078125,444.0853576660156,21.809879302978516,21.809879302978516,373.5910003560496,0.8,0.7682718
129,11,275,234.0796661376953,444.0750427246094,21.716699600219727,21.716699600219727,370.40558744527596,0.8,0.76924103
129,11,276,234.0883331298828,443.04766845703125,21.758068084716797,21.758068084716797,371.8181144598701,0.8,0.77074385
129,11,277,235.10777282714844,443.13018798828125,21.75509262084961,21.75509262084961,371.7164275165436,0.8,0.7619048
129,11,278,236.0086212158203,442.01080322265625,22.11318588256836,22.11318588256836,384.054196163639,0.8,0.74128026
129,11,279,237.10841369628906,442.0679016113281,21.856306076049805,21.856306076049805,375.1832224071662,0.8,0.7679484
129,11,280,237.1204376220703,441.1735534667969,23.659273147583008,23.659273147583008,439.63542303296447,0.8,0.73187697
129,11,281,238.03175354003906,441.108642578125,21.99932098388672,21.99932098388672,380.1092463341182,0.8,0.7613028
129,11,282,239.06565856933594,440.0218811035156,21.81566619873047,21.81566619873047,373.7892792148742,0.8,0.7701125
129,11,283,240.1106414794922,440.10504150390625,21.654521942138672,21.654521942138672,368.28758773754663,0.8,0.771811
129,11,284,240.1164093017578,439.1149597167969,21.3559513092041,21.3559513092041,358.2017682430383,0.8,0.7695434
129,11,285,241.10552978515625,439.11328125,21.250211715698242,21.250211715698242,354.66342514198845,0.8,0.7678183
129,11,286,242.1837158203125,438.2355651855469,23.25417709350586,23.25417709350586,424.7093600981514,0.8,0.73326665
129,11,287,243.11668395996094,438.1418151855469,21.179981231689453,21.179981231689453,352.32302266265674,0.8,0.7656573
129,11,288,243.18508911132812,437.1828308105469,23.14502716064453,23.14502716064453,420.73173463866806,0.8,0.7325475
129,11,289,244.13238525390625,437.18890380859375,22.91265106201172,22.91265106201172,412.32585090553874,0.8,0.73115385
129,11,290,245.22508239746094,436.1199645996094,21.314830780029297,21.314830780029297,356.8236731728157,0.8,0.7658886
129,11,291,246.1608428955078,436.2514953613281,23.067049026489258,23.067049026489258,417.9015276352691,0.8,0.72904116
129,11,292,246.19622802734375,435.2204895019531,22.93177604675293,22.93177604675293,413.01446757044687,0.8,0.72781056
129,11,293,247.1446990966797,435.1792907714844,23.26084327697754,23.26084327697754,424.9528945228092,0.8,0.7294711
129,11,294,248.2177276611328,434.0089111328125,21.14810562133789,21.14810562133789,351.2633370685097,0.8,0.7642524
129,11,295,249.13665771484375,434.1058044433594,21.655479431152344,21.655479431152344,368.32015729656524,0.8,0.76919657
129,11,296,249.28953552246094,433.07708740234375,23.047510147094727,23.047510147094727,417.1938628335039,0.8,0.7324883
129,11,297,250.19818115234375,433.06170654296875,23.189144134521484,23.189144134521484,422.33718542213734,0.8,0.73518664
129,11,298,251.1431121826172,432.03179931640625,21.4361572265625,21.4361572265625,360.8973963634524,0.8,0.7639322
129,11,299,252.18556213378906,432.071533203125,21.88701057434082,21.88701057434082,376.2381037112296,0.8,0.7583455
129,11,300,252.1131591796875,431.16900634765625,23.2363224029541,23.2363224029541,424.0574219098205,0.8,0.73142076
129,11,301,253.1026611328125,431.0620422363281,21.619155883789062,21.619155883789062,367.0855991397826,0.8,0.76871634
129,11,302,254.05410766601562,429.9466857910156,21.67094612121582,21.67094612121582,368.84646548291374,0.8,0.76855636
129,11,303,254.00421142578125,430.0104675292969,21.669628143310547,21.669628143310547,368.8016020324195,0.8,0.77199763
129,11,304,254.98802185058594,429.0836181640625,21.89082908630371,21.89082908630371,376.36939574118963,0.8,0.7635769
129,11,305,255.94447326660156,429.11834716796875,21.48880958557129,21.48880958557129,362.67247535183157,0.8,0.77032596
129,11,306,256.86224365234375,428.044189453125,21.500690460205078,21.500690460205078,363.0736197105071,0.8,0.77085054
129,11,307,256.8589782714844,428.1769714355469,21.498109817504883,21.498109817504883,362.98646836454657,0.8,0.7700769
129,11,308,257.8553161621094,427.0615234375,23.154050827026367,23.154050827026367,421.0598641216667,0.8,0.7325698
129,11,309,258.81781005859375,427.1407470703125,21.369489669799805,21.369489669799805,358.6560680085271,0.8,0.76732916
129,11,310,259.7950134277344,426.0170593261719,21.577260971069336,21.577260971069336,365.6642561400129,0.8,0.7696857
129,11,311,259.861328125,425.9483642578125,21.3372859954834,21.3372859954834,357.57589805911294,0.8,0.7675782
129,11,312,260.8258972167969,425.0736083984375,22.98065757751465,22.98065757751465,414.7771131353212,0.8,0.7375366
129,11,313,261.8878479003906,425.0631408691406,23.143896102905273,23.143896102905273,420.69061476840045,0.8,0.73447496
129,11,314,262.7489013671875,424.0431213378906,23.20356559753418,23.20356559753418,422.8626566504118,0.8,0.73388195
129,11,315,262.70916748046875,424.0731201171875,23.369672775268555,23.369672775268555,428.9386140113385,0.8,0.7344305
129,11,316,263.8614501953125,423.0452575683594,23.152420043945312,23.152420043945312,421.0005541437823,0.8,0.73986435
129,11,317,264.7556457519531,423.008056640625,22.885068893432617,22.885068893432617,411.33373560596857,0.8,0.7394789
129,11,318,265.7279357910156,422.01806640625,23.280216217041016,23.280216217041016,425.66103868923614,0.8,0.74148047
129,11,319,265.77178955078125,422.05584716796875,22.99027442932129,22.99027442932129,415.1243342394339,0.8,0.74090964
129,11,320,266.7223815917969,421.08221435546875,22.608346939086914,22.608346939086914,401.44633696908824,0.8,0.7356759
129,11,321,267.7718200683594,421.03887939453125,22.88851547241211,22.88851547241211,411.4576418059791,0.8,0.73760337
129,11,322,268.9473571777344,420.00048828125,22.899105072021484,22.899105072021484,411.83845983086417,0.8,0.73340005
129,11,323,268.74749755859375,420.0151062011719,22.406173706054688,22.406173706054688,394.29863942084944,0.8,0.742649
129,11,324,269.81658935546875,418.9929504394531,23.077001571655273,23.077001571655273,418.262222329068,0.8,0.7363061
129,11,325,270.9319763183594,419.0312805175781,22.526718139648438,22.526718139648438,398.5526778849125,0.8,0.73287374
129,11,326,270.79925537109375,418.0917053222656,22.476924896240234,22.476924896240234,396.7926969282984,0.8,0.7350755
129,11,327,271.80877685546875,418.0865783691406,22.86724090576172,22.86724090576172,410.6931086176002,0.8,0.7320509
129,11,328,272.9449462890625,417.0887145996094,22.652652740478516,22.652652740478516,403.02131543318023,0.8,0.7341488
129,11,329,273.9065246582031,417.13116455078125,22.614091873168945,22.614091873168945,401.65038335696505,0.8,0.73374104
129,11,330,273.9922180175781,416.0790100097656,22.593948364257812,22.593948364257812,400.93516164935863,0.8,0.7348605
129,11,331,274.9700927734375,416.1349792480469,22.79835319519043,22.79835319519043,408.22240446573795,0.8,0.73273283
129,11,332,276.0050964355469,415.1785888671875,22.587783813476562,22.587783813476562,400.7164085611859,0.8,0.73111683
129,11,333,277.021484375,415.166259765625,22.625980377197266,22.625980377197266,402.0727993771192,0.8,0.7328886
129,11,334,276.97955322265625,414.10870361328125,22.658334732055664,22.658334732055664,403.22352141259375,0.8,0.73274034
129,11,335,277.9951171875,414.1416931152344,22.519956588745117,22.519956588745117,398.31345708356304,0.8,0.73148006
129,11,336,279.0136413574219,413.09674072265625,22.702682495117188,22.702682495117188,404.8034752025452,0.8,0.7346454
129,11,337,279.9533386230469,413.1114196777344,22.607105255126953,22.607105255126953,401.4022421230209,0.8,0.7331851
129,11,338,279.9964599609375,412.0692443847656,22.697879791259766,22.697879791259766,404.63222270216255,0.8,0.732555
129,11,339,280.93353271484375,411.9886474609375,22.39525604248047,22.39525604248047,393.91448002235995,0.8,0.7346677
129,11,340,281.84912109375,411.02008056640625,22.42505645751953,22.42505645751953,394.96350800786627,0.8,0.73314804
129,11,341,282.95941162109375,410.84356689453125,22.875635147094727,22.875635147094727,410.9946832446539,0.8,0.7365804
129,11,342,283.0399169921875,409.8895568847656,23.005647659301758,23.005647659301758,415.679693905536,0.8,0.7354091
129,11,343,284.0023498535156,409.943603515625,22.620580673217773,22.620580673217773,401.8809124405467,0.8,0.7339709
129,11,344,285.0479736328125,408.8642578125,23.01950454711914,23.01950454711914,416.1805936565212,0.8,0.7368694
129,11,345,285.9568176269531,408.78607177734375,22.860836029052734,22.860836029052734,410.4630790869298,0.8,0.73618
129,11,346,285.96185302734375,407.8539733886719,22.735897064208984,22.735897064208984,405.9888160494007,0.8,0.7345195
129,11,347,287.0347900390625,407.79278564453125,23.29903221130371,23.29903221130371,426.349389027405,0.8,0.73712146
129,11,348,288.06378173828125,406.792724609375,23.211374282836914,23.211374282836914,423.14731609283155,0.8,0.7361059
129,11,349,289.0276794433594,406.7423095703125,22.906089782714844,22.906089782714844,412.0897370046185,0.8,0.7370399
129,11,350,288.9502868652344,405.8418884277344,23.305402755737305,23.305402755737305,426.5825703050269,0.8,0.7350681
129,11,351,290.11334228515625,405.80352783203125,22.885438919067383,22.885438919067383,411.3470373144152,0.8,0.73417103
129,11,352,291.0594787597656,404.7436218261719,23.316099166870117,23.316099166870117,426.97423482271756,0.8,0.7363357
129,11,353,291.0430908203125,404.7443542480469,23.29448699951172,23.29448699951172,426.183059436227,0.8,0.7372697
129,11,354,291.9744873046875,403.8329772949219,23.17639923095703,23.17639923095703,421.8730745002374,0.8,0.7385226
129,11,355,293.017333984375,403.76287841796875,23.36481285095215,23.36481285095215,428.7602296185125,0.8,0.739338
129,11,356,294.02349853515625,402.7980651855469,22.828264236450195,22.828264236450195,409.2942684697932,0.8,0.7367434
129,11,357,294.08782958984375,402.73150634765625,23.24908447265625,23.24908447265625,424.52335937236035,0.8,0.73841876
129,11,358,295.0530090332031,401.8441162109375,22.945472717285156,22.945472717285156,413.50798472819173,0.8,0.7378035
129,11,359,296.0348815917969,401.8580322265625,23.515892028808594,23.515892028808594,434.32296789494427,0.8,0.7372253
129,11,360,297.032470703125,400.8866271972656,23.01999282836914,23.01999282836914,416.19824958263564,0.8,0.7385967
129,11,361,297.0241394042969,400.8646545410156,22.902454376220703,22.902454376220703,411.95894254444704,0.8,0.7382335
129,11,362,298.0328674316406,399.8994140625,23.516441345214844,23.516441345214844,434.3432591531395,0.8,0.73830754
129,11,363,299.1054382324219,399.8179931640625,23.292701721191406,23.292701721191406,426.11773700858856,0.8,0.7395975
129,11,364,300.0752868652344,398.850830078125,23.16370964050293,23.16370964050293,421.4112313179322,0.8,0.738997
129,11,365,300.0240173339844,398.8484802246094,22.993986129760742,22.993986129760742,415.25838584098113,0.8,0.7410578
129,11,366,301.0399169921875,397.8353576660156,22.903236389160156,22.903236389160156,411.98707601157605,0.8,0.7394047
129,11,367,302.0853271484375,397.8482971191406,22.9796085357666,22.9796085357666,414.7392457614216,0.8,0.73989403
129,11,368,303.0325622558594,396.94500732421875,22.98433494567871,22.98433494567871,414.9098691440904,0.8,0.7388636
129,11,369,303.12939453125,396.8622741699219,23.3789005279541,23.3789005279541,429.27742242694893,0.8,0.7377813
129,11,370,304.10247802734375,395.94061279296875,22.82822036743164,22.82822036743164,409.29269539175107,0.8,0.7360614
129,11,371,305.1441955566406,395.8545837402344,22.60053062438965,22.60053062438965,401.16880332225213,0.8,0.7376627
129,11,372,306.1245422363281,394.8134460449219,22.886503219604492,22.886503219604492,411.3852980665291,0.8,0.7358761
129,11,373,306.16461181640625,394.89947509765625,22.452924728393555,22.452924728393555,395.9457832923089,0.8,0.7330739
129,11,374,307.0235290527344,393.9419860839844,22.66245460510254,22.66245460510254,403.37016773631603,0.8,0.73638755
129,11,375,308.0814208984375,393.946044921875,22.539392471313477,22.539392471313477,399.00128383270805,0.8,0.73403764
129,11,376,308.1770324707031,392.8729553222656,22.66913604736328,22.66913604736328,403.60804945055,0.8,0.73484564
129,11,377,309.17279052734375,392.9239501953125,22.541175842285156,22.541175842285156,399.0644262140845,0.8,0.7330295
129,11,378,310.23175048828125,391.90655517578125,22.67270851135254,22.67270851135254,403.73526989980667,0.8,0.73237705
129,11,379,311.1187744140625,391.90020751953125,22.610559463500977,22.610559463500977,401.52491443301216,0.8,0.7346454
129,11,380,311.1053161621094,391.0300598144531,22.96860694885254,22.96860694885254,414.3422244088487,0.8,0.730887
129,11,381,312.15264892578125,390.96929931640625,22.5972843170166,22.5972843170166,401.05356499141595,0.8,0.7341488
129,11,382,313.1243591308594,389.9555969238281,22.586397171020508,22.586397171020508,400.6672108767992,0.8,0.73388195
129,11,383,314.0271911621094,389.9954528808594,22.660789489746094,22.660789489746094,403.31089497019883,0.8,0.73632824
129,11,384,314.0539855957031,389.0033874511719,22.666061401367188,22.666061401367188,403.4985730492756,0.8,0.73875237
129,11,385,314.9805603027344,388.960693359375,22.875381469726562,22.875381469726562,410.98556791554387,0.8,0.7374699
129,11,386,315.9248352050781,387.923095703125,21.23149299621582,21.23149299621582,354.03887407700967,0.8,0.77402514
129,11,387,316.8945007324219,387.93670654296875,21.34015655517578,21.34015655517578,357.67211573226524,0.8,0.77270025
129,11,388,316.7781677246094,386.9956359863281,19.493867874145508,19.493867874145508,298.45985091021157,0.8,0.8050622
129,11,389,317.87713623046875,386.9756774902344,18.98352813720703,18.98352813720703,283.03734519264395,0.8,0.8059421
129,11,390,318.7370910644531,386.08209228515625,17.42180061340332,17.42180061340332,238.383372451971,0.8,0.83680034
129,11,391,319.8155212402344,386.1116638183594,16.99422264099121,16.99422264099121,226.82581951352304,0.8,0.8348599
129,11,392,319.87677001953125,384.8556213378906,17.39316749572754,17.39316749572754,237.60043959156047,0.8,0.8338694
129,11,393,320.8437194824219,385.0307312011719,16.673368453979492,16.673368453979492,218.34164415619333,0.8,0.8292829
129,11,396,327.8219909667969,384.05194091796875,28.25274085998535,28.25274085998535,626.9184533280555,0.8,0.67618567
129,11,397,327.84197998046875,384.01007080078125,27.068944931030273,27.068944931030273,575.4830524302942,0.8,0.7082923
129,11,398,328.416748046875,383.33770751953125,26.671491622924805,26.671491622924805,558.7074862175401,0.8,0.7282167
129,11,399,328.85418701171875,383.3019714355469,23.860897064208984,23.860897064208984,447.16048214415275,0.8,0.7591708
129,11,400,328.83660888671875,382.5619812011719,24.32916831970215,24.32916831970215,464.8837947077093,0.8,0.7583072
129,11,401,328.99102783203125,382.42919921875,23.579252243041992,23.579252243041992,436.66656336584833,0.8,0.7682296
129,11,402,329.706787109375,381.74603271484375,23.802146911621094,23.802146911621094,444.96120148407414,0.8,0.75767297
129,11,403,329.3615417480469,381.96484375,23.629528045654297,23.629528045654297,438.5306739561739,0.8,0.7668514
129,11,404,330.0663146972656,381.8647155761719,23.268056869506836,23.268056869506836,425.2165059758786,0.8,0.77294934
129,11,405,330.596923828125,381.22442626953125,23.154062271118164,23.154062271118164,421.06028034679844,0.8,0.77367586
129,11,406,331.2874755859375,381.17724609375,23.25714111328125,23.25714111328125,424.8176354556947,0.8,0.76773787
129,11,407,331.2891845703125,380.5804443359375,23.89453887939453,23.89453887939453,448.42228677216883,0.8,0.75627047
129,11,408,331.7850036621094,380.48193359375,23.729795455932617,23.729795455932617,442.2602130988064,0.8,0.751103
129,11,409,332.4074401855469,380.054443359375,23.95259666442871,23.95259666442871,450.60404331703205,0.8,0.75946355
129,11,410,332.8454284667969,380.10565185546875,24.440322875976562,24.440322875976562,469.1413997876019,0.8,0.74268866
129,11,411,332.8046569824219,379.55291748046875,24.916364669799805,24.916364669799805,487.59499414352643,0.8,0.74344784
129,11,412,333.0321960449219,380.14697265625,26.95642852783203,26.95642852783203,570.7088206463627,0.8,0.70291835
129,11,413,333.7488098144531,379.649169921875,27.908796310424805,27.908796310424805,611.7473453581704,0.8,0.68361354
129,11,417,338.96539306640625,373.0732421875,16.3077335357666,16.3077335357666,208.87049430190558,0.8,0.8338422
129,11,418,339.94903564453125,372.9761047363281,16.492725372314453,16.492725372314453,213.63614673400969,0.8,0.83651537
129,11,419,339.8791198730469,371.92120361328125,16.624420166015625,16.624420166015625,217.06154745116166,0.8,0.83498204
129,11,420,340.943603515625,372.017333984375,18.34402084350586,18.34402084350586,264.28891727280666,0.8,0.8011407
129,11,421,341.8037109375,371.09185791015625,19.96795082092285,19.96795082092285,313.15321742518466,0.8,0.78435296
129,11,422,342.86029052734375,371.0559997558594,19.96862030029297,19.96862030029297,313.1742163884901,0.8,0.7872844
129,11,423,342.819091796875,370.1288146972656,19.967227935791016,19.967227935791016,313.130544121422,0.8,0.7857157
129,11,424,343.8455505371094,370.1647644042969,21.296789169311523,21.296789169311523,356.2198729984034,0.8,0.7689743
129,11,425,344.72564697265625,369.0403747558594,20.947736740112305,20.947736740112305,344.6387416629634,0.8,0.76573735
129,11,426,344.7928161621094,369.1943359375,21.14805030822754,21.14805030822754,351.2614996044205,0.8,0.7656485
129,11,427,345.8004455566406,368.0919494628906,20.486217498779297,20.486217498779297,329.6199125629472,0.8,0.7601352
129,11,428,346.8490905761719,368.201904296875,20.981552124023438,20.981552124023438,345.7523223759756,0.8,0.7601619
129,11,429,347.88720703125,367.1371765136719,19.553083419799805,19.553083419799805,300.27583796195574,0.8,0.7952854
129,11,430,347.9002685546875,367.1473388671875,19.720109939575195,19.720109939575195,305.4277866540982,0.8,0.79118687
129,11,431,348.9878845214844,366.15191650390625,19.46439552307129,19.46439552307129,297.5580633237103,0.8,0.7979686
129,11,432,350.0062255859375,366.1290588378906,19.750247955322266,19.750247955322266,306.36206353286605,0.8,0.7895459
129,11,433,350.9921569824219,365.13079833984375,20.002601623535156,20.002601623535156,314.24100308875813,0.8,0.77827454
129,11,434,350.9953918457031,365.1373291015625,19.97991943359375,19.97991943359375,313.52873245539297,0.8,0.79102165
129,11,435,351.9732971191406,364.2003173828125,19.919069290161133,19.919069290161133,311.62189630920506,0.8,0.79029924
129,11,436,353.0124816894531,364.0936279296875,20.07928466796875,20.07928466796875,316.6550037221684,0.8,0.7812232
129,11,437,353.93695068359375,363.0992431640625,20.124671936035156,20.124671936035156,318.0881572581714,0.8,0.7835491
129,11,438,353.854736328125,363.1501159667969,20.299116134643555,20.299116134643555,323.6265458071793,0.8,0.78005606
129,11,439,354.9822692871094,362.0726318359375,20.543102264404297,20.543102264404297,331.4529872959248,0.8,0.76780045
129,11,440,355.9565124511719,362.099609375,20.347543716430664,20.347543716430664,325.1725388235368,0.8,0.77269125
129,11,441,356.8759460449219,361.06463623046875,21.08071517944336,21.08071517944336,349.0282361354472,0.8,0.78165495
129,11,442,356.8760070800781,361.105712890625,21.08320426940918,21.08320426940918,349.11066350683524,0.8,0.7791383
129,11,443,357.86065673828125,360.0640563964844,20.893688201904297,20.893688201904297,342.86258896333413,0.8,0.7784536
129,11,444,358.8358459472656,360.1152038574219,21.098695755004883,21.098695755004883,349.62389002365967,0.8,0.77345604
129,11,445,359.73577880859375,358.9618225097656,21.85614013671875,21.85614013671875,375.1775254319872,0.8,0.76506233
129,11,446,359.81097412109375,359.013671875,23.21022605895996,23.21022605895996,423.10545249368465,0.8,0.7397828
129,11,447,360.8442077636719,358.0277404785156,23.423503875732422,23.423503875732422,430.9169755881048,0.8,0.7416954
129,11,448,361.72564697265625,358.0652160644531,23.05518913269043,23.05518913269043,417.4719110335903,0.8,0.7468031
129,11,449,362.8116455078125,357.0202331542969,22.713821411132812,22.713821411132812,405.2008007685213,0.8,0.74495715
129,11,450,362.7532958984375,357.0391540527344,22.955041885375977,22.955041885375977,413.8529549590522,0.8,0.7432077
129,11,451,363.8067932128906,355.98638916015625,22.68137550354004,22.68137550354004,404.0439969523504,0.8,0.7373217
129,11,452,364.9049072265625,356.0755310058594,22.69748306274414,22.69748306274414,404.6180779679719,0.8,0.73575
129,11,453,364.8200378417969,355.0651550292969,22.477773666381836,22.477773666381836,396.8226647423067,0.8,0.73650616
129,11,454,365.7960510253906,355.05230712890625,22.50164794921875,22.50164794921875,397.6660656859328,0.8,0.7345936
129,11,455,366.8948669433594,354.05096435546875,22.481056213378906,22.481056213378906,396.93857338858135,0.8,0.734386
129,11,456,367.9438781738281,354.083740234375,22.361242294311523,22.361242294311523,392.7188399170504,0.8,0.73490494
129,11,457,367.88409423828125,353.0708923339844,22.353025436401367,22.353025436401367,392.4302761616917,0.8,0.73134667
129,11,458,368.96142578125,353.0423889160156,22.306673049926758,22.306673049926758,390.8044363009698,0.8,0.73420066
129,11,459,370.0277404785156,352.0767822265625,22.15573501586914,22.15573501586914,385.53357545575886,0.8,0.7342155
129,11,460,370.984619140625,352.04638671875,22.078693389892578,22.078693389892578,382.85702311129603,0.8,0.74361
129,11,461,370.9738464355469,351.0250244140625,21.66866683959961,21.66866683959961,368.76888135235185,0.8,0.7651594
129,11,462,371.92791748046875,351.11041259765625,22.133098602294922,22.133098602294922,384.74618210260235,0.8,0.75345975
129,11,463,372.9295959472656,350.0755615234375,22.179855346679688,22.179855346679688,386.3734716957457,0.8,0.73354095
129,11,464,373.9552307128906,350.0746765136719,22.124483108520508,22.124483108520508,384.4467090605681,0.8,0.7458576
129,11,465,374.0341491699219,349.0198974609375,22.226879119873047,22.226879119873047,388.0135183141903,0.8,0.7329923
129,11,466,374.9382629394531,349.01507568359375,22.33203125,22.33203125,391.69347340269076,0.8,0.7317469
129,11,467,375.9607238769531,347.9524841308594,22.309186935424805,22.309186935424805,390.89252590191245,0.8,0.7317988
129,11,468,377.0605163574219,348.0284729003906,22.335023880004883,22.335023880004883,391.7984591219645,0.8,0.7310575
129,11,469,376.9383239746094,346.9389343261719,22.280298233032227,22.280298233032227,389.8808291067601,0.8,0.73117614
129,11,470,378.00048828125,346.9714050292969,22.345386505126953,22.345386505126953,392.16210345349344,0.8,0.733615
129,11,471,378.9144287109375,345.8691711425781,22.45669174194336,22.45669174194336,396.0786531316567,0.8,0.73195446
129,11,472,379.9739990234375,345.9615478515625,22.346508026123047,22.346508026123047,392.2014698855833,0.8,0.7343267
129,11,473,379.9512634277344,344.79791259765625,22.2718563079834,22.2718563079834,389.5854361848592,0.8,0.7409285
129,11,474,380.89617919921875,345.0010070800781,22.860490798950195,22.860490798950195,410.4506820651641,0.8,0.74055374
129,11,475,381.8752746582031,343.90692138671875,22.518850326538086,22.518850326538086,398.2743248321763,0.8,0.7373957
129,11,476,381.9421081542969,343.92059326171875,22.427383422851562,22.427383422851562,395.045480071246,0.8,0.73669153
129,11,477,382.8286437988281,342.91729736328125,22.400901794433594,22.400901794433594,394.1131134976129,0.8,0.73684716
129,11,478,383.7933349609375,342.89215087890625,22.41847038269043,22.41847038269043,394.73154629681846,0.8,0.7330442
129,11,479,384.720703125,341.8888244628906,22.299585342407227,22.299585342407227,390.5561278704527,0.8,0.73875844
129,11,480,384.798828125,341.9345397949219,22.536399841308594,22.536399841308594,398.89533741506307,0.8,0.73021984
129,11,481,385.7912292480469,340.9481506347656,22.059934616088867,22.059934616088867,382.206724004428,0.8,0.74107116
129,11,482,386.7369384765625,340.878173828125,22.307947158813477,22.307947158813477,390.84908138313097,0.8,0.7403782
129,11,483,387.75299072265625,339.91192626953125,22.361839294433594,22.361839294433594,392.7398098007445,0.8,0.73809195
129,11,484,387.7931213378906,339.84765625,22.621610641479492,22.621610641479492,401.9175104407717,0.8,0.73881906
129,11,485,388.75933837890625,338.8636169433594,22.687225341796875,22.687225341796875,404.2524408213628,0.8,0.73739576
129,11,486,389.7557373046875,338.87835693359375,22.811922073364258,22.811922073364258,408.70847189205443,0.8,0.7392935
129,11,487,390.6148376464844,337.90435791015625,22.900442123413086,22.900442123413086,411.88655474636187,0.8,0.7379963
129,11,488,390.7526550292969,337.9066162109375,23.023942947387695,23.023942947387695,416.3410970359283,0.8,0.74004227
129,11,489,391.69232177734375,336.9004821777344,23.08174705505371,23.08174705505371,418.4342603216095,0.8,0.7403388
129,11,490,392.7456970214844,336.8857421875,22.867528915405273,22.867528915405273,410.7034539252124,0.8,0.73978287
129,11,491,393.7315368652344,335.88250732421875,22.961977005004883,22.961977005004883,414.103057165133,0.8,0.7416361
129,11,492,393.8106689453125,335.92828369140625,23.031827926635742,23.031827926635742,416.626313434599,0.8,0.73964196
129,11,493,394.867431640625,334.86151123046875,22.87093162536621,22.87093162536621,410.82568914475416,0.8,0.74048704
129,11,494,395.83843994140625,334.79718017578125,22.947660446166992,22.947660446166992,413.58684006481303,0.8,0.73560184
129,11,495,396.809814453125,333.791015625,22.921968460083008,22.921968460083008,412.6612625704523,0.8,0.7346529
129,11,496,396.79132080078125,333.9379577636719,22.866239547729492,22.866239547729492,410.6571408468982,0.8,0.7339264
129,11,497,397.8509521484375,332.8985900878906,23.33307647705078,23.33307647705078,427.5962525159741,0.8,0.7372253
129,11,498,398.8580627441406,332.9390869140625,22.756086349487305,22.756086349487305,406.7101654881717,0.8,0.73646176
129,11,499,399.8436279296875,331.85906982421875,22.993408203125,22.993408203125,415.23751204688386,0.8,0.7357204
129,11,500,399.87359619140625,331.9042663574219,22.624427795410156,22.624427795410156,402.0176212608892,0.8,0.7373143
141,12,277,123.95044708251953,274.02569580078125,16.08307647705078,16.08307647705078,203.15529001297807,0.8,0.8209198
141,12,278,122.98009490966797,275.0333557128906,16.013526916503906,16.013526916503906,201.40204203203086,0.8,0.8295649
141,12,279,121.90689086914062,277.00262451171875,18.00084114074707,18.00084114074707,254.49278819078106,0.8,0.7954369
141,12,280,120.91593933105469,278.0815124511719,18.00832748413086,18.00832748413086,254.70451347248888,0.8,0.8015977
141,12,281,119.96905517578125,280.01312255859375,19.972307205200195,19.972307205200195,313.28987286666666,0.8,0.7779772
141,12,282,119.0115966796875,281.1064758300781,20.040409088134766,20.040409088134766,315.43003677546955,0.8,0.761606
141,12,283,118.06494903564453,282.1239013671875,21.328290939331055,21.328290939331055,357.27447853292267,0.8,0.75267446
141,12,284,117.09806823730469,284.13140869140625,22.786785125732422,22.786785125732422,407.80823884503457,0.8,0.7084325
141,12,285,116.15860748291016,285.1175842285156,22.888891220092773,22.888891220092773,411.4711512468873,0.8,0.7133845
141,12,286,115.13101196289062,287.07830810546875,22.849088668823242,22.849088668823242,410.0413430878326,0.8,0.7142889
141,12,287,114.1616439819336,288.1074523925781,23.167255401611328,23.167255401611328,421.54025537679075,0.8,0.7164535
141,12,288,113.15846252441406,290.1283264160156,23.138145446777344,23.138145446777344,420.48157939328087,0.8,0.7174766
141,12,289,112.1888427734375,291.1225891113281,23.40618896484375,23.40618896484375,430.2801339491286,0.8,0.7207902
141,12,290,111.12557220458984,293.1014709472656,23.68211555480957,23.68211555480957,440.4847457577279,0.8,0.7213092
141,12,291,110.13655090332031,294.02520751953125,23.777109146118164,23.777109146118164,444.02557372973405,0.8,0.7115942
141,12,292,109.12185668945312,296.09417724609375,23.580333709716797,23.580333709716797,436.70661986646235,0.8,0.7163498
141,12,293,108.08946228027344,296.9869689941406,23.746042251586914,23.746042251586914,442.86601444776704,0.8,0.7160903
141,12,294,107.12406921386719,298.0999755859375,23.50030517578125,23.50030517578125,433.74740098079775,0.8,0.7180696
141,12,295,106.04998016357422,300.0906677246094,23.797496795654297,23.797496795654297,444.7873584204242,0.8,0.7199303
141,12,296,105.05840301513672,300.99383544921875,23.32610511779785,23.32610511779785,427.3407798370973,0.8,0.71753585
141,12,297,104.06283569335938,302.9728698730469,23.505168914794922,23.505168914794922,433.92696056103216,0.8,0.71760255
141,12,298,103.06632995605469,304.0348815917969,23.671340942382812,23.671340942382812,440.0840237231867,0.8,0.7155417
141,12,299,102.1169204711914,306.0640563964844,23.113489151000977,23.113489151000977,419.58591605365336,0.8,0.7116795
141,12,300,101.11796569824219,307.0906066894531,22.799165725708008,22.799165725708008,408.2515029773278,0.8,0.70544505
141,12,301,100.0937728881836,309.10675048828125,22.658082962036133,22.658082962036133,403.21456055725815,0.8,0.7027392
141,12,302,99.12641906738281,310.1886291503906,22.424745559692383,22.424745559692383,394.95255664678666,0.8,0.70280594
141,12,303,98.05850982666016,312.1024169921875,22.587051391601562,22.587051391601562,400.6904220626982,0.8,0.702198
141,12,304,97.09578704833984,313.1121826171875,22.521915435791016,22.521915435791016,398.3827528718708,0.8,0.6976389
141,12,305,96.064208984375,314.0558166503906,22.51577377319336,22.51577377319336,398.1655067986998,0.8,0.69939584
141,12,306,95.04527282714844,316.04736328125,22.36155128479004,22.36155128479004,392.7296932693875,0.8,0.7016569
141,12,307,94.04256439208984,317.0859680175781,22.505977630615234,22.505977630615234,397.8191151886589,0.8,0.69972205
141,12,308,93.00030517578125,318.9817810058594,22.405765533447266,22.405765533447266,394.28427369826517,0.8,0.7043404
141,12,309,92.01317596435547,320.0138244628906,22.309185028076172,22.309185028076172,390.89245906233685,0.8,0.6997666
141,12,310,91.04525756835938,321.9085998535156,22.545093536376953,22.545093536376953,399.2031543991274,0.8,0.7011676
141,12,311,89.98112487792969,322.91064453125,22.48171043395996,22.48171043395996,396.9616763211312,0.8,0.6992179
141,12,312,88.96414184570312,324.8515319824219,22.160301208496094,22.160301208496094,385.6925051392581,0.8,0.70272803
141,12,313,87.92313385009766,325.8598937988281,22.285919189453125,22.285919189453125,390.07757508988,0.8,0.6962823
141,12,314,86.98723602294922,327.8699951171875,21.777748107910156,21.777748107910156,372.49103251048797,0.8,0.72178936
141,12,315,85.87294006347656,328.8343811035156,21.77943229675293,21.77943229675293,372.5486481552137,0.8,0.71162695
141,12,316,84.83763885498047,329.8282775878906,21.3977108001709,21.3977108001709,359.60399547831105,0.8,0.73255974
141,12,317,83.90116882324219,331.8585205078125,20.220247268676758,20.220247268676758,321.11663614051,0.8,0.74771243
141,12,318,82.8797607421875,332.9236755371094,20.311141967773438,20.311141967773438,324.01011242614004,0.8,0.73789513
141,12,319,81.89989471435547,334.9165954589844,18.458221435546875,18.458221435546875,267.5898184065198,0.8,0.77417856
141,12,320,80.95014953613281,335.7977600097656,15.210582733154297,15.210582733154297,181.7111540705842,0.8,0.8370371
141,12,321,79.878173828125,338.0079650878906,14.350173950195312,14.350173950195312,161.73507432468068,0.8,0.8315294
141,12,326,104.12490844726562,364.1011657714844,15.945487022399902,15.945487022399902,199.69420321013527,0.8,0.6425092
141,12,327,105.1053466796875,365.16748046875,16.106969833374023,16.106969833374023,203.75936192524077,0.8,0.64522064
141,12,328,106.13916778564453,365.1575622558594,16.717899322509766,16.717899322509766,219.50948579413372,0.8,0.59719115
141,12,329,107.10464477539062,365.146728515625,16.298805236816406,16.298805236816406,208.64184846138284,0.8,0.60028493
141,12,330,108.03874969482422,365.1412658691406,16.96518898010254,16.96518898010254,226.05144359576067,0.8,0.6046679
141,12,331,109.03638458251953,365.0999450683594,16.49306869506836,16.49306869506836,213.64504119044236,0.8,0.60841304
141,12,332,109.96891784667969,365.140625,16.5283260345459,16.5283260345459,214.55943827213682,0.8,0.61726034
141,12,333,111.01968383789062,366.1024475097656,16.66094398498535,16.66094398498535,218.0163627642891,0.8,0.61495346
141,12,334,112.00469970703125,366.10107421875,16.759355545043945,16.759355545043945,220.59949319561719,0.8,0.61507565
141,12,335,112.97843170166016,366.13494873046875,17.002674102783203,17.002674102783203,227.0514828422065,0.8,0.6199064
141,12,336,114.08497619628906,366.1461486816406,17.000825881958008,17.000825881958008,227.0021237274498,0.8,0.61916006
141,12,337,115.02018737792969,366.0705261230469,16.954730987548828,16.954730987548828,225.77283595125968,0.8,0.61819667
141,12,338,116.02239227294922,366.0667419433594,17.002674102783203,17.002674102783203,227.0514828422065,0.8,0.6191872
141,12,339,116.98358917236328,366.15106201171875,16.849485397338867,16.849485397338867,222.9785897941057,0.8,0.6202863
141,12,340,118.05455780029297,367.15850830078125,17.002674102783203,17.002674102783203,227.0514828422065,0.8,0.616609
141,12,341,118.0433120727539,367.0856018066406,16.717899322509766,16.717899322509766,219.50948579413372,0.8,0.6195943
141,12,342,119.04830169677734,367.1372375488281,16.759355545043945,16.759355545043945,220.59949319561719,0.8,0.6205034
141,12,343,120.04450225830078,367.1590576171875,16.759355545043945,16.759355545043945,220.59949319561719,0.8,0.6175589
141,12,344,121.03206634521484,367.1134338378906,16.918411254882812,16.918411254882812,224.806589280796,0.8,0.6214126
141,12,345,122.07691192626953,367.0743713378906,16.954730987548828,16.954730987548828,225.77283595125968,0.8,0.621589
141,12,346,123.09259796142578,368.105224609375,16.954730987548828,16.954730987548828,225.77283595125968,0.8,0.62846863
141,12,347,124.0366439819336,368.09326171875,17.029285430908203,17.029285430908203,227.76276741205243,0.8,0.62728816
141,12,348,125.07518768310547,368.0597229003906,17.023021697998047,17.023021697998047,227.5952462588554,0.8,0.62826514
141,12,349,126.03964233398438,368.13531494140625,17.1055965423584,17.1055965423584,229.8086281405951,0.8,0.62898433
141,12,350,127.01893615722656,368.1116638183594,16.453632354736328,16.453632354736328,212.624575465206,0.8,0.6266097
141,12,351,128.0365447998047,368.09161376953125,17.1055965423584,17.1055965423584,229.8086281405951,0.8,0.6317253
141,12,352,129.0286102294922,368.0813903808594,16.492422103881836,16.492422103881836,213.6282901181701,0.8,0.6278445
141,12,353,130.03359985351562,369.0887756347656,16.5283260345459,16.5283260345459,214.55943827213682,0.8,0.63085693
141,12,354,131.02691650390625,369.1077575683594,17.70915412902832,17.70915412902832,246.311969544516,0.8,0.6288487
141,12,355,132.03097534179688,369.0713806152344,17.83001708984375,17.83001708984375,249.68554482828776,0.8,0.62833303
141,12,356,132.03245544433594,369.0723571777344,17.254039764404297,17.254039764404297,233.81451622567022,0.8,0.6318339
141,12,357,133.0038604736328,369.0740966796875,17.32635498046875,17.32635498046875,235.7785525516781,0.8,0.6307484
141,12,358,134.0404510498047,369.1043395996094,17.549524307250977,17.549524307250977,241.8914843513243,0.8,0.63492775
141,12,359,135.02578735351562,369.0763244628906,17.277786254882812,17.277786254882812,234.4585503205611,0.8,0.629215
141,12,360,136.04612731933594,370.0930480957031,17.45888900756836,17.45888900756836,239.39941752436945,0.8,0.62968993
141,12,361,137.0312042236328,370.0473327636719,17.816631317138672,17.816631317138672,249.31078586384407,0.8,0.6321596
141,12,362,138.02931213378906,370.0484313964844,17.298263549804688,17.298263549804688,235.01463104552104,0.8,0.6312097
141,12,363,139.02078247070312,370.0578918457031,17.277786254882812,17.277786254882812,234.4585503205611,0.8,0.6321053
141,12,364,140.00689697265625,370.0517272949219,17.238937377929688,17.238937377929688,233.4053816887974,0.8,0.6313047
141,12,365,140.99798583984375,370.080810546875,17.69622039794922,17.69622039794922,245.95231719568633,0.8,0.6322139
141,12,366,141.94248962402344,371.09368896484375,17.238014221191406,17.238014221191406,233.3803843265055,0.8,0.63644755
141,12,367,142.9830322265625,371.07269287109375,17.908906936645508,17.908906936645508,251.8999264448247,0.8,0.6250801
141,12,368,143.99996948242188,371.10552978515625,17.488906860351562,17.488906860351562,240.22334558708042,0.8,0.6340322
141,12,369,144.97743225097656,371.09027099609375,17.321435928344727,17.321435928344727,235.6446937737541,0.8,0.63461566
141,12,370,145.032958984375,371.08831787109375,17.439306259155273,17.439306259155273,238.86267439476367,0.8,0.63529414
141,12,371,146.00408935546875,370.9959716796875,17.65271759033203,17.65271759033203,244.74454914046467,0.8,0.6322953
141,12,372,146.9814910888672,371.10955810546875,17.515045166015625,17.515045166015625,240.9419409223405,0.8,0.63502276
141,12,373,147.97608947753906,372.0504150390625,18.048377990722656,18.048377990722656,255.83869857243369,0.8,0.58738685
141,12,374,149.02642822265625,372.0504455566406,18.032276153564453,18.032276153564453,255.3824098716978,0.8,0.61408865
141,12,375,150.0040740966797,372.04644775390625,18.031892776489258,18.031892776489258,255.3715508187718,0.8,0.59398
141,12,376,151.00538635253906,371.9952697753906,17.002674102783203,17.002674102783203,227.0514828422065,0.8,0.6414275
141,12,377,151.9886016845703,372.0345153808594,18.022579193115234,18.022579193115234,255.1078169973681,0.8,0.6022634
141,12,378,153.06150817871094,372.021728515625,18.237682342529297,18.237682342529297,261.23368426810003,0.8,0.5710825
141,12,379,153.97279357910156,373.0137634277344,17.029285430908203,17.029285430908203,227.76276741205243,0.8,0.64633965
141,12,380,154.98089599609375,373.0206298828125,17.029285430908203,17.029285430908203,227.76276741205243,0.8,0.6504241
141,12,381,155.99295043945312,373.05767822265625,17.029285430908203,17.029285430908203,227.76276741205243,0.8,0.6489585
141,12,382,157.033935546875,373.0393371582031,17.132755279541016,17.132755279541016,230.53894664392934,0.8,0.65171313
141,12,383,157.9952850341797,373.0843505859375,17.325883865356445,17.325883865356445,235.7657307747682,0.8,0.6527851
141,12,384,158.9282989501953,373.0165100097656,17.011022567749023,17.011022567749023,227.27450619722728,0.8,0.6515232
141,12,385,158.9847869873047,373.0013122558594,17.088163375854492,17.088163375854492,229.34044796781166,0.8,0.6463668
141,12,386,159.96337890625,374.00506591796875,17.248212814331055,17.248212814331055,233.6566174987402,0.8,0.64714026
141,12,387,160.95664978027344,373.9748229980469,17.06171226501465,17.06171226501465,228.63099612155173,0.8,0.64579684
141,12,388,161.94288635253906,374.00482177734375,17.029285430908203,17.029285430908203,227.76276741205243,0.8,0.64642113
141,12,389,162.95945739746094,374.0528564453125,17.04302215576172,17.04302215576172,228.13036667204855,0.8,0.6457833
141,12,390,163.9695587158203,374.06414794921875,17.029285430908203,17.029285430908203,227.76276741205243,0.8,0.64305586
141,12,391,164.9701690673828,374.01116943359375,17.029285430908203,17.029285430908203,227.76276741205243,0.8,0.6416718
141,12,392,166.0096893310547,374.0563659667969,17.07049560546875,17.07049560546875,228.86645440857734,0.8,0.64264876
141,12,393,166.93844604492188,375.0034484863281,17.088071823120117,17.088071823120117,229.3379905136774,0.8,0.6427845
141,12,394,167.93190002441406,375.0760803222656,17.029285430908203,17.029285430908203,227.76276741205243,0.8,0.6434222
141,12,395,168.9427947998047,375.00726318359375,17.057294845581055,17.057294845581055,228.51262250859847,0.8,0.6456612
141,12,396,169.89552307128906,374.9748840332031,17.069013595581055,17.069013595581055,228.82671711765968,0.8,0.64323217
141,12,397,170.98492431640625,375.0474548339844,17.035526275634766,17.035526275634766,227.929737721276,0.8,0.64229596
141,12,398,171.97215270996094,375.05096435546875,17.029285430908203,17.029285430908203,227.76276741205243,0.8,0.6424724
141,12,399,172.91424560546875,375.9826965332031,18.123205184936523,18.123205184936523,257.9644714409406,0.8,0.582181
141,12,400,172.9395751953125,376.01470947265625,17.057294845581055,17.057294845581055,228.51262250859847,0.8,0.64667886
141,12,401,173.9608612060547,376.05450439453125,17.029285430908203,17.029285430908203,227.76276741205243,0.8,0.64526767
141,12,402,174.99526977539062,376.0709228515625,17.039897918701172,17.039897918701172,228.04673502357468,0.8,0.6427573
141,12,403,175.93447875976562,376.04620361328125,17.029285430908203,17.029285430908203,227.76276741205243,0.8,0.63941926
141,12,404,176.97882080078125,376.0652160644531,17.002674102783203,17.002674102783203,227.0514828422065,0.8,0.64184815
141,12,405,178.01559448242188,376.0841979980469,16.954730987548828,16.954730987548828,225.77283595125968,0.8,0.64163107
141,12,406,179.02310180664062,377.1052551269531,16.759355545043945,16.759355545043945,220.59949319561719,0.8,0.64217377
141,12,407,179.99131774902344,377.03887939453125,17.97043228149414,17.97043228149414,253.63368402992725,0.8,0.6295912
141,12,408,181.07583618164062,377.0868835449219,16.717899322509766,16.717899322509766,219.50948579413372,0.8,0.63902575
141,12,409,182.04446411132812,377.0791320800781,17.002674102783203,17.002674102783203,227.0514828422065,0.8,0.6376959
141,12,410,183.05889892578125,377.054931640625,17.029285430908203,17.029285430908203,227.76276741205243,0.8,0.63388294
141,12,411,184.09890747070312,377.0155334472656,16.954730987548828,16.954730987548828,225.77283595125968,0.8,0.6435172
141,12,412,185.0819549560547,378.0559387207031,16.918411254882812,16.918411254882812,224.806589280796,0.8,0.6383744
141,12,413,186.05551147460938,378.0732727050781,17.029285430908203,17.029285430908203,227.76276741205243,0.8,0.6421603
141,12,414,186.08486938476562,378.02325439453125,17.02351951599121,17.02351951599121,227.60855795726394,0.8,0.64461637
141,12,415,187.09547424316406,378.04058837890625,17.002674102783203,17.002674102783203,227.0514828422065,0.8,0.63743806
141,12,416,188.07655334472656,378.0460205078125,16.339231491088867,16.339231491088867,209.6781291653337,0.8,0.6438022
141,12,417,189.0582733154297,378.0243835449219,16.33551788330078,16.33551788330078,209.58282800676363,0.8,0.64405996
141,12,418,190.06002807617188,378.0482177734375,16.388507843017578,16.388507843017578,210.9447436118666,0.8,0.6463668
141,12,419,191.02792358398438,379.0188293457031,16.492422103881836,16.492422103881836,213.6282901181701,0.8,0.6415496
141,12,420,192.01763916015625,378.99560546875,16.492422103881836,16.492422103881836,213.6282901181701,0.8,0.64104754
141,12,421,193.0429229736328,378.9919738769531,16.342226028442383,16.342226028442383,209.75499282049918,0.8,0.64373434
141,12,422,194.08460998535156,379.04217529296875,16.386234283447266,16.386234283447266,210.8862194096187,0.8,0.6431237
141,12,423,195.07510375976562,379.0411071777344,16.492422103881836,16.492422103881836,213.6282901181701,0.8,0.64491487
141,12,424,196.02752685546875,379.0182189941406,17.029285430908203,17.029285430908203,227.76276741205243,0.8,0.6466654
141,12,425,197.03292846679688,378.9977722167969,17.9672908782959,17.9672908782959,253.5450165997186,0.8,0.6280021
141,12,426,198.05389404296875,380.0011901855469,16.871686935424805,16.871686935424805,223.566587468969,0.8,0.6427573
141,12,427,199.14785766601562,380.0535583496094,17.79641342163086,17.79641342163086,248.74528283637312,0.8,0.6275151
141,12,428,200.0554656982422,380.04510498046875,16.717899322509766,16.717899322509766,219.50948579413372,0.8,0.64144105
141,12,429,200.14093017578125,380.0663146972656,16.66094398498535,16.66094398498535,218.0163627642891,0.8,0.63665104
141,12,430,201.04278564453125,380.06683349609375,17.552186965942383,17.552186965942383,241.9648907083537,0.8,0.6373703
141,12,431,202.10035705566406,380.09912109375,17.55418586730957,17.55418586730957,242.02000537781518,0.8,0.63864577
141,12,432,203.0877685546875,381.1145324707031,17.46258544921875,17.46258544921875,239.5008007976183,0.8,0.63673246
141,12,433,204.09779357910156,381.0838928222656,17.572078704833984,17.572078704833984,242.51363483460344,0.8,0.6355655
141,12,434,205.10464477539062,381.08001708984375,17.686513900756836,17.686513900756836,245.68257815675267,0.8,0.63466996
141,12,435,206.0686492919922,381.0872802734375,17.39720916748047,17.39720916748047,237.71087543469378,0.8,0.63338083
141,12,436,207.01861572265625,381.0199890136719,17.853132247924805,17.853132247924805,250.3333582277247,0.8,0.6412918
141,12,437,208.09954833984375,381.071533203125,17.54679298400879,17.54679298400879,241.81619656472577,0.8,0.63861865
141,12,438,209.05311584472656,381.09771728515625,17.843549728393555,17.843549728393555,250.06470167079218,0.8,0.6270025
141,12,439,210.09397888183594,382.075439453125,17.71399688720703,17.71399688720703,246.4467012648815,0.8,0.6377231
141,12,440,211.09593200683594,381.9903869628906,17.87713623046875,17.87713623046875,251.0069696815884,0.8,0.6262207
141,12,441,212.07318115234375,382.03973388671875,16.954730987548828,16.954730987548828,225.77283595125968,0.8,0.6391343
141,12,442,213.0841064453125,381.9696044921875,18.01291275024414,18.01291275024414,254.83423530911264,0.8,0.603147
141,12,443,214.0553436279297,382.0646057128906,17.92608070373535,17.92608070373535,252.38327754238375,0.8,0.6169814
141,12,444,214.217529296875,382.0484619140625,18.090421676635742,18.090421676635742,257.03203909407637,0.8,0.61250305
141,12,445,215.0531463623047,383.03326416015625,17.029285430908203,17.029285430908203,227.76276741205243,0.8,0.64614964
141,12,446,216.0496063232422,383.0211486816406,18.01732635498047,18.01732635498047,254.95913186500695,0.8,0.61608577
141,12,447,217.1540069580078,383.092529296875,18.168827056884766,18.168827056884766,259.26486338566474,0.8,0.6173324
141,12,448,218.02395629882812,383.017822265625,17.002674102783203,17.002674102783203,227.0514828422065,0.8,0.6452812
141,12,449,218.98687744140625,383.0100402832031,18.022579193115234,18.022579193115234,255.1078169973681,0.8,0.5832703
141,12,450,220.04635620117188,383.06280517578125,18.198148727416992,18.198148727416992,260.1023652419416,0.8,0.57158226
141,12,451,221.0286865234375,383.07275390625,18.15854835510254,18.15854835510254,258.97159707930876,0.8,0.57249475
141,12,452,222.04388427734375,384.01348876953125,18.204750061035156,18.204750061035156,260.2911024521268,0.8,0.5733963
141,12,453,223.07701110839844,384.0008239746094,18.16779899597168,18.16779899597168,259.23552384377507,0.8,0.5745153
141,12,454,224.0684051513672,384.0425720214844,18.274417877197266,18.274417877197266,262.2871321671763,0.8,0.5754278
141,12,455,225.0334930419922,384.0047302246094,17.029285430908203,17.029285430908203,227.76276741205243,0.8,0.64431787
141,12,456,225.9505157470703,384.1026611328125,17.057294845581055,17.057294845581055,228.51262250859847,0.8,0.64680105
141,12,457,226.97703552246094,384.0328674316406,17.029285430908203,17.029285430908203,227.76276741205243,0.8,0.64703166
141,12,458,226.96363830566406,383.9971923828125,16.453632354736328,16.453632354736328,212.624575465206,0.8,0.64741164
141,12,459,227.99368286132812,385.0099182128906,16.492422103881836,16.492422103881836,213.6282901181701,0.8,0.64737093
141,12,460,228.98388671875,385.014892578125,16.492422103881836,16.492422103881836,213.6282901181701,0.8,0.6473574
141,12,461,229.95701599121094,384.9977722167969,15.768254280090332,15.768254280090332,195.2797052759655,0.8,0.71226144
141,12,462,230.96998596191406,385.0311279296875,16.092666625976562,16.092666625976562,203.39764045632683,0.8,0.646991
141,12,463,231.99415588378906,384.99920654296875,14.560219764709473,14.560219764709473,166.504410323458,0.8,0.71093684
141,12,464,233.00775146484375,384.9919738769531,14.142135620117188,14.142135620117188,157.07963259921203,0.8,0.71395206
141,12,465,233.94578552246094,385.9888000488281,14.142135620117188,14.142135620117188,157.07963259921203,0.8,0.7181002
141,12,466,234.96746826171875,385.9796447753906,12.728519439697266,12.728519439697266,127.24644611980756,0.8,0.7738485
141,12,467,235.97557067871094,385.98785400390625,14.142135620117188,14.142135620117188,157.07963259921203,0.8,0.7128192
141,12,468,237.00196838378906,385.98956298828125,12.649110794067383,12.649110794067383,125.66370919140154,0.8,0.7699733
141,12,469,238.02371215820312,385.9695129394531,12.738679885864258,12.738679885864258,127.44967426241544,0.8,0.7677689
141,12,470,239.0431671142578,385.9326477050781,12.728519439697266,12.728519439697266,127.24644611980756,0.8,0.77013576
141,12,471,239.8948516845703,385.9258728027344,12.869941711425781,12.869941711425781,130.08973868302982,0.8,0.7767027
141,12,472,240.94088745117188,386.8762512207031,12.780366897583008,12.780366897583008,128.28519088355068,0.8,0.7721778
141,12,473,241.00669860839844,386.92755126953125,12.747069358825684,12.747069358825684,127.6176018178186,0.8,0.77303636
141,12,474,241.9662628173828,386.9389343261719,12.927610397338867,12.927610397338867,131.25818411502922,0.8,0.77315235
141,12,475,242.99365234375,386.9932861328125,12.743375778198242,12.743375778198242,127.54365578407162,0.8,0.7679545
141,12,476,244.00987243652344,386.9471740722656,12.696736335754395,12.696736335754395,126.61177093207347,0.8,0.7695556
141,12,477,244.9045867919922,386.9671936035156,14.144289016723633,14.144289016723633,157.12747268639225,0.8,0.72143793
141,12,478,245.9430694580078,387.9583740234375,14.177127838134766,14.177127838134766,157.85792592596738,0.8,0.7131329
141,12,479,246.932373046875,387.9868469238281,14.054391860961914,14.054391860961914,155.13650310206037,0.8,0.71889824
141,12,480,247.97747802734375,387.9806823730469,14.443340301513672,14.443340301513672,163.8419729641059,0.8,0.7130109
141,12,481,248.9582977294922,387.96337890625,14.392656326293945,14.392656326293945,162.69409553242912,0.8,0.7071198
141,12,482,249.94284057617188,387.9644775390625,15.507203102111816,15.507203102111816,188.8673259046203,0.8,0.7122789
141,12,483,250.9383544921875,387.9257507324219,16.076284408569336,16.076284408569336,202.9837366062701,0.8,0.65914524
141,12,484,251.95286560058594,387.9632263183594,16.27263832092285,16.27263832092285,207.97245814309494,0.8,0.64524055
141,12,485,252.93572998046875,388.9598388671875,16.15442657470703,16.15442657470703,204.96182280600016,0.8,0.63941926
141,12,486,253.95750427246094,388.9521484375,16.595111846923828,16.595111846923828,216.29687701004846,0.8,0.64073545
141,12,487,254.96109008789062,388.98883056640625,16.492422103881836,16.492422103881836,213.6282901181701,0.8,0.6329602
141,12,488,254.93988037109375,388.94647216796875,17.0783634185791,17.0783634185791,229.07747270583644,0.8,0.63164395
141,12,489,255.91819763183594,388.96441650390625,16.492422103881836,16.492422103881836,213.6282901181701,0.8,0.6332587
141,12,490,256.9161376953125,388.9626159667969,17.0581111907959,17.0581111907959,228.5344958069777,0.8,0.6317389
141,12,491,257.9259033203125,390.0015563964844,16.453632354736328,16.453632354736328,212.624575465206,0.8,0.63154894
141,12,492,258.93927001953125,389.9391174316406,16.33551788330078,16.33551788330078,209.58282800676363,0.8,0.6285501
141,12,493,259.94378662109375,389.93292236328125,15.585307121276855,15.585307121276855,190.77462608581428,0.8,0.7017866
141,12,494,260.9955139160156,390.01318359375,14.426769256591797,14.426769256591797,163.46623229192443,0.8,0.697621
141,12,495,261.9818115234375,389.91229248046875,14.142997741699219,14.142997741699219,157.09878470929428,0.8,0.7097666
141,12,496,262.9739990234375,389.985107421875,12.649110794067383,12.649110794067383,125.66370919140154,0.8,0.75920635
141,12,497,264.02508544921875,389.9758605957031,12.701146125793457,12.701146125793457,126.69973499944423,0.8,0.7635689
141,12,498,265.0646057128906,390.8858337402344,12.225528717041016,12.225528717041016,117.38839955861044,0.8,0.76669186
141,12,499,266.06781005859375,390.84893798828125,12.27779483795166,12.27779483795166,118.39425401618958,0.8,0.76440424
144,13,283,322.0125732421875,148.93572998046875,14.272273063659668,14.272273063659668,159.98386104637916,0.8,0.8253072
144,13,284,322.04254150390625,147.89346313476562,14.33395004272461,14.33395004272461,161.36957470172,0.8,0.8284619
144,13,285,323.0343322753906,146.9899139404297,14.142135620117188,14.142135620117188,157.07963259921203,0.8,0.82694554
144,13,286,322.9412841796875,146.96343994140625,14.37126350402832,14.37126350402832,162.21080750769158,0.8,0.8315991
144,13,287,322.9085388183594,145.96336364746094,16.03912353515625,16.03912353515625,202.0464136852681,0.8,0.80439645
144,13,288,322.905029296875,145.00697326660156,16.10054588317871,16.10054588317871,203.596863456093,0.8,0.80027395
144,13,289,322.928955078125,144.99822998046875,16.064210891723633,16.064210891723633,202.67896378245865,0.8,0.7992503
144,13,290,322.8659973144531,144.05955505371094,16.308605194091797,16.308605194091797,208.89282340981683,0.8,0.79751676
144,13,291,322.86175537109375,142.92857360839844,16.20303726196289,16.20303726196289,206.19719015023728,0.8,0.8029268
144,13,292,322.8255920410156,142.9245147705078,17.41636848449707,17.41636848449707,238.2347394424324,0.8,0.7943686
144,13,293,323.864013671875,142.05409240722656,17.34418296813965,17.34418296813965,236.264011808459,0.8,0.7891987
144,13,294,323.7994384765625,142.02259826660156,18.908626556396484,18.908626556396484,280.8082420371501,0.8,0.75298464
144,13,295,323.8393859863281,140.99044799804688,20.51052474975586,20.51052474975586,330.40257605088016,0.8,0.70989287
144,13,296,323.92559814453125,140.0091094970703,20.357162475585938,20.357162475585938,325.48004479675774,0.8,0.71233827
144,13,297,323.9702453613281,140.0225372314453,20.492063522338867,20.492063522338867,329.80806254404916,0.8,0.7063092
144,13,298,323.8670349121094,139.0334930419922,18.97855567932129,18.97855567932129,282.8890896159041,0.8,0.75453806
144,13,299,323.9894714355469,137.9876708984375,19.739665985107422,19.739665985107422,306.0338604898233,0.8,0.75940466
144,13,300,323.9970397949219,138.06700134277344,19.93285369873047,19.93285369873047,312.05334315754095,0.8,0.75204337
144,13,301,323.9355773925781,136.95115661621094,18.305465698242188,18.305465698242188,263.1791290296603,0.8,0.7598827
144,13,302,324.9279479980469,135.95301818847656,18.43561553955078,18.43561553955078,266.93478201136185,0.8,0.7592309
144,13,303,324.9134216308594,136.00511169433594,18.34402084350586,18.34402084350586,264.28891727280666,0.8,0.76065403
144,13,304,324.96636962890625,135.07427978515625,18.353012084960938,18.353012084960938,264.54806087630936,0.8,0.75525504
144,13,305,325.0360107421875,135.1387176513672,18.365293502807617,18.365293502807617,264.9022384192628,0.8,0.76026285
144,13,306,325.0237121582031,133.93661499023438,18.330638885498047,18.330638885498047,263.90346053886077,0.8,0.76143605
144,13,307,325.05450439453125,133.09226989746094,18.43640899658203,18.43640899658203,266.9577599083692,0.8,0.7593938
144,13,308,324.95904541015625,132.99375915527344,18.46302032470703,18.46302032470703,267.72897599677486,0.8,0.76178366
144,13,309,325.0286560058594,131.98294067382812,18.42215347290039,18.42215347290039,266.54508178167447,0.8,0.76145786
144,13,310,325.974853515625,131.11376953125,18.506315231323242,18.506315231323242,268.9860716762015,0.8,0.76009995
144,13,311,325.9656982421875,131.09059143066406,18.398897171020508,18.398897171020508,265.87252847240103,0.8,0.7603824
144,13,312,326.02728271484375,130.055419921875,20.039213180541992,20.039213180541992,315.39239144409044,0.8,0.74609804
144,13,313,326.0069885253906,128.98037719726562,18.404186248779297,18.404186248779297,266.0254096570731,0.8,0.75927436
144,13,314,326.03369140625,129.0975799560547,19.953981399536133,19.953981399536133,312.71521163431396,0.8,0.7428824
144,13,315,326.02447509765625,128.04322814941406,20.066896438598633,20.066896438598633,316.2643937211368,0.8,0.73273575
144,13,316,326.0511474609375,128.107421875,19.939247131347656,19.939247131347656,312.25355653531176,0.8,0.7450196
144,13,317,326.039306640625,127.1268310546875,21.268367767333984,21.268367767333984,355.26972858878634,0.8,0.7215864
144,13,318,327.0198059082031,126.15856170654297,21.2374210357666,21.2374210357666,354.23660387820956,0.8,0.71425015
144,13,319,327.053466796875,126.17507934570312,21.104047775268555,21.104047775268555,349.8012878585687,0.8,0.70957273
144,13,320,327.0710754394531,125.15525817871094,20.8251895904541,20.8251895904541,340.61816825565705,0.8,0.71141344
144,13,321,327.0948181152344,124.24478912353516,22.056514739990234,22.056514739990234,382.08822879169816,0.8,0.6906336
144,13,322,327.0693054199219,124.16947937011719,22.15144157409668,22.15144157409668,385.3841689410321,0.8,0.6765171
144,13,323,327.1186828613281,123.15933227539062,22.329641342163086,22.329641342163086,391.6096421379621,0.8,0.6597576
144,13,324,327.12060546875,122.1559066772461,22.359344482421875,22.359344482421875,392.65218218430255,0.8,0.6584974
144,13,325,327.07958984375,122.15859985351562,22.38916015625,22.38916015625,393.70006576922566,0.8,0.66121805
144,13,326,328.07861328125,121.21113586425781,22.157859802246094,22.157859802246094,385.607526129827,0.8,0.6745718
144,13,327,328.0828857421875,121.16900634765625,22.03184700012207,22.03184700012207,381.23406097770305,0.8,0.68793553
144,13,328,328.13336181640625,120.12609100341797,21.793333053588867,21.793333053588867,373.0243594369666,0.8,0.68736833
144,13,329,328.19146728515625,119.16230010986328,21.605012893676758,21.605012893676758,366.60547032650464,0.8,0.7033835
144,13,330,328.1515197753906,119.17335510253906,21.66115379333496,21.66115379333496,368.5132036612212,0.8,0.6929633
144,13,331,328.1215515136719,118.20578002929688,21.6414852142334,21.6414852142334,367.84427896111384,0.8,0.69712245
144,13,332,328.1531066894531,117.13001251220703,21.734630584716797,21.734630584716797,371.0175108898036,0.8,0.6969782
144,13,333,328.16552734375,117.15072631835938,21.4847469329834,21.4847469329834,362.53535533280376,0.8,0.7020409
144,13,334,328.1955261230469,116.15028381347656,21.357614517211914,21.357614517211914,358.25756414179006,0.8,0.702023
144,13,335,329.20428466796875,115.12838745117188,21.691261291503906,21.691261291503906,369.5383310719926,0.8,0.69366777
144,13,336,329.2077331542969,115.16981506347656,21.504579544067383,21.504579544067383,363.20497841850454,0.8,0.6977547
144,13,337,329.1827392578125,114.12755584716797,21.539249420166016,21.539249420166016,364.37704711773046,0.8,0.7032057
144,13,338,329.2191467285156,114.11096954345703,21.798908233642578,21.798908233642578,373.2152383608314,0.8,0.68620163
144,13,339,329.2449645996094,113.12281799316406,21.705236434936523,21.705236434936523,370.01465328701335,0.8,0.6933113
144,13,340,329.1783447265625,112.10308837890625,21.6879825592041,21.6879825592041,369.42662473319524,0.8,0.693481
144,13,341,329.15753173828125,112.09339141845703,21.763011932373047,21.763011932373047,371.9871019770499,0.8,0.6945845
144,13,342,329.1858825683594,111.12913513183594,21.39802360534668,21.39802360534668,359.61450938928624,0.8,0.70301014
144,13,343,330.21502685546875,110.09910583496094,21.587263107299805,21.587263107299805,366.0033419404347,0.8,0.69437236
144,13,344,330.197509765625,110.11998748779297,21.384822845458984,21.384822845458984,359.17094314470603,0.8,0.70277894
144,13,345,330.20623779296875,109.12525939941406,21.504066467285156,21.504066467285156,363.1876472432401,0.8,0.6992931
144,13,346,330.2127685546875,108.0701675415039,21.19863510131836,21.19863510131836,352.9438996903914,0.8,0.6984838
144,13,347,330.1844482421875,108.0829086303711,21.686254501342773,21.686254501342773,369.3677566343826,0.8,0.6899838
144,13,348,330.2448425292969,107.13391876220703,21.422117233276367,21.422117233276367,360.42479881638474,0.8,0.6984305
144,13,349,330.19061279296875,107.05619049072266,21.505067825317383,21.505067825317383,363.22147241169415,0.8,0.7018274
144,13,350,330.2372741699219,106.15172576904297,21.629362106323242,21.629362106323242,367.43227702981966,0.8,0.68812495
144,13,351,331.2397155761719,105.07430267333984,21.55565071105957,21.55565071105957,364.93217595896346,0.8,0.686996
144,13,352,331.1929931640625,105.13465118408203,21.44291114807129,21.44291114807129,361.12484913411896,0.8,0.6972656
144,13,353,331.2145080566406,104.06209564208984,21.43821144104004,21.43821144104004,360.9665688527899,0.8,0.69658977
144,13,354,331.2384948730469,103.12115478515625,21.64504623413086,21.64504623413086,367.96534353251917,0.8,0.68860036
144,13,355,331.2214660644531,103.09593200683594,21.5538272857666,21.5538272857666,364.8704382342194,0.8,0.6954427
144,13,356,331.2150573730469,102.07369232177734,21.67259407043457,21.67259407043457,368.90256486616966,0.8,0.6891351
144,13,357,331.2198486328125,101.08968353271484,21.73142433166504,21.73142433166504,370.9080553110794,0.8,0.68980557
144,13,358,331.17041015625,101.033935546875,21.764591217041016,21.764591217041016,372.0410921916734,0.8,0.6888719
144,13,359,331.23944091796875,100.0672378540039,21.739402770996094,21.739402770996094,371.18045445085124,0.8,0.6889907
144,13,360,332.131591796875,100.07310485839844,21.640602111816406,21.640602111816406,367.8142590673019,0.8,0.69836825
144,13,361,332.1509704589844,99.03483581542969,21.500520706176758,21.500520706176758,363.06788659543986,0.8,0.700129
144,13,362,332.22265625,98.0229263305664,20.44354820251465,20.44354820251465,328.2482584182321,0.8,0.7155182
144,13,363,332.2047424316406,98.06581115722656,19.04684829711914,19.04684829711914,284.9286542768588,0.8,0.74591273
144,13,364,332.1741027832031,97.05865478515625,17.85262107849121,17.85262107849121,250.31902338415236,0.8,0.7784827
144,13,365,332.17510986328125,95.93414306640625,17.898473739624023,17.898473739624023,251.60651311269598,0.8,0.7641733
144,13,366,332.0897216796875,95.97459411621094,16.25133514404297,16.25133514404297,207.42828406177162,0.8,0.7868241
144,13,367,332.05419921875,95.05770111083984,16.26358413696289,16.26358413696289,207.74108852791605,0.8,0.7893344
144,13,368,333.0616455078125,94.06731414794922,16.492422103881836,16.492422103881836,213.6282901181701,0.8,0.7908271
144,13,369,332.9388427734375,94.05225372314453,14.448891639709473,14.448891639709473,163.96794340808125,0.8,0.82900214
144,13,370,333.078369140625,93.10169219970703,14.579819679260254,14.579819679260254,166.95298442364978,0.8,0.8295774
144,13,371,332.49566650390625,93.12736511230469,27.96308708190918,27.96308708190918,614.1297153263336,0.8,0.5889056
144,13,372,331.6071472167969,92.0840835571289,27.9763240814209,27.9763240814209,614.7112790715979,0.8,0.60225594
144,13,373,328.26898193359375,91.62639617919922,27.51201629638672,27.51201629638672,594.4765412152573,0.8,0.61984795
144,13,374,328.49664306640625,91.64361572265625,26.792341232299805,26.792341232299805,563.7820091876762,0.8,0.650014
144,13,375,328.9427795410156,90.90165710449219,25.92838478088379,25.92838478088379,528.0083705579552,0.8,0.66231
144,13,376,329.9288024902344,89.929931640625,25.460283279418945,25.460283279418945,509.11552924088033,0.8,0.6890102
144,13,377,330.2471923828125,89.95189666748047,24.760835647583008,24.760835647583008,481.5268144174266,0.8,0.68444866
144,13,378,330.72515869140625,89.1163101196289,24.651269912719727,24.651269912719727,477.2747679904656,0.8,0.6840094
144,13,379,331.0401916503906,88.52102661132812,24.76326560974121,24.76326560974121,481.62133056128334,0.8,0.69540524
144,13,380,331.4562683105469,88.53155517578125,24.482406616210938,24.482406616210938,470.758417926898,0.8,0.702628
144,13,381,331.88885498046875,87.68035125732422,23.958499908447266,23.958499908447266,450.8261781819408,0.8,0.6989856
144,13,382,332.26287841796875,87.63487243652344,23.6118106842041,23.6118106842041,437.87330207581647,0.8,0.69857705
144,13,383,332.5756530761719,86.97926330566406,23.911821365356445,23.911821365356445,449.07119274845314,0.8,0.70440465
144,13,384,333.5787048339844,86.3498306274414,24.214540481567383,24.214540481567383,460.513477733231,0.8,0.69573116
144,13,385,333.8725280761719,86.32000732421875,23.873321533203125,23.873321533203125,447.6262800541968,0.8,0.6883102
144,13,386,334.153076171875,85.63174438476562,23.98805809020996,23.98805809020996,451.93925472914674,0.8,0.6975014
144,13,387,334.48687744140625,85.09957885742188,24.56972312927246,24.56972312927246,474.1223261131678,0.8,0.6887125
144,13,388,334.7652587890625,85.03190612792969,24.266210556030273,24.266210556030273,462.48090328680235,0.8,0.6856536
144,13,389,335.106689453125,84.00959777832031,24.290721893310547,24.290721893310547,463.41568052764654,0.8,0.6710525
144,13,390,335.42333984375,83.98725891113281,24.361309051513672,24.361309051513672,466.11290165889875,0.8,0.68756205
144,13,391,335.7773742675781,83.57772064208984,25.28390121459961,25.28390121459961,502.08592976320307,0.8,0.6712097
144,13,392,336.4532470703125,83.00814819335938,26.152938842773438,26.152938842773438,537.1936592309631,0.8,0.6540249
144,13,393,337.3960876464844,82.86170196533203,25.704391479492188,25.704391479492188,518.9249297691435,0.8,0.6688929
144,13,394,337.74517822265625,82.29498291015625,27.793001174926758,27.793001174926758,606.6815294133454,0.8,0.6234494
144,13,395,336.2225341796875,77.51818084716797,28.735292434692383,28.735292434692383,648.5166398747383,0.8,0.55683374
144,13,396,336.2837219238281,77.41452026367188,28.94699478149414,28.94699478149414,658.1075103617995,0.8,0.5417594
144,13,397,336.003173828125,75.88001251220703,14.357929229736328,14.357929229736328,161.9099348732501,0.8,0.8218213
144,13,398,336.08941650390625,75.02438354492188,14.356596946716309,14.356596946716309,161.87988877877325,0.8,0.8215425
144,13,399,336.0362854003906,74.93203735351562,14.282532691955566,14.282532691955566,160.21395262209685,0.8,0.8180218
144,13,400,335.9462585449219,73.95603942871094,16.141239166259766,16.141239166259766,204.62732476361407,0.8,0.7870819
144,13,401,337.1042785644531,73.98098754882812,16.2183837890625,16.2183837890625,206.58796988907338,0.8,0.7834725
144,13,402,337.0990295410156,72.86255645751953,16.29793930053711,16.29793930053711,208.61967926015234,0.8,0.7850465
144,13,403,337.0038146972656,71.99409484863281,18.181102752685547,18.181102752685547,259.61532428877376,0.8,0.7514855
144,13,404,337.1051940917969,71.92149353027344,18.099952697753906,18.099952697753906,257.3029474426765,0.8,0.7671871
144,13,405,337.0232849121094,70.88278198242188,18.211631774902344,18.211631774902344,260.4879288238095,0.8,0.75597984
144,13,406,337.0888671875,69.87212371826172,19.846769332885742,19.846769332885742,309.3638228419186,0.8,0.72804904
144,13,407,337.0344543457031,69.86158752441406,20.912086486816406,20.912086486816406,343.4666815371746,0.8,0.7079098
144,13,408,337.06103515625,68.88258361816406,22.56581687927246,22.56581687927246,399.9373829806521,0.8,0.66528046
144,13,409,338.0841369628906,67.90741729736328,22.56581687927246,22.56581687927246,399.9373829806521,0.8,0.66066194
144,13,410,338.0222473144531,67.91526794433594,22.492769241333008,22.492769241333008,397.3523051776482,0.8,0.6569184
144,13,411,338.0517272949219,66.94525146484375,22.564559936523438,22.564559936523438,399.8928302488949,0.8,0.6610697
144,13,412,338.0424499511719,66.84162139892578,22.56581687927246,22.56581687927246,399.9373829806521,0.8,0.66059524
144,13,413,338.0356140136719,65.91605377197266,22.627647399902344,22.627647399902344,402.13204889171647,0.8,0.66516924
144,13,414,338.0810241699219,65.00692749023438,22.69280242919922,22.69280242919922,404.4512159711343,0.8,0.6597946
144,13,415,338.0780334472656,64.88874816894531,22.711820602416992,22.711820602416992,405.12941748417524,0.8,0.66112906
144,13,416,338.02008056640625,63.89930725097656,22.529769897460938,22.529769897460938,398.66067130212895,0.8,0.65800065
144,13,417,339.0694885253906,62.97697830200195,22.62743377685547,22.62743377685547,402.1244560327234,0.8,0.6616035
144,13,418,339.0262145996094,62.99040222167969,22.715463638305664,22.715463638305664,405.25939556056954,0.8,0.6608251
144,13,419,339.0246887207031,61.99613952636719,22.715463638305664,22.715463638305664,405.25939556056954,0.8,0.6592684
144,13,420,339.05865478515625,60.99462890625,22.539451599121094,22.539451599121094,399.00337724335554,0.8,0.6597428
144,13,421,339.0314025878906,60.96908950805664,22.715463638305664,22.715463638305664,405.25939556056954,0.8,0.66371626
144,13,422,339.0262145996094,60.01363754272461,22.715463638305664,22.715463638305664,405.25939556056954,0.8,0.6663331
144,13,423,339.03271484375,59.968505859375,22.493175506591797,22.493175506591797,397.3666592923633,0.8,0.66360503
144,13,424,339.0144348144531,58.99863052368164,22.42452621459961,22.42452621459961,394.9448303177398,0.8,0.6629305
144,13,425,339.0434875488281,58.01591491699219,22.660789489746094,22.660789489746094,403.31089497019883,0.8,0.66353834
144,13,426,339.9920959472656,58.019588470458984,22.498220443725586,22.498220443725586,397.5449279968418,0.8,0.65949076
144,13,427,340.0299377441406,56.95237350463867,22.66429901123047,22.66429901123047,403.43582776272257,0.8,0.66076577
144,13,428,340.0517272949219,55.952613830566406,22.53607177734375,22.53607177734375,398.8837240043693,0.8,0.65794134
144,13,429,340.037841796875,56.02756881713867,22.660789489746094,22.660789489746094,403.31089497019883,0.8,0.6595797
144,13,430,340.00360107421875,54.99507141113281,22.715463638305664,22.715463638305664,405.25939556056954,0.8,0.6576004
144,13,431,339.9909362792969,53.95698547363281,22.62755012512207,22.62755012512207,402.12859142025036,0.8,0.65794885
144,13,432,340.00213623046875,54.0262336730957,22.66429901123047,22.66429901123047,403.43582776272257,0.8,0.65774864
144,13,433,339.98712158203125,52.986236572265625,22.4152889251709,22.4152889251709,394.61951969407227,0.8,0.6567256
144,13,434,340.9723815917969,53.01438903808594,22.447250366210938,22.447250366210938,395.7456796616895,0.8,0.65842324
144,13,435,340.968505859375,52.041297912597656,22.27298355102539,22.27298355102539,389.6248732735008,0.8,0.6538271
144,13,436,340.9875793457031,50.98089599609375,22.34329605102539,22.34329605102539,392.0887318400141,0.8,0.65307087
144,13,437,340.9510498046875,50.977821350097656,22.517215728759766,22.517215728759766,398.2165070760261,0.8,0.6546352
144,13,438,340.992431640625,50.01716613769531,22.449983596801758,22.449983596801758,395.8420593993581,0.8,0.6555617
144,13,439,340.93768310546875,49.958316802978516,22.48544692993164,22.48544692993164,397.0936386082302,0.8,0.6561399
144,13,440,341.0088806152344,49.976070404052734,22.310455322265625,22.310455322265625,390.93697548511597,0.8,0.654813
144,13,441,340.9815979003906,50.99431228637695,22.233217239379883,22.233217239379883,388.2348383361576,0.8,0.6554505
144,13,442,341.940673828125,50.989105224609375,22.36180877685547,22.36180877685547,392.73873784423034,0.8,0.65697026
144,13,443,341.9815979003906,51.9348258972168,22.219589233398438,22.219589233398438,387.75904168421727,0.8,0.6543608
144,13,444,341.9414978027344,53.0003662109375,22.327882766723633,22.327882766723633,391.54796197305564,0.8,0.6562808
144,13,445,341.97479248046875,52.98138427734375,22.235280990600586,22.235280990600586,388.30691583161746,0.8,0.6525297
144,13,446,341.9384460449219,53.9367790222168,22.27159309387207,22.27159309387207,389.5762278120135,0.8,0.6534786
144,13,447,342.01226806640625,54.959800720214844,22.314594268798828,22.314594268798828,391.0820390711966,0.8,0.65728897
144,13,448,342.0104675292969,54.96805191040039,22.360708236694336,22.360708236694336,392.70008139008246,0.8,0.6572001
144,13,449,341.9744567871094,55.975738525390625,22.432395935058594,22.432395935058594,395.2220848527783,0.8,0.658275
144,13,450,342.0200500488281,56.049530029296875,22.505290985107422,22.505290985107422,397.7948410561724,0.8,0.65990585
144,13,451,342.9898681640625,57.01955032348633,22.361133575439453,22.361133575439453,392.71502118059897,0.8,0.6605805
144,13,452,342.99554443359375,57.9553108215332,22.491180419921875,22.491180419921875,397.2961716223603,0.8,0.6613662
144,13,453,342.96246337890625,58.01543426513672,22.31113624572754,22.31113624572754,390.9608389354245,0.8,0.6595055
144,13,454,342.9708251953125,58.98502731323242,22.507001876831055,22.507001876831055,397.85532547926283,0.8,0.66053593
144,13,455,343.01898193359375,59.97022247314453,22.347152709960938,22.347152709960938,392.22409978335224,0.8,0.6568738
144,13,456,342.9750061035156,59.99113082885742,22.401504516601562,22.401504516601562,394.13432192109747,0.8,0.6595501
144,13,457,342.9851379394531,60.980167388916016,22.414281845092773,22.414281845092773,394.58406134860985,0.8,0.65599173
144,13,458,342.9613037109375,61.93206024169922,22.257204055786133,22.257204055786133,389.07300235003595,0.8,0.6581861
144,13,459,343.9227600097656,61.92426681518555,22.33611297607422,22.33611297607422,391.83666965333225,0.8,0.65507245
144,13,460,343.9775390625,62.92100143432617,22.413599014282227,22.413599014282227,394.5600204221802,0.8,0.65919423
144,13,461,343.9248046875,62.94190979003906,22.4534854888916,22.4534854888916,395.9655609854092,0.8,0.6581489
144,13,462,343.9490966796875,63.902992248535156,22.538026809692383,22.538026809692383,398.9529343278999,0.8,0.65986884
144,13,463,343.94207763671875,64.87523651123047,22.4620418548584,22.4620418548584,396.2674002513462,0.8,0.6622558
144,13,464,343.9794006347656,64.92403411865234,22.35554313659668,22.35554313659668,392.5186827559526,0.8,0.66143304
144,13,465,343.9687194824219,65.88397979736328,22.478012084960938,22.478012084960938,396.8310828711699,0.8,0.66197413
144,13,466,343.97576904296875,66.8942642211914,22.435550689697266,22.435550689697266,395.33325589150974,0.8,0.66080284
144,13,467,344.9462890625,66.8796615600586,22.37049102783203,22.37049102783203,393.04376846888306,0.8,0.6627377
144,13,468,344.9422302246094,67.88236236572266,22.282791137695312,22.282791137695312,389.968080192978,0.8,0.6598021
144,13,469,344.9512939453125,68.8891372680664,22.308815002441406,22.308815002441406,390.87949229276745,0.8,0.6576152
144,13,470,344.9288024902344,68.84284973144531,22.331249237060547,22.331249237060547,391.6660415942744,0.8,0.6550503
144,13,471,344.8873596191406,69.8321533203125,22.29937744140625,22.29937744140625,390.5488455259453,0.8,0.66742617
144,13,472,344.89483642578125,69.8152847290039,22.239988327026367,22.239988327026367,388.47134683454306,0.8,0.66715497
144,13,473,344.9634704589844,70.79019927978516,22.138916015625,22.138916015625,384.94846030630146,0.8,0.6654964
144,13,474,344.9246826171875,71.81927490234375,22.113834381103516,22.113834381103516,384.07672229234265,0.8,0.6757575
144,13,475,345.92822265625,71.80509948730469,22.059303283691406,22.059303283691406,382.1848475991965,0.8,0.67387784
144,13,476,345.93243408203125,72.83180236816406,22.28981590270996,22.28981590270996,390.21399785383284,0.8,0.67066574
144,13,477,345.8822326660156,73.8805160522461,21.908403396606445,21.908403396606445,376.9739491466027,0.8,0.6789499
144,13,478,345.9095764160156,73.84465026855469,22.216856002807617,22.216856002807617,387.6636511098598,0.8,0.6703945
144,13,479,345.9278259277344,74.75857543945312,21.853729248046875,21.853729248046875,375.09476046495126,0.8,0.69053566
144,13,480,345.9006042480469,75.89005279541016,21.989879608154297,21.989879608154297,379.7830558912627,0.8,0.67396694
144,13,481,345.874755859375,75.80650329589844,21.714990615844727,21.714990615844727,370.3472919891962,0.8,0.6913759
144,13,482,345.8724365234375,76.76239776611328,21.728469848632812,21.728469848632812,370.80720899314264,0.8,0.6880061
144,13,483,345.89300537109375,76.8647689819336,21.905311584472656,21.905311584472656,376.8675561460358,0.8,0.6721358
144,13,484,346.88836669921875,77.87259674072266,22.0736026763916,22.0736026763916,382.68049176602545,0.8,0.6727435
144,13,485,346.9349365234375,78.86163330078125,22.11380958557129,22.11380958557129,384.07586098704013,0.8,0.673019
144,13,486,346.86407470703125,78.84039306640625,21.809419631958008,21.809419631958008,373.575252708454,0.8,0.672233
144,13,487,346.88677978515625,79.9462890625,22.336395263671875,22.336395263671875,391.84657391297014,0.8,0.6633011
144,13,488,346.92303466796875,80.86134338378906,22.092708587646484,22.092708587646484,383.34324028570154,0.8,0.6778075
144,13,489,346.858154296875,80.95323944091797,22.178464889526367,22.178464889526367,386.32502963789665,0.8,0.67296755
144,13,490,346.93878173828125,81.8673324584961,21.97933006286621,21.97933006286621,379.41874489367876,0.8,0.6753768
144,13,491,346.94879150390625,82.83732604980469,22.248302459716797,22.248302459716797,388.76185112676427,0.8,0.6673565
144,13,492,347.98828125,82.90877532958984,22.468387603759766,22.468387603759766,396.4913307949379,0.8,0.6602691
144,13,493,347.9477233886719,83.96147918701172,22.54121208190918,22.54121208190918,399.0657093730904,0.8,0.67068464
144,13,494,348.012939453125,83.94890594482422,22.498136520385742,22.498136520385742,397.541962141302,0.8,0.6703436
144,13,495,347.9780578613281,85.02721405029297,22.528539657592773,22.528539657592773,398.61713469581167,0.8,0.6722414
144,13,496,348.0375061035156,85.94782257080078,22.46929359436035,22.46929359436035,396.5233068020812,0.8,0.6642352
144,13,497,348.0725402832031,86.00485229492188,22.49773597717285,22.49773597717285,397.52780707408664,0.8,0.66761565
144,13,498,348.1463623046875,86.94223022460938,22.548538208007812,22.548538208007812,399.32515245883627,0.8,0.66538423
144,13,499,348.12335205078125,87.95349884033203,22.571535110473633,22.571535110473633,400.1400988133116,0.8,0.66705954
144,13,500,349.1398620605469,87.919921875,22.493337631225586,22.493337631225586,397.37238753258174,0.8,0.6669706
149,14,304,379.0858154296875,359.09625244140625,11.33520793914795,11.33520793914795,100.91340592979174,0.8,0.8027548
149,14,305,379.0411682128906,358.09869384765625,11.708052635192871,11.708052635192871,107.66119939901759,0.8,0.8078107
149,14,306,379.03466796875,357.1289367675781,12.5332612991333,12.5332612991333,123.37241600913846,0.8,0.75333565
149,14,307,379.06640625,356.0236511230469,12.270609855651855,12.270609855651855,118.25572560341658,0.8,0.7461655
149,14,308,378.0840759277344,355.0950012207031,12.937392234802246,12.937392234802246,131.45689554587008,0.8,0.74563175
149,14,309,378.07244873046875,354.0137023925781,14.272273063659668,14.272273063659668,159.98386104637916,0.8,0.6868498
149,14,310,378.0979919433594,353.04217529296875,14.205336570739746,14.205336570739746,158.48674188796832,0.8,0.6842179
149,14,311,378.0570373535156,351.9625549316406,14.596983909606934,14.596983909606934,167.34630976423472,0.8,0.6854902
149,14,312,378.03759765625,350.97369384765625,16.049924850463867,16.049924850463867,202.31863577495082,0.8,0.6485754
149,14,313,377.04290771484375,349.9868469238281,15.991801261901855,15.991801261901855,200.85592586064385,0.8,0.6467984
149,14,314,376.9868469238281,348.8869934082031,16.5283260345459,16.5283260345459,214.55943827213682,0.8,0.6201507
149,14,315,377.0068054199219,347.9520568847656,16.492422103881836,16.492422103881836,213.6282901181701,0.8,0.6160255
149,14,316,376.9803161621094,346.8629455566406,16.453632354736328,16.453632354736328,212.624575465206,0.8,0.6200014
149,14,317,376.9703063964844,345.897705078125,16.492422103881836,16.492422103881836,213.6282901181701,0.8,0.6160798
149,14,318,376.935791015625,344.8490295410156,16.595111846923828,16.595111846923828,216.29687701004846,0.8,0.6184816
149,14,319,375.960205078125,342.83587646484375,16.393835067749023,16.393835067749023,211.08190468939605,0.8,0.6206527
149,14,320,376.02044677734375,341.8399963378906,16.66094398498535,16.66094398498535,218.0163627642891,0.8,0.62101907
149,14,321,375.9583740234375,340.8736572265625,16.5283260345459,16.5283260345459,214.55943827213682,0.8,0.62148046
149,14,322,375.94659423828125,339.9230651855469,16.849485397338867,16.849485397338867,222.9785897941057,0.8,0.6270168
149,14,323,376.0013427734375,338.8902893066406,16.849485397338867,16.849485397338867,222.9785897941057,0.8,0.6299342
149,14,324,375.9474182128906,337.916259765625,16.330509185791016,16.330509185791016,209.4543256765372,0.8,0.6325124
149,14,325,374.8516845703125,336.85040283203125,17.070240020751953,17.070240020751953,228.85960114181987,0.8,0.64080334
149,14,326,374.8436584472656,335.8720397949219,17.142391204833984,17.142391204833984,230.79834225592919,0.8,0.63460207
149,14,327,374.9363708496094,334.9337463378906,17.002674102783203,17.002674102783203,227.0514828422065,0.8,0.6351991
149,14,328,374.98272705078125,333.8585205078125,17.070240020751953,17.070240020751953,228.85960114181987,0.8,0.635267
149,14,329,374.9582824707031,332.91241455078125,17.2783145904541,17.2783145904541,234.47288950548284,0.8,0.6366239
149,14,330,373.9274597167969,331.8739013671875,17.597816467285156,17.597816467285156,243.22457285967155,0.8,0.63756025
149,14,331,373.9190673828125,330.91876220703125,16.594987869262695,16.594987869262695,216.29364522938897,0.8,0.6411154
149,14,332,373.89447021484375,329.89105224609375,17.56185531616211,17.56185531616211,242.23152934663466,0.8,0.64002985
149,14,333,373.8807373046875,328.86944580078125,17.54727554321289,17.54727554321289,241.82949725574437,0.8,0.6369903
149,14,334,373.9234313964844,327.9203186035156,16.595111846923828,16.595111846923828,216.29687701004846,0.8,0.63693607
149,14,335,373.9148254394531,326.8658752441406,17.828336715698242,17.828336715698242,249.63848426057766,0.8,0.6139177
149,14,336,372.83294677734375,325.91253662109375,16.849485397338867,16.849485397338867,222.9785897941057,0.8,0.6412918
149,14,337,372.9036560058594,324.8377380371094,17.853811264038086,17.853811264038086,250.3524006695817,0.8,0.591818
149,14,338,372.953857421875,323.9345703125,16.954730987548828,16.954730987548828,225.77283595125968,0.8,0.643585
149,14,339,372.9290771484375,322.9109802246094,17.002674102783203,17.002674102783203,227.0514828422065,0.8,0.6404912
149,14,340,372.9115295410156,321.9196472167969,18.1414794921875,18.1414794921875,258.4849642208655,0.8,0.5916607
149,14,341,372.92425537109375,320.9007873535156,16.954730987548828,16.954730987548828,225.77283595125968,0.8,0.640939
149,14,342,371.9179382324219,318.97882080078125,18.275482177734375,18.275482177734375,262.31768421719755,0.8,0.5734941
149,14,343,371.9655456542969,317.93511962890625,18.11577796936035,18.11577796936035,257.75307780235846,0.8,0.5850361
149,14,344,371.98779296875,316.88250732421875,17.02554702758789,17.02554702758789,227.6627778230847,0.8,0.6494064
149,14,345,371.9460144042969,315.9486999511719,17.029285430908203,17.029285430908203,227.76276741205243,0.8,0.64496917
149,14,346,372.0220947265625,314.96575927734375,17.029285430908203,17.029285430908203,227.76276741205243,0.8,0.64264876
149,14,347,371.9961242675781,313.9399719238281,17.029285430908203,17.029285430908203,227.76276741205243,0.8,0.6425402
149,14,348,370.9375,312.9247741699219,17.029285430908203,17.029285430908203,227.76276741205243,0.8,0.6405726
149,14,349,370.9361572265625,311.94378662109375,17.057294845581055,17.057294845581055,228.51262250859847,0.8,0.64526767
149,14,350,370.8716125488281,310.9314270019531,17.0783634185791,17.0783634185791,229.07747270583644,0.8,0.6472488
149,14,351,370.907470703125,309.91448974609375,17.267580032348633,17.267580032348633,234.18163644578385,0.8,0.64602757
149,14,352,370.927978515625,308.9070739746094,17.467302322387695,17.467302322387695,239.63020288154306,0.8,0.6478866
149,14,353,369.9683532714844,307.95867919921875,17.20049476623535,17.20049476623535,232.3655602959055,0.8,0.64690953
149,14,354,369.96734619140625,306.9263610839844,17.175199508666992,17.175199508666992,231.68262357408406,0.8,0.64411426
149,14,355,369.9359130859375,305.9406433105469,17.279796600341797,17.279796600341797,234.51311403565597,0.8,0.64458925
149,14,356,369.9314880371094,304.90411376953125,17.38308334350586,17.38308334350586,237.32500908941165,0.8,0.646204
149,14,357,369.9459228515625,303.9124755859375,17.074934005737305,17.074934005737305,228.9854823515775,0.8,0.6447113
149,14,358,370.0125427246094,302.8998718261719,18.298036575317383,18.298036575317383,262.9655542007971,0.8,0.5760144
149,14,359,369.0199279785156,301.9889831542969,17.1431884765625,17.1431884765625,230.8198110545451,0.8,0.6497049
149,14,360,368.8839416503906,300.98760986328125,18.439088821411133,18.439088821411133,267.03537285641715,0.8,0.5772093
149,14,361,368.92041015625,299.9710998535156,18.439088821411133,18.439088821411133,267.03537285641715,0.8,0.5772419
149,14,362,368.9245300292969,298.91015625,17.52338981628418,17.52338981628418,241.17157837516217,0.8,0.649922
149,14,363,368.9830322265625,297.9796447753906,17.057294845581055,17.057294845581055,228.51262250859847,0.8,0.6464482
149,14,364,369.0368347167969,295.9725341796875,17.332632064819336,17.332632064819336,235.94942172243918,0.8,0.649447
149,14,365,367.96612548828125,295.0261535644531,17.429433822631836,17.429433822631836,238.59230938408433,0.8,0.64821225
149,14,366,368.0289001464844,293.9294128417969,17.840396881103516,17.840396881103516,249.97633963803025,0.8,0.64737093
149,14,367,368.0145568847656,292.9984130859375,17.85736656188965,17.85736656188965,250.45211786288303,0.8,0.64769655
149,14,368,368.0072937011719,291.875244140625,17.175186157226562,17.175186157226562,231.6822633691801,0.8,0.6522288
149,14,369,367.9369812011719,290.99957275390625,17.263019561767578,17.263019561767578,234.05795525456864,0.8,0.6476016
149,14,370,366.90283203125,289.9595947265625,17.790878295898438,17.790878295898438,248.59057500079936,0.8,0.64765584
149,14,371,367.025146484375,289.0242004394531,17.112913131713867,17.112913131713867,230.00526261105006,0.8,0.64847004
149,14,372,366.9591979980469,288.0036315917969,17.807418823242188,17.807418823242188,249.05302891163242,0.8,0.6512925
149,14,373,367.04705810546875,287.0035705566406,17.87833023071289,17.87833023071289,251.04049992800634,0.8,0.6509126
149,14,374,366.9313659667969,285.92913818359375,17.3345947265625,17.3345947265625,236.00286024470813,0.8,0.65293443
149,14,375,367.0531921386719,284.990966796875,17.7294921875,17.7294921875,246.87804783192314,0.8,0.6550241
149,14,376,366.0185546875,283.97119140625,17.8885440826416,17.8885440826416,251.32741966726513,0.8,0.66186315
149,14,377,365.9466552734375,283.0041198730469,17.185815811157227,17.185815811157227,231.96912656090632,0.8,0.65463054
149,14,378,366.01373291015625,281.99957275390625,17.328506469726562,17.328506469726562,235.83711149484742,0.8,0.659787
149,14,379,366.03253173828125,281.0068359375,17.86879539489746,17.86879539489746,250.77280248244463,0.8,0.65909487
149,14,380,366.0532531738281,279.9288635253906,17.108610153198242,17.108610153198242,229.88960921332466,0.8,0.6579958
149,14,381,365.96807861328125,278.99267578125,17.30796241760254,17.30796241760254,235.27824303591856,0.8,0.65760225
149,14,382,365.0041198730469,277.9500427246094,17.154815673828125,17.154815673828125,231.13301972114897,0.8,0.6524052
149,14,383,364.9649963378906,276.9627380371094,17.076679229736328,17.076679229736328,229.0322938217917,0.8,0.650519
149,14,384,364.9697570800781,275.96539306640625,17.387367248535156,17.387367248535156,237.44199674407417,0.8,0.6573988
149,14,385,364.96441650390625,275.0008544921875,17.029285430908203,17.029285430908203,227.76276741205243,0.8,0.65286654
149,14,386,364.9214782714844,273.921875,17.07049560546875,17.07049560546875,228.86645440857734,0.8,0.65216094
149,14,387,363.9362487792969,271.96893310546875,17.291303634643555,17.291303634643555,234.82555393582908,0.8,0.65483415
149,14,388,363.9663391113281,270.9117736816406,17.02005386352539,17.02005386352539,227.51589417336254,0.8,0.6520253
149,14,389,363.88824462890625,269.9781188964844,17.1055965423584,17.1055965423584,229.8086281405951,0.8,0.65476626
149,14,390,363.8872375488281,268.9189453125,17.301786422729492,17.301786422729492,235.1103644679938,0.8,0.6545628
149,14,391,363.8570861816406,267.8799133300781,17.26483154296875,17.26483154296875,234.10709276162876,0.8,0.6545627
149,14,392,363.9128723144531,266.9859619140625,17.107025146484375,17.107025146484375,229.84701549096232,0.8,0.652758
149,14,393,362.9068908691406,265.92901611328125,17.438350677490234,17.438350677490234,238.83649829174675,0.8,0.65841645
149,14,394,362.92181396484375,264.958740234375,17.34476089477539,17.34476089477539,236.2797572074352,0.8,0.6609675
149,14,395,362.8720703125,263.9498596191406,17.47675895690918,17.47675895690918,239.88974023064685,0.8,0.6576702
149,14,396,362.8768005371094,263.0169982910156,17.27907943725586,17.27907943725586,234.49364845253916,0.8,0.653043
149,14,397,362.92572021484375,261.9873352050781,17.017253875732422,17.017253875732422,227.441042550532,0.8,0.64927065
149,14,398,362.8128967285156,260.9913024902344,17.463314056396484,17.463314056396484,239.52078702972508,0.8,0.6469639
149,14,399,361.84326171875,259.9797668457031,17.413894653320312,17.413894653320312,238.16706624519213,0.8,0.65083116
149,14,400,361.8319396972656,258.9813232421875,17.465909957885742,17.465909957885742,239.59200129966527,0.8,0.64952844
149,14,401,361.8471374511719,257.9937744140625,17.499950408935547,17.499950408935547,240.52682433681707,0.8,0.65191674
149,14,402,361.8504943847656,257.05487060546875,17.56584930419922,17.56584930419922,242.3417204199523,0.8,0.65282583
149,14,403,361.8822021484375,255.95289611816406,17.175186157226562,17.175186157226562,231.6822633691801,0.8,0.65123826
149,14,404,360.8670654296875,255.04251098632812,17.46610450744629,17.46610450744629,239.59733887191658,0.8,0.65541756
149,14,405,360.8840026855469,254.04832458496094,17.47467803955078,17.47467803955078,239.83261739602577,0.8,0.6509533
149,14,406,360.871826171875,252.96751403808594,17.54464340209961,17.54464340209961,241.75695247579168,0.8,0.6541149
149,14,407,360.8935241699219,252.0069122314453,17.042346954345703,17.042346954345703,228.11229113427268,0.8,0.6529887
149,14,408,360.8381042480469,251.03317260742188,17.37547492980957,17.37547492980957,237.11730466181712,0.8,0.6566388
149,14,409,360.8944091796875,248.98104858398438,17.099172592163086,17.099172592163086,229.6360528115685,0.8,0.6492028
149,14,410,359.89898681640625,248.005859375,17.06082534790039,17.06082534790039,228.60722693945561,0.8,0.65297514
149,14,411,359.87115478515625,247.04196166992188,17.29595947265625,17.29595947265625,234.95202871820285,0.8,0.65434563
149,14,412,359.842041015625,246.05055236816406,17.44982147216797,17.44982147216797,239.15081075640825,0.8,0.653043
149,14,413,359.9317321777344,245.025634765625,17.68425941467285,17.68425941467285,245.61994821680997,0.8,0.65335506
149,14,414,359.8678283691406,243.9569549560547,17.459596633911133,17.459596633911133,239.4188241163119,0.8,0.6524459
149,14,415,359.8817138671875,243.1171112060547,17.081863403320312,17.081863403320312,229.17137512437765,0.8,0.6478187
149,14,416,358.8630065917969,242.028076171875,17.726675033569336,17.726675033569336,246.79959795871102,0.8,0.6270537
149,14,417,358.8751220703125,241.04556274414062,17.461772918701172,17.461772918701172,239.47851346991305,0.8,0.6500848
149,14,418,358.9056701660156,240.03819274902344,17.589900970458984,17.589900970458984,243.00581727133752,0.8,0.65108895
149,14,419,358.86328125,239.03147888183594,17.572288513183594,17.572288513183594,242.51942603211577,0.8,0.64997625
149,14,420,358.9398193359375,238.0519561767578,17.106746673583984,17.106746673583984,229.8395325249239,0.8,0.64773726
149,14,421,358.9182434082031,236.95849609375,17.57883071899414,17.57883071899414,242.70004079344557,0.8,0.652283
149,14,422,357.93035888671875,235.9542236328125,17.414508819580078,17.414508819580078,238.18386624985976,0.8,0.6503155
149,14,423,357.86968994140625,235.03521728515625,17.427295684814453,17.427295684814453,238.53377484370006,0.8,0.65317863
149,14,424,357.9011535644531,234.05252075195312,17.34370994567871,17.34370994567871,236.25112487564368,0.8,0.6471267
149,14,425,357.9612121582031,233.01600646972656,17.31237030029297,17.31237030029297,235.39809665337424,0.8,0.65236443
149,14,426,357.9087219238281,232.0315704345703,17.561607360839844,17.561607360839844,242.2246892751468,0.8,0.64775085
149,14,427,356.89544677734375,230.95274353027344,17.679607391357422,17.679607391357422,245.49073959021206,0.8,0.6481715
149,14,428,356.8907470703125,230.00538635253906,17.611106872558594,17.611106872558594,243.59209275203025,0.8,0.6493521
149,14,429,356.93072509765625,228.9971466064453,17.520965576171875,17.520965576171875,241.10485414215862,0.8,0.64889073
149,14,430,356.9430236816406,227.9947052001953,17.051345825195312,17.051345825195312,228.35325501210542,0.8,0.6478594
149,14,431,356.8924255371094,227.05621337890625,17.755634307861328,17.755634307861328,247.60662750235085,0.8,0.65130603
149,14,432,357.0074462890625,224.99618530273438,18.17401123046875,18.17401123046875,259.41283835470756,0.8,0.57662266
149,14,433,355.8849792480469,223.95571899414062,17.628082275390625,17.628082275390625,244.06191748668772,0.8,0.6484158
149,14,434,355.9261169433594,223.01370239257812,17.13858985900879,17.13858985900879,230.6959939862815,0.8,0.64731663
149,14,435,355.9605712890625,222.04844665527344,17.08118438720703,17.08118438720703,229.15315603903392,0.8,0.64825296
149,14,436,355.9895935058594,220.99221801757812,17.057294845581055,17.057294845581055,228.51262250859847,0.8,0.6457698
149,14,437,355.9589538574219,220.04629516601562,17.768936157226562,17.768936157226562,247.97776150226878,0.8,0.64661103
149,14,438,355.9132385253906,218.99729919433594,17.79271125793457,17.79271125793457,248.64180131483522,0.8,0.6484294
149,14,439,354.9576721191406,218.03604125976562,18.439088821411133,18.439088821411133,267.03537285641715,0.8,0.576199
149,14,440,354.9244079589844,217.02334594726562,17.02351951599121,17.02351951599121,227.60855795726394,0.8,0.6483886
149,14,441,354.9093322753906,216.00843811035156,17.573049545288086,17.573049545288086,242.5404328651947,0.8,0.6500848
149,14,442,354.8812561035156,214.96246337890625,17.418704986572266,17.418704986572266,238.29866474367782,0.8,0.6524866
149,14,443,354.9365539550781,214.0159454345703,17.86468505859375,17.86468505859375,250.65744585330657,0.8,0.6523781
149,14,444,353.92803955078125,213.00608825683594,17.243366241455078,17.243366241455078,233.5253256674484,0.8,0.6457426
149,14,445,353.8718566894531,211.96617126464844,17.454769134521484,17.454769134521484,239.2864459788797,0.8,0.6512518
149,14,446,353.9496765136719,210.95480346679688,17.029285430908203,17.029285430908203,227.76276741205243,0.8,0.64674675
149,14,447,353.9502868652344,209.94956970214844,17.2540283203125,17.2540283203125,233.8142060613335,0.8,0.6485243
149,14,448,353.98443603515625,208.93228149414062,17.30494499206543,17.30494499206543,235.19621458246422,0.8,0.6502612
149,14,449,353.8891906738281,208.0081329345703,17.716501235961914,17.716501235961914,246.51638989827853,0.8,0.65146893
149,14,450,352.9671325683594,206.9350128173828,17.730371475219727,17.730371475219727,246.9025360932175,0.8,0.65445423
149,14,451,353.04779052734375,205.98817443847656,17.258684158325195,17.258684158325195,233.94040823542062,0.8,0.6507633
149,14,452,353.06695556640625,204.96478271484375,17.405597686767578,17.405597686767578,237.94016772910103,0.8,0.65579754
149,14,453,352.96600341796875,203.95172119140625,17.379009246826172,17.379009246826172,237.2137777609575,0.8,0.65790087
149,14,454,352.9934387207031,201.9485626220703,17.05866813659668,17.05866813659668,228.54941931219017,0.8,0.6583215
149,14,455,352.8956298828125,200.93446350097656,17.132099151611328,17.132099151611328,230.52128922188967,0.8,0.65663886
149,14,456,352.0036315917969,199.9908905029297,17.8885440826416,17.8885440826416,251.32741966726513,0.8,0.6574937
149,14,457,352.0056457519531,198.91575622558594,17.03180503845215,17.03180503845215,227.8301707383601,0.8,0.65586543
149,14,458,352.0053405761719,197.9137725830078,17.200773239135742,17.200773239135742,232.3730842696292,0.8,0.648945
149,14,459,351.994873046875,196.97061157226562,17.029285430908203,17.029285430908203,227.76276741205243,0.8,0.6478866
149,14,460,351.9610290527344,195.9246826171875,17.029285430908203,17.029285430908203,227.76276741205243,0.8,0.6452134
149,14,461,350.95269775390625,194.9527587890625,18.126323699951172,18.126323699951172,258.0532565407821,0.8,0.5735375
149,14,462,351.0003356933594,193.91917419433594,17.029285430908203,17.029285430908203,227.76276741205243,0.8,0.64220095
149,14,463,351.00067138671875,192.96287536621094,16.94498634338379,16.94498634338379,225.51338698578314,0.8,0.6396499
149,14,464,351.0431213378906,191.92984008789062,17.029285430908203,17.029285430908203,227.76276741205243,0.8,0.64438564
149,14,465,350.9651184082031,190.92356872558594,17.8927059173584,17.8927059173584,251.44437774406708,0.8,0.6185057
149,14,466,351.044189453125,189.86431884765625,16.918411254882812,16.918411254882812,224.806589280796,0.8,0.64407355
149,14,467,349.9857177734375,188.9452667236328,17.95077896118164,17.95077896118164,253.07921564769356,0.8,0.6173011
149,14,468,349.99334716796875,187.88037109375,17.6881160736084,17.6881160736084,245.7270915965161,0.8,0.6409797
149,14,469,350.033203125,186.97166442871094,17.493043899536133,17.493043899536133,240.337009745286,0.8,0.6359861
149,14,470,350.0420227050781,185.96656799316406,17.51256561279297,17.51256561279297,240.87372687295155,0.8,0.6379266
149,14,471,349.9612731933594,184.88186645507812,17.466794967651367,17.466794967651367,239.61628250042332,0.8,0.6405998
149,14,472,350.0094909667969,183.89337158203125,17.480424880981445,17.480424880981445,239.99038930509622,0.8,0.6383744
149,14,473,349.0481262207031,182.95892333984375,17.39884376525879,17.39884376525879,237.75554695864489,0.8,0.63800806
149,14,474,349.0485534667969,181.8368682861328,17.37323760986328,17.37323760986328,237.05624467668363,0.8,0.6363254
149,14,475,349.0423278808594,180.87588500976562,17.36712074279785,17.36712074279785,236.88934587533294,0.8,0.63940567
149,14,476,348.96502685546875,179.8543243408203,17.896696090698242,17.896696090698242,251.55653724958353,0.8,0.61608356
149,14,477,349.0052795410156,177.88778686523438,17.72249984741211,17.72249984741211,246.68335360794435,0.8,0.63761455
149,14,478,349.0097961425781,176.83714294433594,17.5208797454834,17.5208797454834,241.1024919270343,0.8,0.6409254
149,14,479,348.1071472167969,175.92909240722656,17.974517822265625,17.974517822265625,253.74902333099212,0.8,0.6010409
149,14,480,348.03466796875,174.93824768066406,18.008655548095703,18.008655548095703,254.71379363842792,0.8,0.6029291
149,14,481,348.134033203125,173.9022674560547,16.954730987548828,16.954730987548828,225.77283595125968,0.8,0.6417125
149,14,482,348.1344909667969,172.864990234375,18.03203773498535,18.03203773498535,255.3756567021869,0.8,0.6038974
149,14,483,348.122802734375,171.93890380859375,18.011232376098633,18.011232376098633,254.7866919836366,0.8,0.6044178
149,14,484,347.1312561035156,170.9326171875,18.03974723815918,18.03974723815918,255.59407242913005,0.8,0.60670537
149,14,485,347.1219177246094,169.95968627929688,17.94443130493164,17.94443130493164,252.90026231818624,0.8,0.6080247
149,14,486,347.110107421875,168.92828369140625,18.158239364624023,18.158239364624023,258.96278370113333,0.8,0.5982227
149,14,487,347.1041564941406,167.9950714111328,17.91136360168457,17.91136360168457,251.96904023153132,0.8,0.6322184
149,14,488,347.0916748046875,166.95875549316406,16.914155960083008,16.914155960083008,224.69351743353113,0.8,0.63971776
149,14,489,347.0741882324219,165.9647216796875,16.849485397338867,16.849485397338867,222.9785897941057,0.8,0.63587767
149,14,490,346.140625,164.99742126464844,16.759355545043945,16.759355545043945,220.59949319561719,0.8,0.63840157
149,14,491,346.1007080078125,164.01702880859375,15.2907133102417,15.2907133102417,183.6307350826391,0.8,0.7089848
149,14,492,346.0993957519531,162.9493865966797,14.618204116821289,14.618204116821289,167.83321919639198,0.8,0.7077647
149,14,493,346.04266357421875,162.0248565673828,14.392656326293945,14.392656326293945,162.69409553242912,0.8,0.7113203
149,14,494,345.95660400390625,161.0089569091797,14.205336570739746,14.205336570739746,158.48674188796832,0.8,0.70255333
149,14,495,346.01171875,160.02320861816406,12.649110794067383,12.649110794067383,125.66370919140154,0.8,0.7600417
149,14,496,344.91552734375,159.0265655517578,12.649110794067383,12.649110794067383,125.66370919140154,0.8,0.75892794
149,14,497,344.98095703125,157.97625732421875,12.225528717041016,12.225528717041016,117.38839955861044,0.8,0.76233906
149,14,498,345.0697021484375,157.05027770996094,12.130006790161133,12.130006790161133,115.56118040612704,0.8,0.7714932
149,14,499,344.9296569824219,154.92544555664062,12.165525436401367,12.165525436401367,116.23893536429006,0.8,0.75837106
149,14,500,345.0190124511719,153.96963500976562,12.649110794067383,12.649110794067383,125.66370919140154,0.8,0.7599025
158,15,320,97.01805877685547,150.02865600585938,12.633769989013672,12.633769989013672,125.35908485979539,0.8,0.8347372
158,15,321,98.00920867919922,149.92251586914062,12.548441886901855,12.548441886901855,123.67146028417285,0.8,0.83492285
158,15,322,99.02735900878906,150.0354461669922,12.556181907653809,12.556181907653809,123.82407124410047,0.8,0.83501565
158,15,323,101.11846160888672,149.9752960205078,13.99089241027832,13.99089241027832,153.7378188145256,0.8,0.8109245
158,15,324,102.14763641357422,149.91761779785156,14.125521659851074,14.125521659851074,156.7107799847865,0.8,0.81348544
158,15,325,103.10162353515625,151.09823608398438,14.205336570739746,14.205336570739746,158.48674188796832,0.8,0.7923137
158,15,326,105.0435791015625,151.0072784423828,16.024606704711914,16.024606704711914,201.68083932243138,0.8,0.7704296
158,15,327,106.1221694946289,151.02334594726562,15.932755470275879,15.932755470275879,199.37544189959007,0.8,0.7896079
158,15,328,107.13937377929688,150.9088897705078,16.83771324157715,16.83771324157715,222.66712369866974,0.8,0.75769055
158,15,329,108.15424346923828,150.878662109375,17.15376091003418,17.15376091003418,231.10459816877724,0.8,0.7569442
158,15,330,110.166259765625,150.9861297607422,17.436445236206055,17.436445236206055,238.78430711045172,0.8,0.75655067
158,15,331,111.14920043945312,150.9297332763672,17.536008834838867,17.536008834838867,241.51905046234646,0.8,0.75919664
158,15,332,112.16840362548828,150.89324951171875,19.014930725097656,19.014930725097656,283.97452150723916,0.8,0.7192874
158,15,333,114.13644409179688,150.95188903808594,20.358076095581055,20.358076095581055,325.50926023875246,0.8,0.67229563
158,15,334,115.10408782958984,150.9312744140625,21.199155807495117,21.199155807495117,352.9612387619733,0.8,0.66816956
158,15,335,116.16373443603516,151.92190551757812,21.065885543823242,21.065885543823242,348.53734757175386,0.8,0.6656441
158,15,336,118.1829833984375,151.9512176513672,21.3502254486084,21.3502254486084,358.009715132764,0.8,0.6681073
158,15,337,119.16744232177734,151.927734375,21.47330665588379,21.47330665588379,362.1493698057687,0.8,0.6713529
158,15,338,120.14754486083984,151.92637634277344,21.456308364868164,21.456308364868164,361.5762411338476,0.8,0.6660887
158,15,339,122.17791748046875,151.96002197265625,21.50861167907715,21.50861167907715,363.34119394442797,0.8,0.6667823
158,15,340,123.16417694091797,151.9271240234375,21.642854690551758,21.642854690551758,367.8908349125847,0.8,0.67199326
158,15,341,124.13748931884766,151.98353576660156,21.715471267700195,21.715471267700195,370.3636871225193,0.8,0.6760926
158,15,342,126.08692932128906,151.9869842529297,22.092105865478516,22.092105865478516,383.32232421592613,0.8,0.64060295
158,15,343,127.03497314453125,151.99749755859375,22.161958694458008,22.161958694458008,385.750203255762,0.8,0.6279921
158,15,344,128.0634307861328,152.97789001464844,22.27313804626465,22.27313804626465,389.6302785122421,0.8,0.62294376
158,15,345,129.0261993408203,152.9875030517578,22.177356719970703,22.177356719970703,386.28642435633174,0.8,0.62358874
158,15,346,131.02745056152344,153.00852966308594,22.25852394104004,22.25852394104004,389.11914893195205,0.8,0.6288002
158,15,347,132.00808715820312,152.97763061523438,22.226364135742188,22.226364135742188,387.9955384179983,0.8,0.6240113
158,15,348,132.9479522705078,152.99705505371094,22.289804458618164,22.289804458618164,390.2135971646854,0.8,0.6244709
158,15,349,134.92640686035156,153.03504943847656,22.304576873779297,22.304576873779297,390.7309913326721,0.8,0.6324327
158,15,350,135.94183349609375,152.9319305419922,22.25852394104004,22.25852394104004,389.11914893195205,0.8,0.632314
158,15,351,136.9383087158203,152.9943084716797,22.360679626464844,22.360679626464844,392.69907648163826,0.8,0.6278142
158,15,352,138.9378662109375,152.9853973388672,22.211881637573242,22.211881637573242,387.49007437102904,0.8,0.630053
158,15,353,139.9334259033203,153.95411682128906,22.164731979370117,22.164731979370117,385.84675267802726,0.8,0.6259091
158,15,354,140.97203063964844,154.0032196044922,22.32623863220215,22.32623863220215,391.49030009566417,0.8,0.6263983
158,15,355,142.99571228027344,154.00148010253906,22.314594268798828,22.314594268798828,391.0820390711966,0.8,0.6265762
158,15,356,143.97186279296875,154.00572204589844,22.22652816772461,22.22652816772461,388.00126530268324,0.8,0.6252344
158,15,357,144.9589385986328,153.9904327392578,22.314132690429688,22.314132690429688,391.06586013998776,0.8,0.62619823
158,15,358,145.9292755126953,153.97540283203125,22.166168212890625,22.166168212890625,385.89675860590916,0.8,0.6265688
158,15,359,147.9188690185547,153.9776153564453,22.18071746826172,22.18071746826172,386.40350862585296,0.8,0.62556803
158,15,360,148.9440460205078,153.99822998046875,22.064495086669922,22.064495086669922,382.36476823451596,0.8,0.6347981
158,15,361,149.9634552001953,154.00172424316406,22.14696502685547,22.14696502685547,385.2284214144339,0.8,0.6237444
158,15,362,151.9538116455078,154.92738342285156,21.95511817932129,21.95511817932129,378.58328879364734,0.8,0.6411198
158,15,363,152.9228515625,154.93299865722656,21.835412979125977,21.835412979125977,374.4662675146143,0.8,0.6834023
158,15,364,153.97317504882812,154.97882080078125,22.048809051513672,22.048809051513672,381.8213018911785,0.8,0.63552666
158,15,365,156.0243682861328,154.99978637695312,22.360679626464844,22.360679626464844,392.69907648163826,0.8,0.62317353
158,15,366,156.98326110839844,154.9501190185547,22.001739501953125,22.001739501953125,380.19282633300065,0.8,0.64380974
158,15,367,157.98533630371094,154.9290313720703,21.788433074951172,21.788433074951172,372.8566378767104,0.8,0.6778534
158,15,368,159.9689483642578,154.91781616210938,22.154586791992188,22.154586791992188,385.4936158348803,0.8,0.63568944
158,15,369,161.0188751220703,154.9326171875,21.735450744628906,21.735450744628906,371.04551223348625,0.8,0.68145484
158,15,370,161.97767639160156,154.9668731689453,22.25580406188965,22.25580406188965,389.0240579546654,0.8,0.62466365
158,15,371,164.04026794433594,155.88328552246094,21.714059829711914,21.714059829711914,370.3155437152103,0.8,0.67780006
158,15,372,165.01687622070312,155.94740295410156,22.115144729614258,22.115144729614258,384.1222403389263,0.8,0.62300307
158,15,373,165.98294067382812,155.94932556152344,22.091272354125977,22.091272354125977,383.29340008496285,0.8,0.6343564
158,15,374,167.03176879882812,155.94940185546875,22.204757690429688,22.204757690429688,387.24155727762314,0.8,0.620275
158,15,375,169.00457763671875,155.870361328125,21.72002410888672,21.72002410888672,370.5190034674485,0.8,0.6784758
158,15,376,169.9633026123047,155.96055603027344,22.25852394104004,22.25852394104004,389.11914893195205,0.8,0.6249602
158,15,377,170.95883178710938,155.9547119140625,22.147491455078125,22.147491455078125,385.2467352125685,0.8,0.6245154
158,15,378,172.96435546875,155.97335815429688,22.107797622680664,22.107797622680664,383.8670560825749,0.8,0.6212239
158,15,379,173.98858642578125,155.9849395751953,22.101245880126953,22.101245880126953,383.639568432844,0.8,0.6232626
158,15,380,175.0148468017578,155.96066284179688,22.18537139892578,22.18537139892578,386.5656750479354,0.8,0.62219507
158,15,381,177.00186157226562,156.97488403320312,22.184038162231445,22.184038162231445,386.5192148785371,0.8,0.6221802
158,15,382,177.98541259765625,156.98631286621094,22.1141300201416,22.1141300201416,384.08699177612215,0.8,0.62205416
158,15,383,179.04444885253906,157.0312042236328,22.16357421875,22.16357421875,385.8064448133486,0.8,0.62408537
158,15,384,181.06224060058594,156.98837280273438,21.793521881103516,21.793521881103516,373.03082357603824,0.8,0.6788048
158,15,385,182.07745361328125,156.98721313476562,22.181760787963867,22.181760787963867,386.4398601889129,0.8,0.6281849
158,15,386,183.05746459960938,156.99618530273438,22.10900115966797,22.10900115966797,383.90885226540223,0.8,0.6488956
158,15,387,184.05535888671875,157.06460571289062,22.163368225097656,22.163368225097656,385.7992732887058,0.8,0.62897813
158,15,388,186.0088348388672,156.97882080078125,22.21560287475586,22.21560287475586,387.61992048520375,0.8,0.63064605
158,15,389,187.01666259765625,157.01463317871094,22.222312927246094,22.222312927246094,387.85411109671986,0.8,0.6255162
158,15,390,188.04385375976562,157.99462890625,22.25580406188965,22.25580406188965,389.0240579546654,0.8,0.62488604
158,15,391,190.01119995117188,158.0528106689453,22.314594268798828,22.314594268798828,391.0820390711966,0.8,0.63047564
158,15,392,191.0498504638672,158.0032501220703,22.331485748291016,22.331485748291016,391.6743379423192,0.8,0.6295712
158,15,393,191.9795684814453,158.01016235351562,22.360679626464844,22.360679626464844,392.69907648163826,0.8,0.63097227
158,15,394,193.94873046875,158.02365112304688,22.27313804626465,22.27313804626465,389.6302785122421,0.8,0.63064605
158,15,395,194.96217346191406,158.005126953125,22.33384895324707,22.33384895324707,391.75723934195526,0.8,0.6273546
158,15,396,195.923828125,158.05270385742188,22.18680191040039,22.18680191040039,386.61552812023024,0.8,0.6284889
158,15,397,197.95654296875,157.99160766601562,22.101438522338867,22.101438522338867,383.64625633609916,0.8,0.6261908
158,15,398,198.9470977783203,158.01014709472656,22.17395782470703,22.17395782470703,386.1680291387414,0.8,0.6280663
158,15,399,199.939208984375,158.97677612304688,22.172107696533203,22.172107696533203,386.10359043546794,0.8,0.63107604
158,15,400,201.9319305419922,158.95904541015625,22.197490692138672,22.197490692138672,386.9881320172724,0.8,0.63262534
158,15,401,202.9737091064453,159.00408935546875,22.360679626464844,22.360679626464844,392.69907648163826,0.8,0.6359316
158,15,402,203.95498657226562,158.9645233154297,22.314594268798828,22.314594268798828,391.0820390711966,0.8,0.6367175
158,15,403,205.0203399658203,158.9832763671875,22.314594268798828,22.314594268798828,391.0820390711966,0.8,0.6361466
158,15,404,206.93685913085938,158.94654846191406,22.25852394104004,22.25852394104004,389.11914893195205,0.8,0.6381482
158,15,405,207.95303344726562,158.984130859375,22.314594268798828,22.314594268798828,391.0820390711966,0.8,0.6334705
158,15,406,208.95687866210938,158.99879455566406,22.304576873779297,22.304576873779297,390.7309913326721,0.8,0.6337967
158,15,407,210.95635986328125,158.92430114746094,22.13924789428711,22.13924789428711,384.960001714876,0.8,0.6430055
158,15,408,211.9832000732422,159.9601287841797,22.25852394104004,22.25852394104004,389.11914893195205,0.8,0.6358575
158,15,409,212.9485321044922,159.9208984375,22.1707763671875,22.1707763671875,386.0572244683793,0.8,0.6287113
158,15,410,214.93873596191406,159.94363403320312,22.314594268798828,22.314594268798828,391.0820390711966,0.8,0.6301568
158,15,411,215.9553680419922,159.96621704101562,22.283445358276367,22.283445358276367,389.990979378961,0.8,0.6302235
158,15,412,216.9628143310547,159.9896240234375,22.304576873779297,22.304576873779297,390.7309913326721,0.8,0.62949705
158,15,413,219.03013610839844,159.97401428222656,22.314594268798828,22.314594268798828,391.0820390711966,0.8,0.6305275
158,15,414,219.9979705810547,160.00625610351562,22.304576873779297,22.304576873779297,390.7309913326721,0.8,0.63017905
158,15,415,220.96385192871094,159.9738006591797,22.25852394104004,22.25852394104004,389.11914893195205,0.8,0.633085
158,15,416,222.03775024414062,159.99696350097656,22.331485748291016,22.331485748291016,391.6743379423192,0.8,0.63145417
158,15,417,224.00616455078125,160.96975708007812,22.314594268798828,22.314594268798828,391.0820390711966,0.8,0.6387264
158,15,418,225.04910278320312,160.970458984375,22.360679626464844,22.360679626464844,392.69907648163826,0.8,0.6390377
158,15,419,226.0199737548828,160.99021911621094,22.14533233642578,22.14533233642578,385.17162486714403,0.8,0.6340413
158,15,420,228.01834106445312,161.03160095214844,22.283445358276367,22.283445358276367,389.990979378961,0.8,0.63421917
158,15,421,229.01722717285156,161.0277862548828,21.936315536499023,21.936315536499023,377.93511936274314,0.8,0.6874928
158,15,422,230.08236694335938,161.0175323486328,21.89719009399414,21.89719009399414,376.58815734650284,0.8,0.67520577
158,15,423,232.03810119628906,161.0366668701172,20.827686309814453,20.827686309814453,340.6998461630898,0.8,0.6896181
158,15,424,233.12254333496094,161.00558471679688,20.501874923706055,20.501874923706055,330.12395595576345,0.8,0.685323
158,15,425,234.1034698486328,161.05657958984375,18.348108291625977,18.348108291625977,264.40670907001925,0.8,0.7299332
158,15,426,236.0974884033203,162.0691680908203,16.57615089416504,16.57615089416504,215.8028939662576,0.8,0.77636206
158,15,427,237.15586853027344,162.1301727294922,16.417709350585938,16.417709350585938,211.69714798355733,0.8,0.7730918
158,15,428,238.078369140625,162.1161346435547,16.265281677246094,16.265281677246094,207.78445747629254,0.8,0.772359
158,15,429,240.13392639160156,162.1559295654297,16.46548843383789,16.46548843383789,212.9311098495935,0.8,0.7705271
158,15,430,241.08184814453125,162.1068878173828,16.00547981262207,16.00547981262207,201.1996761265672,0.8,0.78828126
158,15,431,242.08534240722656,162.06954956054688,16.066314697265625,16.066314697265625,202.73205385343607,0.8,0.7912837
158,15,432,243.2211151123047,162.0142822265625,16.015195846557617,16.015195846557617,201.44402446826786,0.8,0.7906556
158,15,433,245.14453125,162.11228942871094,17.592063903808594,17.592063903808594,243.0655831225051,0.8,0.76585925
158,15,434,246.23236083984375,162.10015869140625,17.39916229248047,17.39916229248047,237.76425240000148,0.8,0.767759
158,15,435,247.2529296875,162.14022827148438,17.64098358154297,17.64098358154297,244.41928701562588,0.8,0.76230943
158,15,436,249.24644470214844,163.0745086669922,18.16344451904297,18.16344451904297,259.1112710569906,0.8,0.742197
158,15,437,250.143310546875,163.1043701171875,20.21985626220703,20.21985626220703,321.1042171560523,0.8,0.6943231
158,15,438,251.21827697753906,163.0692596435547,20.49806022644043,20.49806022644043,330.00111784477735,0.8,0.6803966
158,15,439,253.1376953125,163.02957153320312,21.321184158325195,21.321184158325195,357.0364239729719,0.8,0.6819795
158,15,440,254.15090942382812,163.0183868408203,21.43497657775879,21.43497657775879,360.857642844133,0.8,0.6831978
158,15,441,255.17796325683594,163.0658721923828,21.495052337646484,21.495052337646484,362.88322720471785,0.8,0.6851097
158,15,442,257.157958984375,163.10098266601562,21.336057662963867,21.336057662963867,357.5347297998097,0.8,0.681437
158,15,443,258.1023254394531,163.04110717773438,21.309080123901367,21.309080123901367,356.63115994508127,0.8,0.679703
158,15,444,259.1541748046875,163.04360961914062,21.040307998657227,21.040307998657227,347.6914949028236,0.8,0.6820061
158,15,445,260.0925598144531,164.04486083984375,21.068500518798828,21.068500518798828,348.62388302819727,0.8,0.6809302
158,15,446,262.0854187011719,164.05401611328125,21.071802139282227,21.071802139282227,348.73315648503245,0.8,0.6807345
158,15,447,263.061767578125,164.05459594726562,21.034080505371094,21.034080505371094,347.48570646889505,0.8,0.6849851
158,15,448,264.0479736328125,164.04421997070312,21.338441848754883,21.338441848754883,357.6146392997897,0.8,0.68081456
158,15,449,266.1141357421875,164.05638122558594,20.933530807495117,20.933530807495117,344.1714592358947,0.8,0.6773199
158,15,450,267.1060485839844,164.10037231445312,21.042470932006836,21.042470932006836,347.7629836076551,0.8,0.68413144
158,15,451,268.0806884765625,164.04803466796875,20.981618881225586,20.981618881225586,345.75452254632154,0.8,0.68706596
158,15,452,270.1147155761719,164.05030822753906,20.828100204467773,20.828100204467773,340.7133872971124,0.8,0.68230855
158,15,453,271.0917053222656,164.055908203125,20.880613327026367,20.880613327026367,342.4336093829699,0.8,0.6824152
158,15,454,272.0661315917969,165.0309600830078,20.880613327026367,20.880613327026367,342.4336093829699,0.8,0.67911613
158,15,455,274.08978271484375,165.01634216308594,21.03452491760254,21.03452491760254,347.5003901180851,0.8,0.68117034
158,15,456,275.08251953125,165.0733184814453,21.201412200927734,21.201412200927734,353.03637966031334,0.8,0.67895603
158,15,457,276.063720703125,165.0769500732422,20.828100204467773,20.828100204467773,340.7133872971124,0.8,0.676644
158,15,458,278.0907287597656,165.068603515625,20.86353874206543,20.86353874206543,341.87380579057185,0.8,0.6755324
158,15,459,279.03973388671875,165.02503967285156,20.880613327026367,20.880613327026367,342.4336093829699,0.8,0.6755947
158,15,460,280.05523681640625,165.02525329589844,20.6678524017334,20.6678524017334,335.49077600216026,0.8,0.67235786
158,15,461,281.0782775878906,165.07861328125,20.65890121459961,20.65890121459961,335.20023876053796,0.8,0.6755235
158,15,462,283.05401611328125,165.02496337890625,20.880613327026367,20.880613327026367,342.4336093829699,0.8,0.67713314
158,15,463,284.0271911621094,166.04627990722656,20.82726287841797,20.82726287841797,340.68599329983385,0.8,0.6810458
158,15,464,285.0928955078125,166.06298828125,20.737346649169922,20.737346649169922,337.75069885791834,0.8,0.67881376
158,15,465,287.0293884277344,166.0393829345703,20.880613327026367,20.880613327026367,342.4336093829699,0.8,0.67761326
158,15,466,288.0397644042969,166.01953125,20.880613327026367,20.880613327026367,342.4336093829699,0.8,0.67835134
158,15,467,289.0059814453125,166.04052734375,20.07489776611328,20.07489776611328,316.5166539056289,0.8,0.6881233
158,15,468,291.069091796875,166.06837463378906,20.047752380371094,20.047752380371094,315.66124156807723,0.8,0.7046863
158,15,469,292.0655517578125,166.06173706054688,20.091968536376953,20.091968536376953,317.05518520533343,0.8,0.7100294
158,15,470,293.0026550292969,166.0787811279297,19.928756713867188,19.928756713867188,311.9250778871433,0.8,0.7211868
158,15,471,295.0599365234375,166.07363891601562,18.808778762817383,18.808778762817383,277.85043278890254,0.8,0.7256532
158,15,472,296.11138916015625,167.08497619628906,20.040481567382812,20.040481567382812,315.4323183829077,0.8,0.7035196
158,15,473,297.0685119628906,167.08226013183594,19.5235595703125,19.5235595703125,299.36972965666496,0.8,0.7200586
158,15,474,298.1073913574219,167.08786010742188,19.69881248474121,19.69881248474121,304.7684270517299,0.8,0.71862483
158,15,475,300.0920715332031,167.1208038330078,19.669816970825195,19.669816970825195,303.87188433284126,0.8,0.715268
158,15,476,301.1072998046875,167.13938903808594,19.489898681640625,19.489898681640625,298.3383230526571,0.8,0.71368206
158,15,477,302.1479187011719,167.10723876953125,18.218463897705078,18.218463897705078,260.6834104112137,0.8,0.7276001
158,15,478,304.094482421875,167.03868103027344,19.261856079101562,19.261856079101562,291.39771942065687,0.8,0.7142686
158,15,479,305.1176452636719,167.07205200195312,19.396093368530273,19.396093368530273,295.47341622899125,0.8,0.71787524
158,15,480,306.1177978515625,167.11041259765625,19.326257705688477,19.326257705688477,293.34954168767445,0.8,0.71526814
158,15,481,308.2222595214844,167.09361267089844,18.89272689819336,18.89272689819336,280.33619527891926,0.8,0.7121721
158,15,482,309.2748107910156,168.15126037597656,19.86109733581543,19.86109733581543,309.81066289830335,0.8,0.6940392
158,15,483,310.29498291015625,168.1366729736328,19.778030395507812,19.778030395507812,307.22458153543715,0.8,0.6905
158,15,484,312.2513122558594,168.09263610839844,20.155427932739258,20.155427932739258,319.06115140049724,0.8,0.69095093
158,15,485,313.2099914550781,168.0648193359375,20.221771240234375,20.221771240234375,321.16504218177306,0.8,0.6752194
158,15,486,314.2076110839844,168.06114196777344,20.418567657470703,20.418567657470703,327.4465570180108,0.8,0.66402566
158,15,487,316.1805419921875,168.10218811035156,20.475854873657227,20.475854873657227,329.2865309915266,0.8,0.66681784
158,15,488,317.1952819824219,168.0730743408203,20.36542320251465,20.36542320251465,325.74425129388453,0.8,0.67867416
158,15,489,318.22467041015625,168.0737762451172,20.4075870513916,20.4075870513916,327.094466223756,0.8,0.67797387
158,15,490,319.2026062011719,168.04380798339844,20.45644187927246,20.45644187927246,328.66243912263525,0.8,0.66343874
158,15,491,321.1373596191406,169.02764892578125,19.815723419189453,19.815723419189453,308.39671627343955,0.8,0.7129618
158,15,492,322.1805419921875,169.02096557617188,18.355180740356445,18.355180740356445,264.61058439810785,0.8,0.73489285
158,15,493,323.08258056640625,169.02618408203125,18.542661666870117,18.542661666870117,270.04368746929873,0.8,0.72222036
158,15,494,325.0646667480469,169.07188415527344,17.42873191833496,17.42873191833496,238.57309297157502,0.8,0.7632947
158,15,495,326.0357971191406,169.01309204101562,16.00844383239746,16.00844383239746,201.27420248192905,0.8,0.7866881
158,15,496,327.0535583496094,169.1619110107422,16.213598251342773,16.213598251342773,206.46607258072976,0.8,0.7806085
158,15,497,328.9085388183594,168.9997100830078,14.484667778015137,14.484667778015137,164.7809334127382,0.8,0.8076515
158,15,498,330.03912353515625,168.9427947998047,15.234850883483887,15.234850883483887,182.29144892783498,0.8,0.8101089
158,15,499,330.9433898925781,168.97158813476562,15.15267276763916,15.15267276763916,180.3301609289174,0.8,0.8073725
158,15,500,332.9811096191406,169.94960021972656,15.480207443237305,15.480207443237305,188.21032026263742,0.8,0.8132113
168,16,354,287.0957336425781,303.889404296875,30.26618766784668,30.26618766784668,719.4577954581623,0.8,0.7522067
168,16,355,287.30633544921875,304.1132507324219,29.072885513305664,29.072885513305664,663.8441882871216,0.8,0.7760276
168,16,360,289.968017578125,312.3542175292969,17.91391944885254,17.91391944885254,252.04095438830177,0.8,0.8585672
168,16,361,291.1037902832031,312.53314208984375,19.675247192382812,19.675247192382812,304.03968654766277,0.8,0.82438594
168,16,362,293.08709716796875,313.5460510253906,21.95783042907715,21.95783042907715,378.6768319801079,0.8,0.79355854
168,16,363,294.1596374511719,314.62506103515625,22.46609878540039,22.46609878540039,396.4105550463037,0.8,0.78699535
168,16,364,295.238525390625,314.6341247558594,22.73676300048828,22.73676300048828,406.01974222211425,0.8,0.783654
168,16,365,296.28424072265625,315.6495666503906,23.104549407958984,23.104549407958984,419.2614072914723,0.8,0.78905815
168,16,366,297.2257995605469,315.5528259277344,23.410966873168945,23.410966873168945,430.4558181552667,0.8,0.78314155
168,16,367,299.33355712890625,316.515869140625,23.339344024658203,23.339344024658203,427.8259984570718,0.8,0.7748502
168,16,368,300.3049621582031,316.5218200683594,23.3493709564209,23.3493709564209,428.19367833407455,0.8,0.78483945
168,16,369,301.33428955078125,317.43182373046875,23.549055099487305,23.549055099487305,435.5488316175717,0.8,0.7773761
168,16,370,302.42462158203125,318.3831787109375,23.680932998657227,23.680932998657227,440.44075602720767,0.8,0.77721953
168,16,371,304.3561706542969,318.39501953125,23.37795066833496,23.37795066833496,429.2425409743164,0.8,0.7788739
168,16,372,305.37860107421875,319.42059326171875,23.41551399230957,23.41551399230957,430.6230495205757,0.8,0.77591234
168,16,373,306.3642883300781,319.3706359863281,23.46073341369629,23.46073341369629,432.28787119002925,0.8,0.7785471
168,16,374,307.3642578125,320.4490051269531,23.451950073242188,23.451950073242188,431.9642478212884,0.8,0.77595997
168,16,375,308.4216613769531,320.39447021484375,23.244470596313477,23.244470596313477,424.3548792817826,0.8,0.7776076
168,16,376,310.4266662597656,321.253173828125,21.6361083984375,21.6361083984375,367.66152022580184,0.8,0.80727595
168,16,377,311.3890075683594,322.3769836425781,21.529123306274414,21.529123306274414,364.03452300342906,0.8,0.8074056
168,16,378,312.4092102050781,322.2861328125,21.837806701660156,21.837806701660156,374.5483742717617,0.8,0.81148106
168,16,379,313.3656921386719,323.3472900390625,21.966266632080078,21.966266632080078,378.9678633112196,0.8,0.8101118
168,16,380,314.3822937011719,323.3416442871094,22.076187133789062,22.076187133789062,382.77010824969744,0.8,0.8149409
168,16,381,316.3259582519531,324.1437072753906,22.52412223815918,22.52412223815918,398.4608274989324,0.8,0.80629313
168,16,382,317.27435302734375,324.1396789550781,22.245304107666016,22.245304107666016,388.65707312403134,0.8,0.8138956
168,16,383,318.1974182128906,325.1412353515625,22.69986343383789,22.69986343383789,404.70295008161327,0.8,0.80048186
168,16,384,319.16314697265625,325.9637145996094,22.621931076049805,22.621931076049805,401.9288968251403,0.8,0.801631
168,16,385,320.15338134765625,326.1540222167969,22.90199851989746,22.90199851989746,411.94254323485,0.8,0.80469257
168,16,386,321.9878845214844,327.09136962890625,23.4763240814209,23.4763240814209,432.8626099109582,0.8,0.8057008
168,16,387,323.0428771972656,326.9961242675781,24.0262393951416,24.0262393951416,453.379084760304,0.8,0.78722876
168,16,388,323.9073486328125,327.90301513671875,23.308774948120117,23.308774948120117,426.70602859348014,0.8,0.8033656
168,16,389,324.7613525390625,328.96026611328125,23.413387298583984,23.413387298583984,430.54483114370925,0.8,0.80811745
168,16,390,325.704345703125,328.9377746582031,23.3452205657959,23.3452205657959,428.0414675457014,0.8,0.808021
168,16,391,327.6593017578125,329.7251892089844,23.066652297973633,23.066652297973633,417.88715284230693,0.8,0.803588
168,16,392,328.7685241699219,329.72265625,23.020957946777344,23.020957946777344,416.23314872577646,0.8,0.8007784
168,16,393,329.6337585449219,330.6861267089844,22.731760025024414,22.731760025024414,405.8410814932549,0.8,0.80668837
168,16,394,330.7871398925781,330.6328430175781,22.52329444885254,22.52329444885254,398.4315401821981,0.8,0.80986595
168,16,395,331.7213439941406,331.8309631347656,22.34250831604004,22.34250831604004,392.0610853758479,0.8,0.8105867
168,16,396,333.75201416015625,332.7592468261719,22.24919891357422,22.24919891357422,388.7931806255351,0.8,0.8106223
168,16,397,334.65960693359375,332.59942626953125,23.730220794677734,23.730220794677734,442.27606760461305,0.8,0.7812296
168,16,398,335.70220947265625,333.7745666503906,21.935640335083008,21.935640335083008,377.91185397890365,0.8,0.8081673
168,16,399,336.81304931640625,333.70672607421875,24.00927734375,24.00927734375,452.73915733508676,0.8,0.7806032
168,16,400,337.858642578125,334.6354064941406,23.693323135375977,23.693323135375977,440.90176394427783,0.8,0.78888893
168,16,401,339.7398681640625,334.75848388671875,22.1346435546875,22.1346435546875,384.7998967036311,0.8,0.8056555
168,16,402,340.8454895019531,335.7292785644531,22.01392364501953,22.01392364501953,380.61402997780027,0.8,0.8056555
168,16,403,341.75482177734375,336.8624267578125,22.001453399658203,22.001453399658203,380.1829386299953,0.8,0.80491817
168,16,404,342.90277099609375,336.7534484863281,23.752552032470703,23.752552032470703,443.1088638333016,0.8,0.784193
168,16,405,343.9012145996094,337.8977966308594,23.715953826904297,23.715953826904297,441.74442134284084,0.8,0.7956633
168,16,406,345.8500671386719,337.77947998046875,23.930084228515625,23.930084228515625,449.7574188233093,0.8,0.7786833
168,16,407,346.8929138183594,338.8359069824219,22.234615325927734,22.234615325927734,388.2836664445672,0.8,0.80225533
168,16,408,347.8886413574219,338.84283447265625,22.419933319091797,22.419933319091797,394.7830650650077,0.8,0.7958189
168,16,409,348.9006042480469,339.7813720703125,23.872024536132812,23.872024536132812,447.5776438221311,0.8,0.77847224
168,16,410,349.9622497558594,340.6530456542969,23.85280418395996,23.85280418395996,446.85720749953794,0.8,0.785081
168,16,411,351.9001159667969,340.7073059082031,23.847572326660156,23.847572326660156,446.6612023062635,0.8,0.7762119
168,16,412,353.0263671875,341.59930419921875,23.549631118774414,23.549631118774414,435.57013927469825,0.8,0.7860614
168,16,413,353.95672607421875,341.6080017089844,23.816659927368164,23.816659927368164,445.50398425921543,0.8,0.7898337
168,16,414,354.9443664550781,342.6429748535156,23.502899169921875,23.502899169921875,433.84316146606346,0.8,0.78999007
168,16,415,356.0179138183594,342.7185974121094,23.537206649780273,23.537206649780273,435.11065860720987,0.8,0.78682154
168,16,416,358.05340576171875,343.74664306640625,23.622608184814453,23.622608184814453,438.27386587284644,0.8,0.79040927
168,16,417,359.0307922363281,344.75494384765625,23.437406539916992,23.437406539916992,431.42865581637443,0.8,0.7993921
168,16,418,360.13482666015625,344.8369140625,23.216976165771484,23.216976165771484,423.35158730411604,0.8,0.79749435
168,16,419,361.140869140625,345.8526916503906,23.831459045410156,23.831459045410156,446.05780788185797,0.8,0.78300655
168,16,420,362.0601501464844,345.78900146484375,23.71392822265625,23.71392822265625,441.66896486572995,0.8,0.79014635
168,16,421,364.1967468261719,346.87237548828125,23.844745635986328,23.844745635986328,446.5553216564237,0.8,0.7847767
168,16,422,365.2000427246094,346.888427734375,23.697669982910156,23.697669982910156,441.0635570824429,0.8,0.7924198
168,16,423,366.1583557128906,347.8022766113281,23.717226028442383,23.717226028442383,441.7918158528667,0.8,0.78449756
168,16,424,367.29559326171875,348.88836669921875,23.70549774169922,23.70549774169922,441.354987366964,0.8,0.7932296
168,16,425,369.27154541015625,348.9078674316406,23.831632614135742,23.831632614135742,446.06430534112326,0.8,0.7863834
168,16,426,370.2074890136719,349.8985290527344,23.79972267150879,23.79972267150879,444.8705678227641,0.8,0.78219634
168,16,427,371.3529968261719,349.924560546875,23.72355079650879,23.72355079650879,442.02747607214644,0.8,0.7904518
168,16,428,372.3818359375,351.00689697265625,23.937849044799805,23.937849044799805,450.0493400955535,0.8,0.78743964
168,16,429,373.23345947265625,350.9417419433594,24.142715454101562,24.142715454101562,457.78558473767254,0.8,0.7759869
168,16,430,375.23779296875,352.01580810546875,22.352052688598633,22.352052688598633,392.39612173513706,0.8,0.80686665
168,16,431,376.19354248046875,353.01080322265625,24.017745971679688,24.017745971679688,453.05859682525227,0.8,0.7839257
168,16,432,377.1805114746094,352.9386291503906,24.030475616455078,24.030475616455078,453.5389752390671,0.8,0.7780501
168,16,433,378.1439514160156,353.98736572265625,22.30272102355957,22.30272102355957,390.6659725669995,0.8,0.7914081
168,16,434,379.19171142578125,354.0047912597656,22.336095809936523,22.336095809936523,391.8360673713105,0.8,0.8024491
168,16,435,381.03173828125,354.98345947265625,24.091989517211914,24.091989517211914,455.86391130993223,0.8,0.7657788
168,16,436,382.0630187988281,354.94000244140625,22.222890853881836,22.222890853881836,387.87428488664204,0.8,0.79960716
168,16,437,383.07891845703125,355.9592590332031,22.23216438293457,22.23216438293457,388.198069399921,0.8,0.7963379
168,16,438,383.9480285644531,357.07440185546875,22.486831665039062,22.486831665039062,397.14254903776305,0.8,0.7928389
168,16,439,384.9024353027344,357.0705871582031,22.429317474365234,22.429317474365234,395.1136174226402,0.8,0.79229033
168,16,440,386.91925048828125,358.1114501953125,22.04920196533203,22.04920196533203,381.8349102635875,0.8,0.8079565
168,16,441,387.8914489746094,358.0644836425781,22.208370208740234,22.208370208740234,387.36756910189285,0.8,0.80184454
168,16,442,388.7721862792969,359.13397216796875,21.96794891357422,21.96794891357422,379.025911867815,0.8,0.8097958
168,16,443,389.76812744140625,359.1185607910156,23.89267921447754,23.89267921447754,448.35248984091794,0.8,0.78016067
168,16,444,390.8118591308594,360.0223388671875,22.041996002197266,22.041996002197266,381.5853739148027,0.8,0.8047804
168,16,445,392.7005310058594,361.1551513671875,22.22827911376953,22.22827911376953,388.0623991005684,0.8,0.80184734
168,16,446,393.68902587890625,361.03790283203125,22.118587493896484,22.118587493896484,384.2418457297566,0.8,0.7941409
168,16,447,394.7027282714844,362.1241760253906,22.05293083190918,22.05293083190918,381.9640697525844,0.8,0.80212283
168,16,448,395.6618957519531,362.16265869140625,23.928770065307617,23.928770065307617,449.7080217198731,0.8,0.7775395
168,16,449,396.8248596191406,363.1545715332031,23.970827102661133,23.970827102661133,451.290218216708,0.8,0.78112745
168,16,450,398.79888916015625,363.13775634765625,22.243436813354492,22.243436813354492,388.59182729248914,0.8,0.8111651
168,16,451,399.9289855957031,364.064208984375,22.305770874023438,22.305770874023438,390.77282538214246,0.8,0.79234225
168,16,452,400.8968200683594,365.08343505859375,22.387460708618164,22.387460708618164,393.64030048577604,0.8,0.79466987
168,16,453,401.9788818359375,365.0680236816406,22.408388137817383,22.408388137817383,394.3765813836079,0.8,0.79604876
168,16,454,402.8986511230469,366.0267333984375,22.550189971923828,22.550189971923828,399.38365869371864,0.8,0.796968
168,16,455,404.912841796875,366.06890869140625,22.513500213623047,22.513500213623047,398.0851002976292,0.8,0.79647875
168,16,456,405.8676452636719,367.0128479003906,22.492006301879883,22.492006301879883,397.32534979427686,0.8,0.799444
168,16,457,406.9530334472656,367.17962646484375,22.500741958618164,22.500741958618164,397.63404363444295,0.8,0.7927425
168,16,458,407.9561462402344,368.0491638183594,22.360925674438477,22.360925674438477,392.7077187362771,0.8,0.7935728
168,16,459,409.01068115234375,369.1063537597656,22.39227867126465,22.39227867126465,393.8097478710255,0.8,0.79580414
168,16,460,411.0350341796875,369.1176452636719,22.499351501464844,22.499351501464844,397.58490072012614,0.8,0.7958783
168,16,461,411.9576416015625,370.1435241699219,22.400354385375977,22.400354385375977,394.0938519112705,0.8,0.7932317
168,16,462,412.9617614746094,370.08856201171875,22.68524742126465,22.68524742126465,404.18195671972853,0.8,0.79826534
168,16,463,413.9685974121094,371.095947265625,22.716794967651367,22.716794967651367,405.30690060341385,0.8,0.79391384
168,16,464,415.0374755859375,371.0728759765625,22.762378692626953,22.762378692626953,406.9351175032261,0.8,0.7944031
168,16,465,417.11126708984375,372.1659240722656,23.582359313964844,23.582359313964844,436.78165127098725,0.8,0.794959
168,16,466,418.0025634765625,373.2819519042969,23.539091110229492,23.539091110229492,435.1803339653082,0.8,0.7890452
168,16,467,418.98968505859375,373.2313537597656,23.73188591003418,23.73188591003418,442.3381375293574,0.8,0.79176617
168,16,468,419.9358215332031,374.2432556152344,23.571434020996094,23.571434020996094,436.377038479229,0.8,0.7903595
168,16,469,421.0206298828125,374.1581726074219,23.56509780883789,23.56509780883789,436.1424659140658,0.8,0.7963379
168,16,470,422.90057373046875,375.0169677734375,24.078258514404297,24.078258514404297,455.3444286927761,0.8,0.7773595
168,16,471,423.8875732421875,375.1398010253906,23.696557998657227,23.696557998657227,441.0221653149525,0.8,0.79613775
168,16,472,424.9817199707031,376.18646240234375,23.31262969970703,23.31262969970703,426.8471755868275,0.8,0.79625636
168,16,473,425.9302062988281,377.1795959472656,23.607755661010742,23.607755661010742,437.72291683409037,0.8,0.79953295
168,16,474,427.9888916015625,377.2093200683594,23.18219757080078,23.18219757080078,422.0841918033776,0.8,0.79844326
168,16,475,428.9972229003906,378.17156982421875,23.494693756103516,23.494693756103516,433.5402846821783,0.8,0.79748696
168,16,476,430.19891357421875,378.22027587890625,22.895185470581055,22.895185470581055,411.69748449914715,0.8,0.7929649
168,16,477,431.0050354003906,379.21527099609375,23.093687057495117,23.093687057495117,418.86727765783394,0.8,0.7944179
168,16,478,432.0863037109375,379.287109375,22.726346969604492,22.726346969604492,405.64782072511105,0.8,0.79092634
168,16,479,434.2132263183594,380.15576171875,22.719921112060547,22.719921112060547,405.4184599219501,0.8,0.7864043
168,16,480,435.1661376953125,381.1413269042969,22.814321517944336,22.814321517944336,408.79445543171687,0.8,0.78472143
168,16,481,436.15191650390625,381.1915283203125,22.462757110595703,22.462757110595703,396.29263723078196,0.8,0.7844694
168,16,482,437.09130859375,382.0967102050781,22.514690399169922,22.514690399169922,398.12719127877324,0.8,0.78398013
168,16,483,438.17144775390625,382.1344909667969,22.292076110839844,22.292076110839844,390.2931379930087,0.8,0.7894598
168,16,484,440.12945556640625,383.1308898925781,22.462800979614258,22.462800979614258,396.2941851250094,0.8,0.78509957
168,16,485,441.150634765625,383.04998779296875,22.585187911987305,22.585187911987305,400.6243091718281,0.8,0.78739023
168,16,486,442.0929260253906,384.1168212890625,22.45089340209961,22.45089340209961,395.87414374353415,0.8,0.78566295
168,16,487,443.13311767578125,385.0753173828125,22.388671875,22.388671875,393.6828936857109,0.8,0.78747916
168,16,488,444.133544921875,385.0417175292969,22.525074005126953,22.525074005126953,398.494502495194,0.8,0.7871901
168,16,489,446.1307067871094,386.0823974609375,22.511234283447266,22.511234283447266,398.0049716957684,0.8,0.7852255
168,16,490,447.0876770019531,386.0926208496094,22.493207931518555,22.493207931518555,397.367804937104,0.8,0.7879091
168,16,491,448.0246276855469,387.0121765136719,22.379610061645508,22.379610061645508,393.36427193319884,0.8,0.78902847
168,16,492,449.02587890625,386.9718933105469,22.517215728759766,22.517215728759766,398.2165070760261,0.8,0.78621894
168,16,493,449.9516906738281,387.9490966796875,22.473896026611328,22.473896026611328,396.68576482989585,0.8,0.7868268
168,16,494,451.983642578125,388.88409423828125,22.431968688964844,22.431968688964844,395.2070302429734,0.8,0.7862931
168,16,495,452.9577941894531,388.93157958984375,22.317276000976562,22.317276000976562,391.1760439449455,0.8,0.78859115
168,16,496,453.8827819824219,389.8714904785156,22.385520935058594,22.385520935058594,393.57208909041475,0.8,0.7827199
168,16,497,454.9247741699219,389.7576904296875,22.386518478393555,22.386518478393555,393.6071665820731,0.8,0.7861195
168,16,498,455.86920166015625,390.781005859375,22.226757049560547,22.226757049560547,388.0092563752006,0.8,0.79348564
168,16,499,457.884521484375,390.8179016113281,22.203197479248047,22.203197479248047,387.18714034681386,0.8,0.7927322
168,16,500,458.7825622558594,391.753662109375,21.935699462890625,21.935699462890625,377.9138913144154,0.8,0.7938826
174,17,369,129.84713745117188,246.1389617919922,14.735969543457031,14.735969543457031,170.54826743608623,0.8,0.8376296
174,17,370,129.86534118652344,247.96241760253906,15.312445640563965,15.312445640563965,184.1530860903295,0.8,0.84650105
174,17,371,130.81298828125,249.14747619628906,14.983436584472656,14.983436584472656,176.32453595180388,0.8,0.84146404
174,17,372,130.8259735107422,250.1700439453125,16.671363830566406,16.671363830566406,218.28914529113914,0.8,0.8081417
174,17,373,131.97213745117188,252.11398315429688,16.337892532348633,16.337892532348633,209.64376538752157,0.8,0.807721
174,17,374,131.937744140625,253.0083770751953,16.421184539794922,16.421184539794922,211.78677869771064,0.8,0.8091323
174,17,375,145.86875915527344,238.1503143310547,12.912946701049805,12.912946701049805,130.96058254995236,0.8,0.85357934
174,17,376,147.82510375976562,239.13600158691406,13.711921691894531,13.711921691894531,147.66804664691418,0.8,0.84057325
174,17,377,148.9060516357422,241.02728271484375,15.336248397827148,15.336248397827148,184.72605244818885,0.8,0.8217866
174,17,378,149.894287109375,241.98226928710938,15.362492561340332,15.362492561340332,185.3588185138618,0.8,0.8253769
174,17,379,150.92376708984375,243.943359375,15.519427299499512,15.519427299499512,189.1652083069323,0.8,0.8231112
174,17,380,151.95057678222656,244.98873901367188,15.769298553466797,15.769298553466797,195.30557144303447,0.8,0.8253769
174,17,381,153.98606872558594,246.95872497558594,16.049924850463867,16.049924850463867,202.31863577495082,0.8,0.7956315
174,17,382,155.03944396972656,247.9479522705078,15.971085548400879,15.971085548400879,200.33588702854482,0.8,0.80588233
174,17,383,156.0115966796875,249.9813995361328,17.19572639465332,17.19572639465332,232.23674403019098,0.8,0.7969062
174,17,384,157.03273010253906,250.95030212402344,16.906475067138672,16.906475067138672,224.4894924742812,0.8,0.7914513
174,17,385,158.0290985107422,252.93606567382812,17.012102127075195,17.012102127075195,227.3033538572938,0.8,0.7918719
174,17,386,160.03660583496094,253.97926330566406,17.01120948791504,17.01120948791504,227.27950089071632,0.8,0.79324245
174,17,387,161.0618438720703,255.87950134277344,17.410947799682617,17.410947799682617,238.08646576895876,0.8,0.79799175
174,17,388,162.14369201660156,256.8468017578125,18.254261016845703,18.254261016845703,261.7088407668354,0.8,0.76947474
174,17,389,163.00254821777344,258.7798767089844,18.35472297668457,18.35472297668457,264.59738620583585,0.8,0.7587776
174,17,390,164.149658203125,259.7728576660156,18.166189193725586,18.166189193725586,259.1895854843837,0.8,0.76512957
174,17,391,166.14271545410156,261.7384338378906,19.551969528198242,19.551969528198242,300.2416269682448,0.8,0.73160994
174,17,392,167.10667419433594,262.6869201660156,19.131824493408203,19.131824493408203,287.47670456835255,0.8,0.74027485
174,17,393,168.19578552246094,264.6539611816406,18.909852981567383,18.909852981567383,280.84467000973564,0.8,0.74293625
174,17,394,169.1268310546875,265.65264892578125,20.32891845703125,20.32891845703125,324.57751358844735,0.8,0.7091316
174,17,395,170.1571502685547,267.7710266113281,20.46725845336914,20.46725845336914,329.0100989473624,0.8,0.70003116
174,17,396,172.1141357421875,268.8094482421875,21.085105895996094,21.085105895996094,349.1736433130055,0.8,0.7059357
174,17,397,173.0592498779297,270.86395263671875,20.788705825805664,20.788705825805664,339.4257519717383,0.8,0.70907474
174,17,398,174.104736328125,271.95477294921875,21.200716018676758,21.200716018676758,353.01319501356545,0.8,0.70436174
174,17,399,175.0878448486328,273.94854736328125,21.357206344604492,21.357206344604492,358.243870709255,0.8,0.7064248
174,17,400,176.10952758789062,274.91314697265625,21.199026107788086,21.199026107788086,352.9569198325183,0.8,0.70654935
174,17,401,178.18246459960938,276.9295654296875,21.26104736328125,21.26104736328125,355.02520861281647,0.8,0.7105154
174,17,402,179.1457061767578,277.9468078613281,21.705501556396484,21.705501556396484,370.02369252733683,0.8,0.71375215
174,17,403,180.09280395507812,280.01605224609375,21.730867385864258,21.730867385864258,370.8890438525016,0.8,0.71872306
174,17,404,181.18788146972656,280.9617614746094,22.06450843811035,22.06450843811035,382.3652309799312,0.8,0.6933641
174,17,405,182.16867065429688,283.0840148925781,21.947010040283203,21.947010040283203,378.303714882246,0.8,0.6984687
174,17,406,184.1952362060547,284.0586242675781,21.93873405456543,21.93873405456543,378.01846000397535,0.8,0.69675905
174,17,407,185.2278289794922,286.0411682128906,22.034027099609375,22.034027099609375,381.3095126002431,0.8,0.6959893
174,17,408,186.1165771484375,287.0289611816406,22.23695945739746,22.23695945739746,388.3655420180906,0.8,0.6719671
174,17,409,187.09860229492188,288.9998779296875,22.478012084960938,22.478012084960938,396.8310828711699,0.8,0.67730457
174,17,410,188.1258087158203,289.98260498046875,22.537612915039062,22.537612915039062,398.93828149501064,0.8,0.6825234
174,17,411,190.12832641601562,291.93963623046875,22.56202507019043,22.56202507019043,399.80298866210927,0.8,0.6803662
174,17,412,191.1331787109375,292.93896484375,22.52872657775879,22.52872657775879,398.62374940686095,0.8,0.6800994
174,17,413,192.0519256591797,294.9920349121094,22.528539657592773,22.528539657592773,398.61713469581167,0.8,0.6800697
174,17,414,193.041015625,296.0530090332031,22.564559936523438,22.564559936523438,399.8928302488949,0.8,0.6772379
174,17,415,194.12303161621094,298.0461730957031,22.652738571166992,22.652738571166992,403.02436952692403,0.8,0.68256056
174,17,416,196.00062561035156,299.01129150390625,22.66429901123047,22.66429901123047,403.43582776272257,0.8,0.680433
174,17,417,197.0584259033203,300.9795837402344,22.74720573425293,22.74720573425293,406.3927882667651,0.8,0.68204904
174,17,418,198.01406860351562,302.0019836425781,22.627662658691406,22.627662658691406,402.1325912415304,0.8,0.6791504
174,17,419,199.00454711914062,304.01422119140625,22.715463638305664,22.715463638305664,405.25939556056954,0.8,0.67738616
174,17,420,199.99974060058594,304.9833984375,22.715463638305664,22.715463638305664,405.25939556056954,0.8,0.6795953
174,17,421,200.96754455566406,307.0383605957031,22.66429901123047,22.66429901123047,403.43582776272257,0.8,0.6840506
174,17,422,203.02500915527344,308.01959228515625,22.715463638305664,22.715463638305664,405.25939556056954,0.8,0.6810334
174,17,423,203.984619140625,309.9897766113281,22.803508758544922,22.803508758544922,408.40705415664445,0.8,0.6825309
174,17,424,204.92408752441406,310.97332763671875,22.721473693847656,22.721473693847656,405.4738709263037,0.8,0.6844509
174,17,425,205.9446563720703,313.008056640625,22.716421127319336,22.716421127319336,405.2935607973574,0.8,0.67807555
174,17,426,206.97647094726562,313.95196533203125,22.729324340820312,22.729324340820312,405.7541152616851,0.8,0.6794766
174,17,427,208.98312377929688,315.92718505859375,22.767868041992188,22.767868041992188,407.13141319011794,0.8,0.67951375
174,17,428,210.042236328125,316.9256286621094,22.850215911865234,22.850215911865234,410.081802264054,0.8,0.686319
174,17,429,210.99020385742188,318.8751220703125,22.6950740814209,22.6950740814209,404.53219481831115,0.8,0.6787057
174,17,430,212.0830535888672,319.8704528808594,22.86279296875,22.86279296875,410.5333552459282,0.8,0.68092215
174,17,431,213.1049041748047,321.84625244140625,22.864301681518555,22.864301681518555,410.58753912032404,0.8,0.6782387
174,17,432,214.99313354492188,322.8710021972656,22.677204132080078,22.677204132080078,403.8953937414788,0.8,0.6778458
174,17,433,216.0864715576172,324.8165283203125,22.93101692199707,22.93101692199707,412.987123476667,0.8,0.68718636
174,17,434,217.11050415039062,325.8072204589844,23.00612449645996,23.00612449645996,415.6969256375925,0.8,0.6857407
174,17,435,218.09165954589844,327.7934265136719,22.71459197998047,22.71459197998047,405.2282941968415,0.8,0.6768449
174,17,436,219.02264404296875,328.80902099609375,22.86113739013672,22.86113739013672,410.4739009495781,0.8,0.6795433
174,17,437,220.96646118164062,330.84625244140625,22.703227996826172,22.703227996826172,404.8229287310456,0.8,0.6757181
174,17,438,222.0288543701172,331.8001708984375,22.680709838867188,22.680709838867188,404.0202811183393,0.8,0.67853516
174,17,439,222.99505615234375,333.89312744140625,22.68404769897461,22.68404769897461,404.1392070620823,0.8,0.6799733
174,17,440,224.01296997070312,334.88818359375,22.70250701904297,22.70250701904297,404.7972175235106,0.8,0.6783498
174,17,441,224.9678955078125,336.84869384765625,22.65752410888672,22.65752410888672,403.1946705296244,0.8,0.6759925
174,17,442,226.96546936035156,337.8896484375,22.65223503112793,22.65223503112793,403.0064523421557,0.8,0.67696357
174,17,443,228.01744079589844,339.9237976074219,22.571060180664062,22.571060180664062,400.1232602189766,0.8,0.67652625
174,17,444,228.99107360839844,340.90252685546875,22.66429901123047,22.66429901123047,403.43582776272257,0.8,0.6753846
174,17,445,229.97177124023438,342.9120178222656,22.767868041992188,22.767868041992188,407.13141319011794,0.8,0.67625195
174,17,446,231.0489959716797,343.8987121582031,22.59343910217285,22.59343910217285,400.91708789155695,0.8,0.67748994
174,17,447,233.08517456054688,344.9325866699219,22.65752410888672,22.65752410888672,403.1946705296244,0.8,0.67386484
174,17,448,234.08718872070312,346.971923828125,22.627662658691406,22.627662658691406,402.1325912415304,0.8,0.674621
174,17,449,235.0609893798828,348.0046081542969,22.66429901123047,22.66429901123047,403.43582776272257,0.8,0.6778458
174,17,450,236.0641632080078,349.9817199707031,22.715463638305664,22.715463638305664,405.25939556056954,0.8,0.6746358
174,17,451,237.0416259765625,351.01629638671875,22.715463638305664,22.715463638305664,405.25939556056954,0.8,0.6749842
174,17,452,238.95335388183594,352.998046875,22.74720573425293,22.74720573425293,406.3927882667651,0.8,0.67740095
174,17,453,239.9846954345703,353.9820251464844,22.715463638305664,22.715463638305664,405.25939556056954,0.8,0.67576265
174,17,454,241.02420043945312,355.936279296875,22.775253295898438,22.775253295898438,407.39557991047644,0.8,0.677994
174,17,455,241.97032165527344,357.016357421875,22.715463638305664,22.715463638305664,405.25939556056954,0.8,0.6748805
174,17,456,243.0089111328125,359.027099609375,22.715463638305664,22.715463638305664,405.25939556056954,0.8,0.6731458
174,17,457,244.97494506835938,360.0374755859375,22.66429901123047,22.66429901123047,403.43582776272257,0.8,0.6776234
174,17,458,245.97706604003906,361.98944091796875,22.715463638305664,22.715463638305664,405.25939556056954,0.8,0.6794174
174,17,459,247.023193359375,362.9339904785156,22.715463638305664,22.715463638305664,405.25939556056954,0.8,0.6777568
174,17,460,247.9897003173828,364.9455261230469,22.66429901123047,22.66429901123047,403.43582776272257,0.8,0.6783498
174,17,461,248.96469116210938,365.93035888671875,22.715463638305664,22.715463638305664,405.25939556056954,0.8,0.676882
174,17,462,250.96473693847656,367.9557800292969,21.627830505371094,21.627830505371094,367.3802422358445,0.8,0.72253793
174,17,463,251.8916778564453,368.99945068359375,21.623023986816406,21.623023986816406,367.2169689260558,0.8,0.7240851
174,17,464,252.92140197753906,370.94775390625,20.210845947265625,20.210845947265625,320.81810182000584,0.8,0.7238628
174,17,465,253.88467407226562,371.9215393066406,18.440216064453125,18.440216064453125,267.0680233816054,0.8,0.7648253
174,17,466,255.0301513671875,373.9938659667969,16.830402374267578,16.830402374267578,222.4738033397094,0.8,0.8020897
174,17,467,257.00469970703125,374.95892333984375,14.894571304321289,14.894571304321289,174.23921151118208,0.8,0.83646184
174,17,471,263.77398681640625,382.5931396484375,20.6513671875,20.6513671875,334.9557971839937,0.8,0.79285717
174,17,472,265.36566162109375,383.019287109375,19.36341667175293,19.36341667175293,294.4786837278984,0.8,0.8081218
174,17,473,265.85467529296875,383.20135498046875,20.999271392822266,20.999271392822266,346.33655611217006,0.8,0.76869863
174,17,474,266.5563659667969,383.81427001953125,21.777612686157227,21.777612686157227,372.4863999624866,0.8,0.75027555
174,17,475,267.22601318359375,383.3695373535156,23.28549575805664,23.28549575805664,425.85412536119105,0.8,0.74049443
174,17,476,268.1904296875,383.98309326171875,25.83832550048828,25.83832550048828,524.3467872402986,0.8,0.71088386
174,17,477,269.2069396972656,383.5596923828125,28.608427047729492,28.608427047729492,642.8029207304417,0.8,0.6528253
174,17,479,270.8746337890625,392.8962097167969,14.417266845703125,14.417266845703125,163.25096417221746,0.8,0.82999563
174,17,480,271.9339599609375,395.02630615234375,16.314369201660156,16.314369201660156,209.04050895107815,0.8,0.7948979
174,17,481,272.86590576171875,396.0252990722656,17.989959716796875,17.989959716796875,254.18520179507306,0.8,0.77280325
174,17,482,274.0162658691406,398.0318298339844,18.14333152770996,18.14333152770996,258.5377435735117,0.8,0.75451636
174,17,483,275.9393005371094,399.0072937011719,16.235578536987305,16.235578536987305,207.0262516748261,0.8,0.7908813
174,17,484,276.99957275390625,401.0743103027344,16.28191566467285,16.28191566467285,208.20966392986236,0.8,0.7920754
174,17,485,278.04486083984375,401.8973693847656,14.339083671569824,14.339083671569824,161.48518272973342,0.8,0.8229716
174,17,486,278.9989318847656,403.9281921386719,14.340154647827148,14.340154647827148,161.5093060641407,0.8,0.8297517
174,17,487,279.91107177734375,404.9359130859375,14.276841163635254,14.276841163635254,160.08628891122515,0.8,0.8277821
174,17,488,281.97662353515625,406.9335632324219,14.281179428100586,14.281179428100586,160.18359365364037,0.8,0.82318074
174,17,490,284.03118896484375,409.99615478515625,14.300796508789062,14.300796508789062,160.6239624204671,0.8,0.8280088
174,17,491,285.01080322265625,410.970703125,14.335163116455078,14.335163116455078,161.396889081165,0.8,0.8256558
174,17,492,285.9466857910156,413.0629577636719,14.206633567810059,14.206633567810059,158.51568400038065,0.8,0.8227102
174,17,493,288.121337890625,413.9487609863281,14.283207893371582,14.283207893371582,160.22910109009135,0.8,0.8216121
174,17,494,289.01751708984375,416.07421875,15.40025520324707,15.40025520324707,186.27120191626628,0.8,0.8194335
174,17,495,290.01678466796875,416.98095703125,15.9774751663208,15.9774751663208,200.49621749966678,0.8,0.80733764
174,17,496,290.9467468261719,419.0009765625,16.422334671020508,16.422334671020508,211.81644660832393,0.8,0.7874076
174,17,497,292.0762023925781,420.151123046875,16.330097198486328,16.330097198486328,209.44375755112094,0.8,0.7827669
174,17,498,294.0416259765625,422.0948181152344,18.320981979370117,18.320981979370117,263.6254757216345,0.8,0.73660314
174,17,499,295.10992431640625,423.2057189941406,19.118881225585938,19.118881225585938,287.08786247610146,0.8,0.7344848
174,17,500,296.14739990234375,425.2233581542969,20.449256896972656,20.449256896972656,328.4316053232267,0.8,0.6885687
176,18,377,81.95658111572266,319.2499694824219,15.36797046661377,15.36797046661377,185.4910313140156,0.8,0.838379
176,18,378,81.98115539550781,319.1344909667969,15.542648315429688,15.542648315429688,189.7317104672376,0.8,0.8381002
176,18,379,82.82112121582031,319.08538818359375,15.243701934814453,15.243701934814453,182.50332361912274,0.8,0.83395207
176,18,380,82.87464904785156,319.1356201171875,16.911420822143555,16.911420822143555,224.62085426597284,0.8,0.80489856
176,18,381,82.84135437011719,319.0387268066406,17.230628967285156,17.230628967285156,233.18045361998335,0.8,0.8059434
176,18,382,83.88212585449219,319.097412109375,16.73409652709961,16.73409652709961,219.93503715479886,0.8,0.8048308
176,18,383,83.90689849853516,319.093994140625,18.46661949157715,18.46661949157715,267.833367928915,0.8,0.7692358
176,18,384,84.8944091796875,319.2322998046875,18.469432830810547,18.469432830810547,267.91498151494847,0.8,0.76360875
176,18,385,84.92018127441406,319.1686096191406,18.6225643157959,18.6225643157959,272.37600585841847,0.8,0.7656727
176,18,386,85.92955017089844,318.2514343261719,20.278690338134766,20.278690338134766,322.9755810918489,0.8,0.7431466
176,18,387,85.95354461669922,318.1976623535156,20.38139533996582,20.38139533996582,326.25539924648274,0.8,0.74677867
176,18,388,86.92325592041016,318.1842346191406,20.472007751464844,20.472007751464844,329.1628060949138,0.8,0.73788625
176,18,389,86.9539794921875,318.1899108886719,22.091615676879883,22.091615676879883,383.3053137824733,0.8,0.7171204
176,18,390,87.96699523925781,318.02740478515625,22.525634765625,22.525634765625,398.5143437403015,0.8,0.69666034
176,18,391,87.99130249023438,318.0206604003906,22.627662658691406,22.627662658691406,402.1325912415304,0.8,0.70398456
176,18,392,88.99453735351562,318.0348205566406,22.411991119384766,22.411991119384766,394.50341297706143,0.8,0.69979614
176,18,393,88.9937973022461,318.05938720703125,22.54343032836914,22.54343032836914,399.144256138967,0.8,0.69973683
176,18,394,89.98165130615234,318.0703430175781,22.473896026611328,22.473896026611328,396.68576482989585,0.8,0.69863236
176,18,395,89.9491958618164,318.0812683105469,22.640947341918945,22.640947341918945,402.6049133167407,0.8,0.70292455
176,18,396,89.94783020019531,318.0254211425781,22.571060180664062,22.571060180664062,400.1232602189766,0.8,0.69863236
176,18,397,90.99959564208984,318.0886535644531,22.587312698364258,22.587312698364258,400.6996931907322,0.8,0.70271695
176,18,398,91.03614044189453,318.09637451171875,22.492006301879883,22.492006301879883,397.32534979427686,0.8,0.69754994
176,18,399,91.96694946289062,318.08819580078125,22.361831665039062,22.361831665039062,392.73954181147883,0.8,0.6964084
176,18,400,91.93449401855469,317.165283203125,22.343976974487305,22.343976974487305,392.1126304165057,0.8,0.6978613
176,18,401,92.99823760986328,317.1053771972656,22.333948135375977,22.333948135375977,391.7607188499764,0.8,0.6971941
176,18,402,93.0835952758789,317.0833435058594,22.29759407043457,22.29759407043457,390.486380497469,0.8,0.70176065
176,18,403,94.02281188964844,317.12677001953125,22.363306045532227,22.363306045532227,392.79133243553474,0.8,0.7000705
176,18,404,94.00299072265625,317.12628173828125,22.34213638305664,22.34213638305664,392.04803229932054,0.8,0.7016865
176,18,405,94.96302795410156,317.1421203613281,22.400901794433594,22.400901794433594,394.1131134976129,0.8,0.7014196
176,18,406,95.02562713623047,317.0887145996094,22.52872657775879,22.52872657775879,398.62374940686095,0.8,0.70338416
176,18,407,96.0147476196289,317.07891845703125,22.425474166870117,22.425474166870117,394.978222038779,0.8,0.699937
176,18,408,96.00918579101562,317.1642761230469,22.463396072387695,22.463396072387695,396.3151829453443,0.8,0.69820976
176,18,409,96.02082061767578,317.1018981933594,22.363140106201172,22.363140106201172,392.7855033073196,0.8,0.7015308
176,18,410,97.0794906616211,317.1050720214844,22.295623779296875,22.295623779296875,390.4173741409715,0.8,0.6992179
176,18,411,96.98802185058594,317.0777282714844,22.538026809692383,22.538026809692383,398.9529343278999,0.8,0.7023537
176,18,412,98.0206069946289,317.1275939941406,22.347938537597656,22.347938537597656,392.25168503867457,0.8,0.69807625
176,18,413,97.98980712890625,317.08056640625,22.47014617919922,22.47014617919922,396.55339908532557,0.8,0.7013974
176,18,414,98.92086791992188,316.08013916015625,22.424177169799805,22.424177169799805,394.9325355325526,0.8,0.69825417
176,18,415,98.99981689453125,316.1252746582031,22.466960906982422,22.466960906982422,396.44097961226043,0.8,0.7000112
176,18,416,99.99241638183594,316.07183837890625,22.295787811279297,22.295787811279297,390.42311887115403,0.8,0.700367
176,18,417,100.04374694824219,316.08984375,22.27103042602539,22.27103042602539,389.5565436118447,0.8,0.69984066
176,18,418,101.02217864990234,316.0331726074219,22.721473693847656,22.721473693847656,405.4738709263037,0.8,0.7092924
176,18,419,101.04048919677734,316.0841979980469,22.54943084716797,22.54943084716797,399.35676961476634,0.8,0.7060899
176,18,420,102.05968475341797,316.1490173339844,22.50159454345703,22.50159454345703,397.6641780345045,0.8,0.7056377
176,18,421,102.01411437988281,316.1106262207031,22.493709564208984,22.493709564208984,397.38552894556005,0.8,0.7037696
176,18,422,103.0427017211914,316.1159973144531,22.400901794433594,22.400901794433594,394.1131134976129,0.8,0.6981133
176,18,423,103.00576782226562,316.0606994628906,22.627662658691406,22.627662658691406,402.1325912415304,0.8,0.7023314
176,18,424,103.05500793457031,316.0889892578125,22.622650146484375,22.622650146484375,401.9544490009396,0.8,0.70674974
176,18,425,103.98389434814453,316.0675048828125,22.855615615844727,22.855615615844727,410.27563692887156,0.8,0.70915157
176,18,426,104.11817169189453,316.0101623535156,22.612869262695312,22.612869262695312,401.6069547997827,0.8,0.7030654
176,18,427,104.97648620605469,316.04779052734375,22.62743377685547,22.62743377685547,402.1244560327234,0.8,0.702754
176,18,428,105.06246185302734,315.07415771484375,22.688501358032227,22.688501358032227,404.2979155037973,0.8,0.7027244
176,18,429,105.98493194580078,315.0020446777344,23.351316452026367,23.351316452026367,428.2650364555696,0.8,0.70672005
176,18,430,106.02290344238281,315.0748596191406,23.182056427001953,23.182056427001953,422.07905213663844,0.8,0.70692766
176,18,431,107.03474426269531,315.0123596191406,23.217397689819336,23.217397689819336,423.36696006355317,0.8,0.7122503
176,18,432,106.98527526855469,315.02862548828125,23.210872650146484,23.210872650146484,423.12902659128326,0.8,0.7137848
176,18,433,107.9802474975586,314.9673767089844,23.32558822631836,23.32558822631836,427.32184085354686,0.8,0.7108343
176,18,434,107.96110534667969,314.9864807128906,23.14952278137207,23.14952278137207,420.8951938550834,0.8,0.71107155
176,18,435,108.9233627319336,314.9405517578125,22.278135299682617,22.278135299682617,389.8051348493104,0.8,0.7126135
176,18,436,108.90023040771484,314.8904724121094,23.95073127746582,23.95073127746582,450.53386151676403,0.8,0.6861928
176,18,437,109.91036987304688,314.9429626464844,22.449857711791992,22.449857711791992,395.83762015853733,0.8,0.7203158
176,18,438,109.97808074951172,314.90484619140625,22.520042419433594,22.520042419433594,398.316493286876,0.8,0.71848476
176,18,439,109.9029769897461,314.87945556640625,23.892507553100586,23.892507553100586,448.3460473211326,0.8,0.6870507
176,18,440,110.93953704833984,314.8734436035156,22.47869300842285,22.47869300842285,396.8551255388635,0.8,0.71700215
176,18,441,111.0468978881836,314.9935607910156,22.446674346923828,22.446674346923828,395.72536944856756,0.8,0.7157641
176,18,442,112.01797485351562,313.9706115722656,22.38553810119629,22.38553810119629,393.5726927051606,0.8,0.7156381
176,18,443,112.0444107055664,314.04278564453125,23.954904556274414,23.954904556274414,450.690881125261,0.8,0.69645286
176,18,444,113.03656005859375,314.02923583984375,23.886703491210938,23.886703491210938,448.1282458091654,0.8,0.71371806
176,18,445,112.97420501708984,314.00848388671875,22.28542709350586,22.28542709350586,390.06034865439835,0.8,0.71257645
176,18,446,114.0380630493164,314.01043701171875,22.481491088867188,22.481491088867188,396.9539303650382,0.8,0.71189445
176,18,447,114.0846939086914,314.0221252441406,23.895071029663086,23.895071029663086,448.4422604321548,0.8,0.7026357
176,18,448,115.01270294189453,314.0255126953125,23.841880798339844,23.841880798339844,446.44802492407837,0.8,0.7172097
176,18,449,115.08325958251953,314.09649658203125,23.292478561401367,23.292478561401367,426.1095720571513,0.8,0.70918864
176,18,450,116.08209228515625,314.1022033691406,23.492515563964844,23.492515563964844,433.45990140286347,0.8,0.71038955
176,18,451,116.01605224609375,314.0702819824219,23.077865600585938,23.077865600585938,418.2935433327964,0.8,0.7156085
176,18,452,117.00234985351562,314.0408935546875,23.31459617614746,23.31459617614746,426.9191897977799,0.8,0.71414065
176,18,453,116.98664093017578,314.1160888671875,23.044509887695312,23.044509887695312,417.08525167944475,0.8,0.7137774
176,18,454,117.0019760131836,314.0577087402344,23.064767837524414,23.064767837524414,417.8188759520147,0.8,0.71215385
176,18,455,117.97183990478516,314.00750732421875,23.26986312866211,23.26986312866211,425.28252618740254,0.8,0.71758777
176,18,456,118.02454376220703,313.013671875,23.422094345092773,23.422094345092773,430.86511550702426,0.8,0.7141851
176,18,457,118.98462677001953,312.9970703125,23.50095558166504,23.50095558166504,433.77141052139723,0.8,0.7143705
176,18,458,119.07332611083984,313.0599670410156,22.962764739990234,22.962764739990234,414.1314701420275,0.8,0.7075948
176,18,459,119.9732894897461,312.97607421875,22.774959564208984,22.774959564208984,407.38507164356497,0.8,0.70958155
176,18,460,120.01659393310547,312.9943542480469,22.774959564208984,22.774959564208984,407.38507164356497,0.8,0.7063123
176,18,461,120.98573303222656,313.0053405761719,22.72391700744629,22.72391700744629,405.56107945006875,0.8,0.7071945
176,18,462,120.93328094482422,313.00762939453125,22.785062789916992,22.785062789916992,407.7465929228945,0.8,0.7048519
176,18,463,121.9242935180664,313.0495910644531,22.492706298828125,22.492706298828125,397.3500813239158,0.8,0.70414025
176,18,464,121.94412994384766,312.99200439453125,22.698898315429688,22.698898315429688,404.66853771918306,0.8,0.7015531
176,18,465,122.94922637939453,312.9822692871094,22.502988815307617,22.502988815307617,397.71346068833344,0.8,0.7029171
176,18,466,122.97926330566406,312.9864501953125,22.574607849121094,22.574607849121094,400.249051051584,0.8,0.7024501
176,18,467,122.93523406982422,313.0347595214844,22.62720489501953,22.62720489501953,402.1163209062056,0.8,0.7040587
176,18,468,123.97138214111328,312.9841003417969,22.774959564208984,22.774959564208984,407.38507164356497,0.8,0.70508176
176,18,470,124.94265747070312,312.0020751953125,22.627662658691406,22.627662658691406,402.1325912415304,0.8,0.7068312
176,18,471,125.02196502685547,311.9911804199219,22.718149185180664,22.718149185180664,405.3552252082133,0.8,0.7075874
176,18,472,126.04703521728516,312.0264587402344,22.74720573425293,22.74720573425293,406.3927882667651,0.8,0.7095667
176,18,473,125.96463775634766,312.0142822265625,22.70796775817871,22.70796775817871,404.9919764420613,0.8,0.7094259
176,18,474,127.05232238769531,312.0342102050781,22.775569915771484,22.775569915771484,407.4069071551588,0.8,0.70950747
176,18,475,126.99031829833984,312.078369140625,22.700321197509766,22.700321197509766,404.71927266231427,0.8,0.7084918
176,18,476,127.9631576538086,312.0482482910156,22.73882293701172,22.73882293701172,406.09331582480723,0.8,0.7085141
176,18,477,128.04689025878906,312.0389404296875,22.668560028076172,22.668560028076172,403.5875384732712,0.8,0.70576376
176,18,478,128.9994659423828,312.1551818847656,22.889507293701172,22.889507293701172,411.49330172381497,0.8,0.70721674
176,18,479,129.01646423339844,312.087158203125,22.74720573425293,22.74720573425293,406.3927882667651,0.8,0.709374
176,18,480,130.030029296875,312.0553894042969,22.623882293701172,22.623882293701172,401.99823525408135,0.8,0.7049483
176,18,481,129.9830322265625,311.963623046875,22.493011474609375,22.493011474609375,397.36086370310227,0.8,0.70529675
176,18,482,129.930419921875,312.0780334472656,22.616363525390625,22.616363525390625,401.7310813410314,0.8,0.7084177
176,18,483,130.88600158691406,311.0052795410156,22.505878448486328,22.505878448486328,397.8156088793156,0.8,0.70715004
176,18,484,130.98167419433594,311.02923583984375,22.466365814208984,22.466365814208984,396.4199784596267,0.8,0.70498544
176,18,485,131.9207305908203,311.014404296875,22.459623336791992,22.459623336791992,396.18207156414957,0.8,0.7035398
176,18,486,131.93994140625,311.021240234375,22.497459411621094,22.497459411621094,397.5180334842774,0.8,0.7039327
176,18,487,132.95262145996094,311.0144958496094,22.74083709716797,22.74083709716797,406.1652609034371,0.8,0.70525223
176,18,488,132.95309448242188,311.0601806640625,22.645782470703125,22.645782470703125,402.7768897305772,0.8,0.70624566
176,18,489,134.00006103515625,311.0137634277344,22.715463638305664,22.715463638305664,405.25939556056954,0.8,0.7056896
176,18,490,133.912109375,310.9654541015625,22.711570739746094,22.711570739746094,405.12050352141864,0.8,0.7064976
176,18,491,134.9342803955078,311.0552062988281,22.715045928955078,22.715045928955078,405.24449125703404,0.8,0.70949256
176,18,492,134.94647216796875,311.03302001953125,22.8049373626709,22.8049373626709,408.4582278847757,0.8,0.71001154
176,18,493,135.9368896484375,311.0867004394531,22.910552978515625,22.910552978515625,412.2503420128617,0.8,0.70841026
176,18,494,135.99330139160156,311.0586242675781,22.774959564208984,22.774959564208984,407.38507164356497,0.8,0.7094407
176,18,495,136.98355102539062,311.10003662109375,22.85519790649414,22.85519790649414,410.2606406665342,0.8,0.70813596
176,18,496,136.9890899658203,311.11920166015625,22.567363739013672,22.567363739013672,399.9922153178819,0.8,0.7066459
176,18,497,137.00042724609375,310.1433410644531,22.659116744995117,22.659116744995117,403.25135500728896,0.8,0.7100041
176,18,498,137.99630737304688,310.1643371582031,22.628551483154297,22.628551483154297,402.16418374931374,0.8,0.7082472
176,18,499,137.9777374267578,310.16217041015625,22.556835174560547,22.556835174560547,399.61907811944843,0.8,0.7084622
176,18,500,138.94776916503906,310.0840148925781,22.774959564208984,22.774959564208984,407.38507164356497,0.8,0.70898855
180,19,383,266.7306823730469,254.91680908203125,20.401565551757812,20.401565551757812,326.90146852864734,0.8,0.84533155
180,19,384,265.4849853515625,253.96090698242188,20.60716438293457,20.60716438293457,333.5234329323447,0.8,0.84491134
180,19,385,264.50921630859375,252.04466247558594,20.241289138793945,20.241289138793945,321.785313450564,0.8,0.84535944
180,19,386,263.6549987792969,251.15646362304688,20.5076847076416,20.5076847076416,330.3110823152417,0.8,0.84525675
180,19,389,260.8644714355469,241.43040466308594,28.014806747436523,28.014806747436523,616.4035670596938,0.8,0.7789216
180,19,390,260.23382568359375,241.72193908691406,24.920875549316406,24.920875549316406,487.7715593366183,0.8,0.823542
180,19,391,260.2557067871094,241.7755126953125,25.812164306640625,25.812164306640625,523.2855270228022,0.8,0.8075646
180,19,392,259.8818359375,240.65347290039062,25.080413818359375,25.080413818359375,494.0367740706571,0.8,0.8173114
180,19,393,258.9596862792969,240.47140502929688,24.623079299926758,24.623079299926758,476.18379174406874,0.8,0.8174052
180,19,394,258.20208740234375,239.14620971679688,24.961271286010742,24.961271286010742,489.3541571106508,0.8,0.8053083
180,19,395,257.7799377441406,238.877197265625,25.733718872070312,25.733718872070312,520.1097387565763,0.8,0.81004524
180,19,396,257.85101318359375,238.04806518554688,25.307952880859375,25.307952880859375,503.0416166920283,0.8,0.8262274
180,19,397,257.35382080078125,237.83309936523438,28.20176887512207,28.20176887512207,624.6583928173836,0.8,0.7939776
180,19,401,250.9620819091797,229.1311798095703,20.040664672851562,20.040664672851562,315.4380824805598,0.8,0.84416664
180,19,402,250.0100555419922,226.99559020996094,22.35439682006836,22.35439682006836,392.4784297310097,0.8,0.8073687
180,19,403,249.12579345703125,225.9732666015625,22.44011688232422,22.44011688232422,395.49419256932833,0.8,0.81080097
180,19,404,248.1387939453125,223.95748901367188,22.564064025878906,22.564064025878906,399.8752532225697,0.8,0.80874753
180,19,405,247.3486328125,222.94354248046875,22.302175521850586,22.302175521850586,390.64686222174265,0.8,0.81198174
180,19,406,246.2624969482422,220.9161376953125,22.531944274902344,22.531944274902344,398.73762553683883,0.8,0.8086216
180,19,407,246.40695190429688,219.9381561279297,22.1907901763916,22.1907901763916,386.754535459441,0.8,0.8164768
180,19,408,245.46087646484375,217.9316864013672,20.55278968811035,20.55278968811035,331.765664764645,0.8,0.8455835
180,19,409,244.52976989746094,216.897705078125,20.293386459350586,20.293386459350586,323.4438764421299,0.8,0.8443324
180,19,412,239.2486114501953,209.7507781982422,27.033390045166016,27.033390045166016,573.9722586813704,0.8,0.783566
180,19,413,238.72378540039062,208.57080078125,26.341447830200195,26.341447830200195,544.9656953087219,0.8,0.7971632
180,19,414,237.8509063720703,208.1331787109375,24.59923553466797,24.59923553466797,475.26201286493847,0.8,0.8058353
180,19,415,238.10977172851562,206.69583129882812,24.740705490112305,24.740705490112305,480.7441857107824,0.8,0.80344474
180,19,416,237.31558227539062,206.1934356689453,23.92506217956543,23.92506217956543,449.5686633854391,0.8,0.81310594
180,19,417,236.78384399414062,204.64356994628906,23.667438507080078,23.667438507080078,439.9389319964368,0.8,0.8031727
180,19,418,236.1622314453125,203.6636199951172,23.2194766998291,23.2194766998291,423.4427845437757,0.8,0.8170948
180,19,419,234.91058349609375,201.8602294921875,23.650188446044922,23.650188446044922,439.29786491965984,0.8,0.81894803
180,19,420,233.93890380859375,201.02584838867188,23.533126831054688,23.533126831054688,434.95983197859255,0.8,0.8215353
180,19,421,232.75904846191406,199.381103515625,23.77501678466797,23.77501678466797,443.9474295693647,0.8,0.8060049
180,19,422,231.7731475830078,199.01536560058594,24.325042724609375,24.325042724609375,464.7261436394895,0.8,0.80319613
180,19,423,231.42367553710938,197.77081298828125,25.384052276611328,25.384052276611328,506.07139296459985,0.8,0.798003
180,19,424,230.44058227539062,197.57537841796875,23.987131118774414,23.987131118774414,451.90432679261227,0.8,0.81338507
180,19,425,229.63430786132812,196.4820556640625,24.717496871948242,24.717496871948242,479.8426612973691,0.8,0.80799973
180,19,430,225.0165252685547,186.22618103027344,20.488964080810547,20.488964080810547,329.708302605433,0.8,0.83132803
180,19,431,225.06683349609375,185.2064208984375,22.508941650390625,22.508941650390625,397.92390702573954,0.8,0.80266136
180,19,432,224.01315307617188,183.3561553955078,22.236221313476562,22.236221313476562,388.3397592750359,0.8,0.81212896
180,19,433,222.94288635253906,182.28807067871094,22.12811851501465,22.12811851501465,384.5730609289106,0.8,0.8100054
180,19,434,221.9950408935547,180.4001007080078,21.996112823486328,21.996112823486328,379.99839177487803,0.8,0.8154351
180,19,435,220.98779296875,179.3036346435547,22.140575408935547,22.140575408935547,385.0061690793035,0.8,0.80914515
180,19,436,219.91868591308594,177.1749725341797,22.25079917907715,22.25079917907715,388.8491102517571,0.8,0.8098194
180,19,437,218.96800231933594,176.24903869628906,22.544843673706055,22.544843673706055,399.19430587397085,0.8,0.8003855
180,19,438,218.82518005371094,174.1341094970703,22.16115379333496,22.16115379333496,385.7221836084255,0.8,0.8131421
180,19,439,217.84439086914062,173.06884765625,22.653085708618164,22.653085708618164,403.036721757444,0.8,0.8029208
180,19,440,216.8441619873047,170.99850463867188,22.999021530151367,22.999021530151367,415.4402787217783,0.8,0.80518925
180,19,441,215.83038330078125,170.0233612060547,23.16306495666504,23.16306495666504,421.38777451990245,0.8,0.80819154
180,19,442,214.75294494628906,167.98226928710938,23.257530212402344,23.257530212402344,424.8318502339001,0.8,0.8094369
180,19,443,213.79345703125,167.0889129638672,23.764902114868164,23.764902114868164,443.56977040541034,0.8,0.80150616
180,19,444,212.91232299804688,165.0875701904297,23.332347869873047,23.332347869873047,427.5695483790567,0.8,0.81028944
180,19,445,211.79518127441406,164.0137939453125,22.989246368408203,22.989246368408203,415.0872086660647,0.8,0.80687946
180,19,446,211.94480895996094,162.13656616210938,23.61438751220703,23.61438751220703,437.9688801549671,0.8,0.8077838
180,19,447,210.9100341796875,161.19166564941406,23.378110885620117,23.378110885620117,429.2484244934686,0.8,0.80614555
180,19,448,209.8878631591797,160.1201171875,23.07439613342285,23.07439613342285,418.16778242845567,0.8,0.8042255
180,19,449,208.79696655273438,158.08135986328125,22.611530303955078,22.611530303955078,401.5593961095724,0.8,0.80129737
180,19,450,207.84835815429688,157.11183166503906,22.470367431640625,22.470367431640625,396.5612084550515,0.8,0.79811704
180,19,451,206.82427978515625,155.07737731933594,22.515750885009766,22.515750885009766,398.16469729682086,0.8,0.79720527
180,19,452,205.77078247070312,154.1637420654297,22.32607078552246,22.32607078552246,391.4844137391595,0.8,0.8093664
180,19,453,204.77880859375,152.0637664794922,22.429325103759766,22.429325103759766,395.11388622067096,0.8,0.7982718
180,19,454,204.74594116210938,151.02996826171875,22.432907104492188,22.432907104492188,395.24009699482775,0.8,0.80278224
180,19,455,203.7928924560547,149.13368225097656,22.31895637512207,22.31895637512207,391.234953182526,0.8,0.8000698
180,19,456,202.7607879638672,147.9921112060547,22.33449935913086,22.33449935913086,391.78005716652063,0.8,0.80339456
180,19,457,201.70614624023438,145.97976684570312,22.527023315429688,22.527023315429688,398.563476568321,0.8,0.80544055
180,19,459,199.7401123046875,143.02777099609375,22.521636962890625,22.521636962890625,398.3729013017305,0.8,0.7997628
180,19,460,198.79135131835938,142.0306854248047,22.48465919494629,22.48465919494629,397.0658162506573,0.8,0.7976426
180,19,461,197.77017211914062,140.00485229492188,22.50922203063965,22.50922203063965,397.9338204815348,0.8,0.798636
180,19,462,168.0555877685547,105.12885284423828,20.48053741455078,20.48053741455078,329.43715463696316,0.8,0.8276022
180,19,463,167.03280639648438,104.8386001586914,21.205549240112305,21.205549240112305,353.174169333832,0.8,0.8286959
180,19,464,166.0827178955078,105.03857421875,20.445022583007812,20.445022583007812,328.29560639089664,0.8,0.8296208
180,19,465,165.05087280273438,104.9366226196289,20.529027938842773,20.529027938842773,330.99897804497425,0.8,0.8264728
180,19,466,164.0469207763672,105.1277084350586,22.565271377563477,22.565271377563477,399.9180471959019,0.8,0.79742014
180,19,467,164.05006408691406,105.15648651123047,24.272428512573242,24.272428512573242,462.7179452084356,0.8,0.77309155
180,19,468,162.97377014160156,105.14707946777344,23.860212326049805,23.860212326049805,447.13481810887123,0.8,0.78770953
180,19,469,161.9326934814453,105.2292251586914,23.574234008789062,23.574234008789062,436.4807167662572,0.8,0.78716964
180,19,470,160.99209594726562,105.3170166015625,23.32977294921875,23.32977294921875,427.4751818011671,0.8,0.7925127
180,19,471,159.9081573486328,105.20492553710938,22.72859001159668,22.72859001159668,405.72789782672373,0.8,0.78822786
180,19,472,159.00949096679688,105.45938110351562,22.338844299316406,22.338844299316406,391.9325053110092,0.8,0.78849113
180,19,473,157.9280242919922,105.39270782470703,22.052539825439453,22.052539825439453,381.9505251494116,0.8,0.78881055
180,19,474,156.8992462158203,105.39066314697266,21.946157455444336,21.946157455444336,378.2743232023446,0.8,0.78943443
180,19,475,155.85269165039062,105.44901275634766,21.753767013549805,21.753767013549805,371.67112915758514,0.8,0.78514826
180,19,476,154.79537963867188,105.4486083984375,21.28423309326172,21.28423309326172,355.7999594353837,0.8,0.7933707
180,19,477,153.7906494140625,105.55420684814453,21.537830352783203,21.537830352783203,364.32903629438977,0.8,0.79350644
180,19,478,153.78561401367188,105.47284698486328,21.22563362121582,21.22563362121582,353.84348882738976,0.8,0.7897038
180,19,479,152.7252197265625,105.42263793945312,21.645431518554688,21.645431518554688,367.9784433037658,0.8,0.7851078
180,19,480,151.72303771972656,105.35798645019531,22.371883392333984,22.371883392333984,393.09269696323696,0.8,0.793753
180,19,481,150.8115997314453,105.30384063720703,22.188634872436523,22.188634872436523,386.67941122164353,0.8,0.7946929
180,19,482,149.74664306640625,105.37918090820312,22.43821907043457,22.43821907043457,395.4272997054435,0.8,0.8002593
180,19,483,148.6949005126953,105.310546875,22.961435317993164,22.961435317993164,414.0835195093226,0.8,0.78951037
180,19,484,147.82241821289062,105.21455383300781,23.488130569458008,23.488130569458008,433.2981016252219,0.8,0.79000705
180,19,485,146.74862670898438,105.2306137084961,23.372478485107422,23.372478485107422,429.0416149856825,0.8,0.79496646
180,19,486,145.781494140625,105.23587799072266,23.529848098754883,23.529848098754883,434.83863962585315,0.8,0.7870773
180,19,487,144.72000122070312,105.20237731933594,23.375629425048828,23.375629425048828,429.15730451245565,0.8,0.7943586
180,19,488,144.79869079589844,105.40697479248047,23.356149673461914,23.356149673461914,428.44233814825674,0.8,0.78593343
180,19,489,143.87742614746094,105.34966278076172,23.60162353515625,23.60162353515625,437.4955488922601,0.8,0.7858838
180,19,490,142.81187438964844,105.27854919433594,23.42976188659668,23.42976188659668,431.14726080613707,0.8,0.7883836
180,19,491,141.75868225097656,105.33274841308594,23.403846740722656,23.403846740722656,430.19402321278505,0.8,0.7846334
180,19,492,140.661376953125,105.23995208740234,23.448999404907227,23.448999404907227,431.8555572397894,0.8,0.7799304
180,19,493,139.75022888183594,105.37203216552734,23.47609519958496,23.47609519958496,432.8541695856705,0.8,0.7817278
180,19,494,138.63253784179688,105.2509765625,23.5277099609375,23.5277099609375,434.75961636200844,0.8,0.77446896
180,19,495,137.68174743652344,105.21914672851562,23.722747802734375,23.722747802734375,441.99755312280695,0.8,0.7733252
180,19,496,136.76870727539062,105.26713562011719,23.929458618164062,23.929458618164062,449.7339028827703,0.8,0.7733388
180,19,497,135.740478515625,105.26815795898438,22.51362419128418,22.51362419128418,398.08948467101305,0.8,0.8046184
180,19,498,134.7873077392578,105.24446105957031,22.52652359008789,22.52652359008789,398.54579380059704,0.8,0.7907632
180,19,499,134.7677001953125,105.12274169921875,22.150789260864258,22.150789260864258,385.3614717733868,0.8,0.80579317
180,19,500,133.8200225830078,105.223388671875,22.45802879333496,22.45802879333496,396.1258188750107,0.8,0.79237187
192,20,406,245.0773468017578,306.06060791015625,11.813004493713379,11.813004493713379,109.60001654481965,0.8,0.82430726
192,20,407,244.91879272460938,304.9864807128906,11.478408813476562,11.478408813476562,103.47924664616161,0.8,0.8251499
192,20,408,245.8310089111328,303.196533203125,12.41162395477295,12.41162395477295,120.98933765581101,0.8,0.7675832
192,20,409,246.8850860595703,302.0547180175781,11.128470420837402,11.128470420837402,97.26595000881208,0.8,0.82476103
192,20,410,246.8979949951172,301.0,11.073232650756836,11.073232650756836,96.30275924495561,0.8,0.8264788
192,20,411,247.78173828125,300.2046813964844,12.268747329711914,12.268747329711914,118.21982883167695,0.8,0.79311
192,20,412,247.87294006347656,299.16058349609375,12.244014739990234,12.244014739990234,117.74367013104438,0.8,0.7970044
192,20,413,248.79583740234375,298.0905456542969,12.634108543395996,12.634108543395996,125.3658035884467,0.8,0.7686043
192,20,414,249.88328552246094,296.1324157714844,12.520631790161133,12.520631790161133,123.12390160439242,0.8,0.76301193
192,20,415,249.8334197998047,295.0743103027344,13.874127388000488,13.874127388000488,151.1824004951904,0.8,0.73281306
192,20,416,250.95004272460938,294.1351013183594,12.47933578491211,12.47933578491211,122.31305748910036,0.8,0.7637545
192,20,417,251.86293029785156,293.0796203613281,13.481245040893555,13.481245040893555,142.74137856001033,0.8,0.7597633
192,20,418,251.89854431152344,292.1495361328125,13.289803504943848,13.289803504943848,138.7161417742134,0.8,0.7564683
192,20,419,252.89785766601562,291.0035705566406,12.708361625671387,12.708361625671387,126.8437317051993,0.8,0.75486714
192,20,420,253.8601531982422,289.95703125,12.176750183105469,12.176750183105469,116.45353432106941,0.8,0.762544
192,20,421,253.9165496826172,287.9903564453125,12.089726448059082,12.089726448059082,114.79496234096409,0.8,0.76246864
192,20,423,268.9654235839844,278.88995361328125,14.192617416381836,14.192617416381836,158.20305767339568,0.8,0.8512979
192,20,427,288.0120849609375,266.43115234375,19.555814743041992,19.555814743041992,300.3597334417735,0.8,0.8329412
192,20,430,288.9440002441406,265.5945739746094,18.84754753112793,18.84754753112793,278.9970272341921,0.8,0.84800386
192,20,431,289.0625915527344,265.4998779296875,18.551828384399414,18.551828384399414,270.31075010774674,0.8,0.85029244
192,20,432,260.79888916015625,275.8814697265625,11.40147876739502,11.40147876739502,102.09682743587618,0.8,0.81212115
192,20,433,261.77166748046875,274.94000244140625,12.5332612991333,12.5332612991333,123.37241600913846,0.8,0.76758325
192,20,434,261.7520751953125,272.90020751953125,13.696032524108887,13.696032524108887,147.3260139280907,0.8,0.7482224
192,20,435,262.87127685546875,271.85546875,13.865253448486328,13.865253448486328,150.9890687779019,0.8,0.7220489
192,20,436,263.8448486328125,270.82012939453125,13.945929527282715,13.945929527282715,152.7512644294991,0.8,0.7255702
192,20,437,263.9551696777344,269.8453063964844,14.085179328918457,14.085179328918457,155.816929774246,0.8,0.7230692
192,20,438,264.90380859375,268.8974914550781,12.786381721496582,12.786381721496582,128.4059690133396,0.8,0.7679545
192,20,439,265.8123474121094,267.89544677734375,12.765113830566406,12.765113830566406,127.97916290073397,0.8,0.7681634
192,20,440,265.9151306152344,265.8333435058594,12.650041580200195,12.650041580200195,125.68220382605159,0.8,0.76802415
192,20,441,266.82879638671875,264.8667297363281,12.914501190185547,12.914501190185547,130.99211509802385,0.8,0.7734308
192,20,442,267.92462158203125,263.82293701171875,12.561668395996094,12.561668395996094,123.93230601692392,0.8,0.7633833
192,20,443,267.8782043457031,262.88690185546875,12.575093269348145,12.575093269348145,124.19734478612749,0.8,0.76454353
192,20,444,268.92218017578125,261.7198181152344,12.935141563415527,12.935141563415527,131.41116136194344,0.8,0.7715512
192,20,445,268.9358215332031,260.82281494140625,12.520631790161133,12.520631790161133,123.12390160439242,0.8,0.7675369
192,20,446,269.9640197753906,259.8597717285156,12.6311616897583,12.6311616897583,125.30732829697322,0.8,0.76475227
192,20,447,270.95574951171875,257.7856750488281,12.657318115234375,12.657318115234375,125.82683481101265,0.8,0.77034456
192,20,448,270.956787109375,256.756591796875,13.041642189025879,13.041642189025879,133.58399971935975,0.8,0.7682794
192,20,449,271.94219970703125,255.7827606201172,12.222943305969238,12.222943305969238,117.33875505100958,0.8,0.7758924
192,20,450,272.88922119140625,254.81939697265625,12.205759048461914,12.205759048461914,117.00905345356537,0.8,0.78050107
192,20,451,272.8809814453125,253.8248291015625,12.374667167663574,12.374667167663574,120.26989590737442,0.8,0.7711104
192,20,452,273.959716796875,252.82582092285156,12.409042358398438,12.409042358398438,120.9390117431169,0.8,0.77394134
192,20,453,274.90301513671875,250.86697387695312,12.37696361541748,12.37696361541748,120.31453858844128,0.8,0.7763081
192,20,454,274.98455810546875,250.0157928466797,12.649110794067383,12.649110794067383,125.66370919140154,0.8,0.78157556
192,20,455,275.9898376464844,249.0155029296875,11.825704574584961,11.825704574584961,109.83580368959423,0.8,0.834808
192,20,456,276.0039367675781,247.8984832763672,12.68738079071045,12.68738079071045,126.42525280815923,0.8,0.78243417
192,20,457,277.0093688964844,246.9973602294922,12.649110794067383,12.649110794067383,125.66370919140154,0.8,0.77974236
192,20,458,277.9687805175781,245.91261291503906,11.910420417785645,11.910420417785645,111.41510261363429,0.8,0.812953
192,20,459,278.023681640625,244.9809112548828,12.649110794067383,12.649110794067383,125.66370919140154,0.8,0.7765866
192,20,460,278.9573669433594,243.07131958007812,12.728519439697266,12.728519439697266,127.24644611980756,0.8,0.7769346
192,20,461,279.94329833984375,242.05160522460938,12.649110794067383,12.649110794067383,125.66370919140154,0.8,0.77925515
192,20,462,279.9446716308594,241.01515197753906,12.649110794067383,12.649110794067383,125.66370919140154,0.8,0.7804618
192,20,463,281.0022888183594,240.09568786621094,12.696736335754395,12.696736335754395,126.61177093207347,0.8,0.7778629
192,20,464,280.9362487792969,239.06507873535156,12.696736335754395,12.696736335754395,126.61177093207347,0.8,0.78097224
192,20,465,282.0157165527344,238.02146911621094,12.782997131347656,12.782997131347656,128.33799918932857,0.8,0.78083307
192,20,466,282.9273681640625,236.0958251953125,14.177127838134766,14.177127838134766,157.85792592596738,0.8,0.74250233
192,20,467,282.9678039550781,235.03744506835938,14.142135620117188,14.142135620117188,157.07963259921203,0.8,0.7192157
192,20,468,284.00213623046875,234.0589141845703,14.142135620117188,14.142135620117188,157.07963259921203,0.8,0.72115034
192,20,469,284.9566650390625,233.08180236816406,14.141796112060547,14.141796112060547,157.07209071698236,0.8,0.7431186
192,20,470,284.9963073730469,231.9781494140625,14.205336570739746,14.205336570739746,158.48674188796832,0.8,0.7220566
192,20,471,285.97515869140625,231.00900268554688,14.205336570739746,14.205336570739746,158.48674188796832,0.8,0.72359043
192,20,472,286.8927001953125,229.98606872558594,14.205336570739746,14.205336570739746,158.48674188796832,0.8,0.72765636
192,20,473,286.9996032714844,228.00743103027344,16.124515533447266,16.124515533447266,204.2035234166897,0.8,0.6522016
192,20,474,287.945068359375,226.96743774414062,15.879874229431152,15.879874229431152,198.05417337630976,0.8,0.71684545
192,20,475,287.9267272949219,226.01678466796875,15.620499610900879,15.620499610900879,191.63715822611147,0.8,0.7206274
192,20,476,288.9209289550781,225.06153869628906,16.318023681640625,16.318023681640625,209.13417115863362,0.8,0.6441685
192,20,477,289.9414367675781,224.09559631347656,16.310104370117188,16.310104370117188,208.93123031255564,0.8,0.64274377
192,20,478,289.9239501953125,223.1039581298828,16.34922218322754,16.34922218322754,209.93462471520863,0.8,0.64448065
192,20,479,290.98248291015625,221.14512634277344,16.31162452697754,16.31162452697754,208.97017832134512,0.8,0.6423909
192,20,480,291.9900207519531,220.1317901611328,16.759355545043945,16.759355545043945,220.59949319561719,0.8,0.6402877
192,20,481,291.99542236328125,219.13636779785156,17.55792999267578,17.55792999267578,242.1232570905006,0.8,0.63753307
192,20,482,292.9405212402344,218.16183471679688,16.717899322509766,16.717899322509766,219.50948579413372,0.8,0.6413325
192,20,483,293.9945983886719,217.1260223388672,17.238887786865234,17.238887786865234,233.40403882126157,0.8,0.63287884
192,20,484,294.0176086425781,216.16036987304688,17.48893928527832,17.48893928527832,240.22423634962712,0.8,0.63437146
192,20,485,294.9850158691406,215.21023559570312,17.541217803955078,17.541217803955078,241.66255542258693,0.8,0.63564694
192,20,486,295.0012512207031,213.1237030029297,17.041460037231445,17.041460037231445,228.0885489312718,0.8,0.63024634
192,20,487,295.9874572753906,212.12823486328125,17.472196578979492,17.472196578979492,239.76450822378538,0.8,0.6322003
192,20,488,296.9871520996094,211.05958557128906,17.02005386352539,17.02005386352539,227.51589417336254,0.8,0.6355791
192,20,489,296.9694519042969,210.1418914794922,17.19590187072754,17.19590187072754,232.2414838357829,0.8,0.63081616
192,20,490,298.00909423828125,209.1269989013672,17.011022567749023,17.011022567749023,227.27450619722728,0.8,0.63002914
192,20,491,298.9914855957031,208.1087188720703,17.06082534790039,17.06082534790039,228.60722693945561,0.8,0.63642037
192,20,492,299.03863525390625,206.09361267089844,17.040279388427734,17.040279388427734,228.05694563631627,0.8,0.63145393
192,20,493,299.9749450683594,205.06883239746094,17.02553367614746,17.02553367614746,227.66242075675146,0.8,0.6322817
192,20,494,300.9886474609375,204.04684448242188,17.02982521057129,17.02982521057129,227.7772064980383,0.8,0.631766
192,20,495,300.9734191894531,203.05157470703125,17.02351951599121,17.02351951599121,227.60855795726394,0.8,0.6328788
192,20,496,301.97052001953125,202.07098388671875,17.002674102783203,17.002674102783203,227.0514828422065,0.8,0.633693
192,20,497,301.9773864746094,201.0406951904297,17.039897918701172,17.039897918701172,228.04673502357468,0.8,0.63247174
192,20,498,302.9839172363281,200.06509399414062,17.029285430908203,17.029285430908203,227.76276741205243,0.8,0.63464284
192,20,499,303.98052978515625,198.02899169921875,17.029285430908203,17.029285430908203,227.76276741205243,0.8,0.63205105
192,20,500,303.96417236328125,197.0426483154297,17.029285430908203,17.029285430908203,227.76276741205243,0.8,0.6333944
193,21,409,60.318824768066406,292.21649169921875,17.520069122314453,17.520069122314453,241.08018268826496,0.8,0.83980525
193,21,410,60.359466552734375,293.19390869140625,17.763778686523438,17.763778686523438,247.83383027065813,0.8,0.8332365
193,21,411,60.379234313964844,293.0400695800781,19.63463592529297,19.63463592529297,302.7858579423829,0.8,0.81204337
193,21,412,59.35589599609375,293.02410888671875,19.630931854248047,19.630931854248047,302.67162770717226,0.8,0.8113313
193,21,413,59.23573684692383,294.0652770996094,20.017839431762695,20.017839431762695,314.71995758597257,0.8,0.80524516
193,21,414,59.25587844848633,294.09112548828125,22.012619018554688,22.012619018554688,380.5689181267335,0.8,0.779039
193,21,415,58.24455261230469,295.1755676269531,22.188247680664062,22.188247680664062,386.66591622466274,0.8,0.77806675
193,21,416,58.20032501220703,295.09136962890625,22.289846420288086,22.289846420288086,390.2150663592318,0.8,0.7730218
193,21,417,58.1381950378418,295.13250732421875,22.187206268310547,22.187206268310547,386.6296205047203,0.8,0.7836493
193,21,418,57.151573181152344,296.0849609375,22.44870948791504,22.44870948791504,395.79713005036183,0.8,0.76796025
193,21,419,57.13235092163086,296.1661376953125,22.47781753540039,22.47781753540039,396.8242136713144,0.8,0.7656177
193,21,420,57.133243560791016,296.1117858886719,22.37147331237793,22.37147331237793,393.0782861998994,0.8,0.7688647
193,21,421,55.98468780517578,297.0887145996094,22.425609588623047,22.425609588623047,394.9829923998694,0.8,0.7655584
193,21,422,56.05524444580078,297.1421203613281,22.39715003967285,22.39715003967285,393.98111060394257,0.8,0.7634012
193,21,423,56.100990295410156,297.1946105957031,22.799684524536133,22.799684524536133,408.2700828511398,0.8,0.76455027
193,21,424,55.09397888183594,298.1505432128906,22.60912322998047,22.60912322998047,401.47390594498677,0.8,0.7653212
193,21,425,55.046913146972656,298.1802978515625,23.119245529174805,23.119245529174805,419.79493650540564,0.8,0.7716001
193,21,426,54.0542106628418,299.1257629394531,22.8938045501709,22.8938045501709,411.647823026456,0.8,0.7663071
193,21,427,54.015140533447266,299.0464782714844,22.83268165588379,22.83268165588379,409.45268606731065,0.8,0.767597
193,21,428,54.017784118652344,299.16229248046875,23.25577735900879,23.25577735900879,424.76781592915427,0.8,0.77083665
193,21,429,53.174591064453125,300.1156311035156,23.760513305664062,23.760513305664062,443.4059520717049,0.8,0.7670645
193,21,430,53.12495803833008,299.9674377441406,21.8642578125,21.8642578125,375.4562695355979,0.8,0.79775906
193,21,431,53.00270462036133,300.05291748046875,22.172786712646484,22.172786712646484,386.1272394793341,0.8,0.77447647
193,21,432,52.17771530151367,301.23663330078125,23.733312606811523,23.733312606811523,442.3913234722854,0.8,0.7641748
193,21,433,52.246299743652344,301.22198486328125,23.421640396118164,23.421640396118164,430.84841427791105,0.8,0.7728307
193,21,434,52.259681701660156,301.22003173828125,23.31155776977539,23.31155776977539,426.8079230657339,0.8,0.7727047
193,21,435,51.234230041503906,302.2267761230469,23.291574478149414,23.291574478149414,426.07649433636,0.8,0.77234143
193,21,436,51.279624938964844,302.1128845214844,23.50194549560547,23.50194549560547,433.8079541766814,0.8,0.7674837
193,21,437,51.26814651489258,303.2777099609375,23.292236328125,23.292236328125,426.1007093351576,0.8,0.7690426
193,21,438,50.31412887573242,303.1502380371094,23.651288986206055,23.651288986206055,439.3387505297639,0.8,0.76840013
193,21,439,50.23301696777344,303.151123046875,23.399118423461914,23.399118423461914,430.0202151741055,0.8,0.77443945
193,21,440,50.28502655029297,304.20513916015625,23.425395965576172,23.425395965576172,430.98659510938586,0.8,0.7714445
193,21,441,50.2501220703125,304.1441345214844,23.4144229888916,23.4144229888916,430.582922255034,0.8,0.7709181
193,21,442,50.19637680053711,304.1507873535156,23.34294319152832,23.34294319152832,427.9579589685597,0.8,0.77232665
193,21,443,50.15035629272461,305.2089538574219,22.8699893951416,22.8699893951416,410.7918396790624,0.8,0.7696357
193,21,444,51.2935676574707,305.29681396484375,23.05042839050293,23.05042839050293,417.29951852557326,0.8,0.7658253
193,21,445,51.135292053222656,305.3378601074219,23.0861759185791,23.0861759185791,418.5948518072781,0.8,0.7646243
193,21,446,51.16851043701172,306.2343444824219,23.217693328857422,23.217693328857422,423.3777420296796,0.8,0.76366806
193,21,447,52.17167663574219,306.3451843261719,23.29108428955078,23.29108428955078,426.058560328328,0.8,0.7652471
193,21,448,52.19651794433594,306.3297424316406,23.2645206451416,23.2645206451416,425.0872689952453,0.8,0.76591426
193,21,449,52.18954086303711,307.27276611328125,22.962871551513672,22.962871551513672,414.1353228241072,0.8,0.76559544
193,21,450,53.207305908203125,307.3139343261719,23.287771224975586,23.287771224975586,425.9373586606635,0.8,0.76485413
193,21,451,53.137481689453125,308.2173156738281,22.88314437866211,22.88314437866211,411.26455647716585,0.8,0.76937616
193,21,452,53.27146530151367,308.2175598144531,23.17399787902832,23.17399787902832,421.7856568450469,0.8,0.77020645
193,21,453,54.28217315673828,308.1781921386719,23.012998580932617,23.012998580932617,415.945377973761,0.8,0.7705549
193,21,454,54.1966667175293,309.3215637207031,23.184894561767578,23.184894561767578,422.1824071228399,0.8,0.7710145
193,21,455,54.232173919677734,309.2762145996094,23.053680419921875,23.053680419921875,417.417274778751,0.8,0.7704214
193,21,456,55.17292404174805,309.3556213378906,23.1889591217041,23.1889591217041,422.3304462789936,0.8,0.7688721
193,21,457,55.220863342285156,310.3077087402344,23.1354923248291,23.1354923248291,420.3851563717807,0.8,0.76852363
193,21,458,55.15836715698242,310.2740173339844,22.898635864257812,22.898635864257812,411.8215826802174,0.8,0.7645354
193,21,459,56.1688117980957,310.2921142578125,23.23431396484375,23.23431396484375,423.9841180311597,0.8,0.7676267
193,21,460,56.20673370361328,311.3037414550781,23.371065139770508,23.371065139770508,428.9897278371202,0.8,0.7670707
193,21,461,56.158260345458984,311.23944091796875,23.405101776123047,23.405101776123047,430.2401629102887,0.8,0.76491344
193,21,462,57.14155960083008,312.2784118652344,23.216527938842773,23.216527938842773,423.3352410108987,0.8,0.7663813
193,21,463,57.18429183959961,312.33343505859375,23.246559143066406,23.246559143066406,424.4311404139506,0.8,0.767686
193,21,464,57.15361785888672,312.32989501953125,23.309476852416992,23.309476852416992,426.73172803973665,0.8,0.76965785
193,21,465,58.08451461791992,313.23895263671875,21.39920997619629,21.39920997619629,359.6543867168284,0.8,0.79518026
193,21,466,58.009429931640625,313.3006896972656,23.33746337890625,23.33746337890625,427.75705421172444,0.8,0.76939845
193,21,467,58.081817626953125,313.1167907714844,21.644046783447266,21.644046783447266,367.9313630346722,0.8,0.7975368
193,21,468,59.07924270629883,314.1971130371094,21.52861213684082,21.52861213684082,364.01723654831596,0.8,0.8011115
193,21,469,59.20009994506836,314.0707702636719,21.339847564697266,21.339847564697266,357.6617581252065,0.8,0.7985772
193,21,470,59.090084075927734,314.1631164550781,21.57004165649414,21.57004165649414,365.4196093631927,0.8,0.797768
193,21,471,60.02486038208008,315.22247314453125,21.577119827270508,21.577119827270508,365.6594723008154,0.8,0.7935744
193,21,472,60.01870346069336,315.2195129394531,21.516342163085938,21.516342163085938,363.6024202934139,0.8,0.7981148
193,21,473,60.16972732543945,315.1405029296875,21.81972312927246,21.81972312927246,373.92831490883185,0.8,0.79047155
193,21,474,61.0380859375,316.2215576171875,21.588518142700195,21.588518142700195,366.0459004158861,0.8,0.79442316
193,21,475,61.015838623046875,316.2647705078125,21.367265701293945,21.367265701293945,358.5814196845876,0.8,0.7992264
193,21,476,60.95368957519531,317.14141845703125,21.59766387939453,21.59766387939453,366.3561086962061,0.8,0.7995731
193,21,477,62.045745849609375,317.0306701660156,21.55978775024414,21.55978775024414,365.0722676322954,0.8,0.8018852
193,21,478,62.08258819580078,317.0941162109375,21.94659996032715,21.94659996032715,378.2895778019656,0.8,0.79065794
193,21,479,61.983680725097656,318.134521484375,22.031579971313477,22.031579971313477,381.2248198223718,0.8,0.7892562
193,21,480,62.95248794555664,318.01708984375,22.033960342407227,22.033960342407227,381.30720207230036,0.8,0.78892404
193,21,481,63.04133605957031,318.0991516113281,22.056562423706055,22.056562423706055,382.0898808574419,0.8,0.7922784
193,21,482,63.02488708496094,319.0485534667969,22.252408981323242,22.252408981323242,388.9053772478233,0.8,0.775418
193,21,483,64.12174987792969,319.00787353515625,22.057456970214844,22.057456970214844,382.1208742727821,0.8,0.787499
193,21,484,63.95491027832031,318.95330810546875,22.31343650817871,22.31343650817871,391.04145866603983,0.8,0.7799696
193,21,485,63.961212158203125,319.8592834472656,22.11825942993164,22.11825942993164,384.2304476268199,0.8,0.7820817
193,21,486,64.8409652709961,319.9052734375,22.413381576538086,22.413381576538086,394.5523650853847,0.8,0.7809926
193,21,487,65.0216293334961,320.8824157714844,22.216833114624023,22.216833114624023,387.66285235487413,0.8,0.78384095
193,21,488,64.93488311767578,321.0282897949219,22.26875114440918,22.26875114440918,389.4768110071331,0.8,0.7773305
193,21,489,65.98976135253906,320.9054260253906,22.200000762939453,22.200000762939453,387.07565745377815,0.8,0.7778717
193,21,490,66.09005737304688,321.88726806640625,22.098491668701172,22.098491668701172,383.54395765584854,0.8,0.7881948
193,21,491,67.072021484375,321.8409729003906,22.04340171813965,22.04340171813965,381.63404625352956,0.8,0.7891184
193,21,492,66.96672058105469,321.977294921875,22.439390182495117,22.439390182495117,395.4685776485155,0.8,0.77680427
193,21,493,67.01425170898438,322.9280090332031,22.15361976623535,22.15361976623535,385.45996374077265,0.8,0.7756626
193,21,494,67.85848999023438,322.8965759277344,22.009117126464844,22.009117126464844,380.447841640989,0.8,0.7867201
193,21,495,67.91399383544922,322.8684387207031,22.269739151000977,22.269739151000977,389.5113719208139,0.8,0.776604
193,21,496,67.91847229003906,323.7862243652344,22.073402404785156,22.073402404785156,382.6735477532795,0.8,0.78701186
193,21,497,68.98635864257812,323.86224365234375,22.064809799194336,22.064809799194336,382.37567587950605,0.8,0.78253114
193,21,498,68.9352798461914,324.8027038574219,21.782926559448242,21.782926559448242,372.66820014847406,0.8,0.79376113
193,21,499,68.95023345947266,324.8345031738281,21.461078643798828,21.461078643798828,361.7370340560068,0.8,0.80058694
193,21,500,69.85177612304688,324.8443298339844,21.758895874023438,21.758895874023438,371.84640676163804,0.8,0.7851321
194,22,409,58.294986724853516,269.9460144042969,17.796527862548828,17.796527862548828,248.74848198997356,0.8,0.84054846
194,22,410,58.12921905517578,267.912841796875,18.1339168548584,18.1339168548584,258.2694999214126,0.8,0.83099735
194,22,411,58.20780944824219,266.8387756347656,20.078596115112305,20.078596115112305,316.63328681615775,0.8,0.804
194,22,412,58.17768096923828,265.84161376953125,19.984926223754883,19.984926223754883,313.6858871690176,0.8,0.8042353
194,22,413,58.086421966552734,264.85699462890625,20.176055908203125,20.176055908203125,319.7145687896542,0.8,0.7963771
194,22,414,56.99424362182617,262.7821350097656,22.1973934173584,22.1973934173584,386.9847402732641,0.8,0.77230877
194,22,415,57.04962921142578,261.9069519042969,22.33003044128418,22.33003044128418,391.6232900325088,0.8,0.76591426
194,22,416,56.99757766723633,260.898193359375,22.491113662719727,22.491113662719727,397.29381315642075,0.8,0.7637125
194,22,417,56.97745132446289,258.88104248046875,22.41817855834961,22.41817855834961,394.72126981304456,0.8,0.7666704
194,22,418,57.00716781616211,257.9127502441406,22.5257511138916,22.5257511138916,398.5184605230992,0.8,0.76586235
194,22,419,57.01395034790039,256.9765319824219,22.386302947998047,22.386302947998047,393.59958756526515,0.8,0.76699656
194,22,420,56.07871627807617,255.99560546875,22.14606285095215,22.14606285095215,385.19703682337115,0.8,0.77372706
194,22,421,56.0511474609375,254.06581115722656,22.301191329956055,22.301191329956055,390.61238459943985,0.8,0.76059157
194,22,422,55.977561950683594,253.03041076660156,22.210060119628906,22.210060119628906,387.4265235927269,0.8,0.7624078
194,22,423,55.937644958496094,251.944580078125,22.211496353149414,22.211496353149414,387.4766317822684,0.8,0.7618296
194,22,424,56.00913619995117,250.99224853515625,22.281293869018555,22.281293869018555,389.91567496501847,0.8,0.7604507
194,22,425,55.96485900878906,249.1245880126953,22.064403533935547,22.064403533935547,382.3615951306406,0.8,0.7736023
194,22,426,55.95563507080078,248.0871124267578,22.140718460083008,22.140718460083008,385.0111441760362,0.8,0.7672091
194,22,427,55.07246780395508,247.22900390625,21.62827491760254,21.62827491760254,367.39534037068813,0.8,0.7823275
194,22,428,54.909141540527344,246.17909240722656,21.913700103759766,21.913700103759766,377.1562501519742,0.8,0.7740722
194,22,429,54.853092193603516,244.23367309570312,21.58465003967285,21.58465003967285,365.91474028719165,0.8,0.78475505
194,22,430,54.90436935424805,243.16896057128906,21.99180030822754,21.99180030822754,379.8494028847927,0.8,0.775077
194,22,431,54.85542678833008,242.3053741455078,21.817161560058594,21.817161560058594,373.8405239657438,0.8,0.77634096
194,22,432,54.876197814941406,241.2200164794922,22.121150970458984,22.121150970458984,384.3309157976425,0.8,0.77841514
194,22,433,53.93059539794922,239.15682983398438,22.058828353881836,22.058828353881836,382.16839113902455,0.8,0.7774024
194,22,434,53.89264678955078,238.22030639648438,21.642210006713867,21.642210006713867,367.8689182341813,0.8,0.7831254
194,22,435,54.00399398803711,237.21194458007812,21.908620834350586,21.908620834350586,376.98143200789394,0.8,0.78639334
194,22,436,53.86464309692383,236.14947509765625,21.753829956054688,21.753829956054688,371.67327995249724,0.8,0.7746718
194,22,437,53.911773681640625,234.1310272216797,21.8613224029541,21.8613224029541,375.35546172916816,0.8,0.7723221
194,22,438,53.68672180175781,233.19522094726562,21.457040786743164,21.457040786743164,361.600926728776,0.8,0.776895
194,22,439,52.976173400878906,232.11383056640625,21.672866821289062,21.672866821289062,368.9118502449858,0.8,0.7878796
194,22,440,52.85234832763672,231.09925842285156,21.62251091003418,21.62251091003418,367.1995422917808,0.8,0.78522074
194,22,441,52.757164001464844,228.99314880371094,21.408767700195312,21.408767700195312,359.9757298900586,0.8,0.78621674
194,22,442,52.780906677246094,228.06881713867188,21.2556209564209,21.2556209564209,354.8440072500381,0.8,0.78725713
194,22,443,52.834877014160156,226.96641540527344,21.48868751525879,21.48868751525879,362.6683549359025,0.8,0.78882223
194,22,444,52.824913024902344,225.88450622558594,21.690034866333008,21.690034866333008,369.49654481600163,0.8,0.77786267
194,22,445,51.873085021972656,223.8840789794922,21.875593185424805,21.875593185424805,375.8456758533541,0.8,0.77403986
194,22,446,51.83866882324219,222.968017578125,22.02735710144043,22.02735710144043,381.07869244298564,0.8,0.7747447
194,22,447,51.94375228881836,221.8927459716797,21.950098037719727,21.950098037719727,378.4101788683641,0.8,0.77429104
194,22,448,51.914817810058594,220.8603973388672,21.977449417114258,21.977449417114258,379.35381828113333,0.8,0.77439636
194,22,449,51.967044830322266,218.8358154296875,22.19893455505371,22.19893455505371,387.0384778867828,0.8,0.7685267
194,22,450,51.987735748291016,217.86947631835938,22.265480041503906,22.265480041503906,389.36239730264305,0.8,0.76423144
194,22,451,50.83285140991211,216.80532836914062,22.274255752563477,22.274255752563477,389.66938419573364,0.8,0.77755624
194,22,452,50.83695983886719,215.77139282226562,22.084007263183594,22.084007263183594,383.0413364217252,0.8,0.77966297
194,22,453,50.8763542175293,213.78363037109375,22.262222290039062,22.262222290039062,389.248467297801,0.8,0.77270406
194,22,454,50.88021469116211,212.84400939941406,22.355167388916016,22.355167388916016,392.5054881093912,0.8,0.76869416
194,22,455,51.00088882446289,211.86517333984375,22.448184967041016,22.448184967041016,395.77863442758775,0.8,0.76844215
194,22,456,50.9095458984375,210.84542846679688,22.5256404876709,22.5256404876709,398.5145462045321,0.8,0.76939845
194,22,457,51.024261474609375,208.714599609375,23.063390731811523,23.063390731811523,417.7689848290492,0.8,0.7683013
194,22,458,49.93095016479492,207.78811645507812,22.46798324584961,22.46798324584961,396.47705981420853,0.8,0.76730794
194,22,459,49.983734130859375,206.81271362304688,22.40992546081543,22.40992546081543,394.43069549317494,0.8,0.7692353
194,22,460,49.96858215332031,205.79115295410156,22.564298629760742,22.564298629760742,399.88356845995276,0.8,0.7652174
194,22,461,50.01374816894531,203.72471618652344,22.35175895690918,22.35175895690918,392.385808729879,0.8,0.76746494
194,22,462,50.01161193847656,202.71107482910156,22.734542846679688,22.734542846679688,405.9404536913144,0.8,0.7664332
194,22,463,50.047218322753906,201.77737426757812,22.658288955688477,22.658288955688477,403.22189215876307,0.8,0.76503944
194,22,464,50.059234619140625,200.70736694335938,22.81779670715332,22.81779670715332,408.9190040647645,0.8,0.7630972
194,22,465,49.964813232421875,198.663818359375,23.25628662109375,23.25628662109375,424.78641952246574,0.8,0.76862746
194,22,466,50.06486129760742,197.5927276611328,23.396629333496094,23.396629333496094,429.9287329179452,0.8,0.76052856
194,22,467,50.09310531616211,196.67361450195312,23.289581298828125,23.289581298828125,426.00357436082174,0.8,0.76346046
194,22,468,49.97933578491211,194.8172607421875,22.947473526000977,22.947473526000977,413.5801023491201,0.8,0.76409805
194,22,469,49.95686721801758,193.8248291015625,23.43695831298828,23.43695831298828,431.4121543240353,0.8,0.7662108
194,22,470,50.063331604003906,192.8245849609375,22.985340118408203,22.985340118408203,414.9461604012612,0.8,0.7668557
194,22,471,51.0436897277832,191.8910675048828,23.460285186767578,23.460285186767578,432.27135327386316,0.8,0.77369064
194,22,472,51.06869125366211,190.06820678710938,23.21417236328125,23.21417236328125,423.2493412103558,0.8,0.7696727
194,22,473,51.04107666015625,188.87503051757812,23.624675750732422,23.624675750732422,438.3505889642597,0.8,0.76798254
194,22,474,51.11450958251953,187.86082458496094,23.110427856445312,23.110427856445312,419.4747782665327,0.8,0.764869
194,22,475,51.005401611328125,187.00694274902344,23.3632755279541,23.3632755279541,428.70380962651905,0.8,0.7644909
194,22,476,51.160118103027344,185.05465698242188,23.007478713989258,23.007478713989258,415.7458657041427,0.8,0.7656251
194,22,477,52.19552230834961,184.1042022705078,23.318984985351562,23.318984985351562,427.0799340120702,0.8,0.76948005
194,22,478,52.08374786376953,183.09124755859375,23.062366485595703,23.062366485595703,417.73187937432374,0.8,0.7691538
194,22,479,52.19746398925781,182.1311798095703,22.75552749633789,22.75552749633789,406.6901894288058,0.8,0.7659439
194,22,480,52.23157501220703,180.09158325195312,23.03189468383789,23.03189468383789,416.6287286009004,0.8,0.76449835
194,22,481,52.23127365112305,179.1277618408203,23.008630752563477,23.008630752563477,415.78750149322906,0.8,0.76082885
194,22,482,52.237220764160156,178.12197875976562,23.011037826538086,23.011037826538086,415.87450220492934,0.8,0.7633938
194,22,483,53.165672302246094,177.09942626953125,22.932024002075195,22.932024002075195,413.0233992544874,0.8,0.7656993
194,22,484,53.16080856323242,175.11012268066406,23.20406150817871,23.20406150817871,422.8807318322299,0.8,0.76449835
194,22,485,53.31023025512695,174.0290069580078,23.00984001159668,23.00984001159668,415.8312075277265,0.8,0.7639868
194,22,486,53.139198303222656,172.99151611328125,22.704891204833984,22.704891204833984,404.8822444723672,0.8,0.7655288
194,22,487,53.19392395019531,172.04273986816406,22.848451614379883,22.848451614379883,410.01847871701693,0.8,0.766107
194,22,488,53.0890007019043,170.0604248046875,22.58563232421875,22.58563232421875,400.64007561978394,0.8,0.76667786
194,22,489,54.207366943359375,168.97987365722656,22.812238693237305,22.812238693237305,408.7198173737822,0.8,0.7662849
194,22,490,54.252498626708984,168.1470184326172,22.930036544799805,22.930036544799805,412.9518110869071,0.8,0.76332706
194,22,491,54.178184509277344,167.06576538085938,22.746889114379883,22.746889114379883,406.38147512887605,0.8,0.7637793
194,22,492,54.20028305053711,165.0391082763672,22.87641143798828,22.87641143798828,411.02257815042583,0.8,0.76584005
194,22,493,54.32767105102539,164.031494140625,23.172685623168945,23.172685623168945,421.73788994427804,0.8,0.76557326
194,22,494,54.322792053222656,163.06980895996094,23.036731719970703,23.036731719970703,416.80374328013,0.8,0.76591426
194,22,495,55.273868560791016,162.01649475097656,23.221254348754883,23.221254348754883,423.5076233370745,0.8,0.7677527
194,22,496,55.35593032836914,160.02310180664062,23.458003997802734,23.458003997802734,432.1872925140637,0.8,0.7657503
194,22,497,55.44255828857422,159.0429229736328,23.55162239074707,23.55162239074707,435.6438028727057,0.8,0.76540923
194,22,498,55.31184005737305,158.10081481933594,23.470022201538086,23.470022201538086,432.63024967958194,0.8,0.7628304
194,22,499,55.333412170410156,157.09979248046875,23.43126678466797,23.43126678466797,431.20264792630434,0.8,0.7643862
194,22,500,55.278961181640625,155.1907196044922,23.441150665283203,23.441150665283203,431.56650826989676,0.8,0.76860523
195,23,410,430.0064697265625,286.9715576171875,11.670116424560547,11.670116424560547,106.96464614686946,0.8,0.82667315
195,23,411,430.047119140625,286.09979248046875,11.89616870880127,11.89616870880127,111.14862912752113,0.8,0.8219845
195,23,412,431.00286865234375,285.0439453125,12.165525436401367,12.165525436401367,116.23893536429006,0.8,0.7909967
195,23,413,431.0339660644531,283.958251953125,12.165525436401367,12.165525436401367,116.23893536429006,0.8,0.78231823
195,23,414,432.02325439453125,283.0435485839844,12.165525436401367,12.165525436401367,116.23893536429006,0.8,0.7889083
195,23,415,432.01214599609375,281.0352478027344,12.256814956665039,12.256814956665039,117.9899835055594,0.8,0.79199433
195,23,416,432.0613708496094,279.9851989746094,12.399670600891113,12.399670600891113,120.75640569472273,0.8,0.7941989
195,23,417,433.10406494140625,278.9742126464844,13.72955322265625,13.72955322265625,148.04804993153056,0.8,0.79503417
195,23,418,433.0422058105469,277.964111328125,13.96578311920166,13.96578311920166,153.18649105667507,0.8,0.7676471
195,23,419,434.08819580078125,276.94415283203125,13.8277587890625,13.8277587890625,150.1735584000156,0.8,0.785585
195,23,420,433.99932861328125,275.9510498046875,13.95893383026123,13.95893383026123,153.0362723050211,0.8,0.77496237
195,23,421,434.96539306640625,273.9588623046875,14.462098121643066,14.462098121643066,164.2678182160421,0.8,0.74827015
195,23,422,435.0343322753906,273.01007080078125,14.177127838134766,14.177127838134766,157.85792592596738,0.8,0.74853164
195,23,423,436.1207275390625,272.0720520019531,14.759593963623047,14.759593963623047,171.09554511702694,0.8,0.74961215
195,23,424,436.0896301269531,271.0474853515625,14.641560554504395,14.641560554504395,168.36996334088073,0.8,0.74711984
195,23,425,436.02154541015625,270.0557861328125,14.584911346435547,14.584911346435547,167.0696137761183,0.8,0.74706745
195,23,426,437.0784606933594,268.018310546875,14.883131980895996,14.883131980895996,173.97167601077248,0.8,0.7471722
195,23,427,437.1145935058594,267.037109375,14.903071403503418,14.903071403503418,174.43813945012135,0.8,0.74799126
195,23,428,438.0304870605469,266.0230407714844,14.67248249053955,14.67248249053955,169.0818851216005,0.8,0.74762535
195,23,429,438.0306396484375,264.96820068359375,16.079469680786133,16.079469680786133,203.06418087972554,0.8,0.69563746
195,23,430,439.05279541015625,263.9427185058594,16.056652069091797,16.056652069091797,202.48827232388257,0.8,0.7174939
195,23,431,439.08447265625,262.9598388671875,16.16845703125,16.16845703125,205.3180046538324,0.8,0.711188
195,23,432,440.09674072265625,260.95184326171875,16.849485397338867,16.849485397338867,222.9785897941057,0.8,0.6912681
195,23,433,440.0667724609375,259.98748779296875,18.09445571899414,18.09445571899414,257.14668470711206,0.8,0.64355004
195,23,434,440.10052490234375,258.9932556152344,16.74958038330078,16.74958038330078,220.342231889294,0.8,0.687835
195,23,435,441.0791931152344,257.9315185546875,18.186569213867188,18.186569213867188,259.77146338129086,0.8,0.6278747
195,23,436,441.12054443359375,256.9482421875,18.114835739135742,18.114835739135742,257.72626621027945,0.8,0.6452471
195,23,437,442.12567138671875,254.9704132080078,18.634538650512695,18.634538650512695,272.72639477254035,0.8,0.6250937
195,23,438,442.1170959472656,253.9744873046875,18.64397430419922,18.64397430419922,273.00265632885447,0.8,0.62860245
195,23,439,443.1182861328125,252.97286987304688,18.66840362548828,18.66840362548828,273.7185593749642,0.8,0.626495
195,23,440,443.1237487792969,251.95651245117188,18.684242248535156,18.684242248535156,274.18321229926926,0.8,0.62528926
195,23,441,444.1147155761719,251.00534057617188,18.700233459472656,18.700233459472656,274.65274141443587,0.8,0.6255283
195,23,442,444.0676574707031,249.00357055664062,18.655838012695312,18.655838012695312,273.35020609049707,0.8,0.6257346
195,23,443,444.10089111328125,248.0061798095703,18.760263442993164,18.760263442993164,276.4189078997792,0.8,0.6295584
195,23,444,445.104736328125,246.93792724609375,18.67152976989746,18.67152976989746,273.81023892144526,0.8,0.62528926
195,23,445,445.03662109375,245.9781036376953,18.843416213989258,18.843416213989258,278.87473027511857,0.8,0.62893933
195,23,446,446.0893249511719,244.97105407714844,18.78668785095215,18.78668785095215,277.1981453674732,0.8,0.63078594
195,23,447,446.0590515136719,243.93492126464844,18.91335105895996,18.91335105895996,280.9485848586862,0.8,0.63116616
195,23,448,447.0931396484375,241.9952850341797,18.920814514160156,18.920814514160156,281.1703605653546,0.8,0.6318071
195,23,449,447.08526611328125,240.959228515625,18.875762939453125,18.875762939453125,279.8329882383148,0.8,0.6315572
195,23,450,448.0675048828125,240.00245666503906,18.91335105895996,18.91335105895996,280.9485848586862,0.8,0.6346641
195,23,451,448.0880432128906,238.91648864746094,18.920814514160156,18.920814514160156,281.1703605653546,0.8,0.63724947
195,23,452,448.0643310546875,237.9360809326172,18.91335105895996,18.91335105895996,280.9485848586862,0.8,0.6389658
195,23,453,449.063232421875,235.94749450683594,18.928800582885742,18.928800582885742,281.40776257556695,0.8,0.637999
195,23,454,449.07427978515625,234.90969848632812,19.15926742553711,19.15926742553711,288.30201653813737,0.8,0.63808596
195,23,455,450.01666259765625,233.91961669921875,18.9526424407959,18.9526424407959,282.1171059082783,0.8,0.6367498
195,23,456,450.0364990234375,232.940185546875,18.920814514160156,18.920814514160156,281.1703605653546,0.8,0.6364239
195,23,457,450.96759033203125,231.91273498535156,19.250986099243164,19.250986099243164,291.06892518826015,0.8,0.63520724
195,23,458,451.0162658691406,230.9632110595703,18.920814514160156,18.920814514160156,281.1703605653546,0.8,0.6334474
195,23,459,452.0013427734375,228.95716857910156,18.928800582885742,18.928800582885742,281.40776257556695,0.8,0.6334257
195,23,460,451.994873046875,227.9534912109375,18.920814514160156,18.920814514160156,281.1703605653546,0.8,0.63803166
195,23,461,452.0180358886719,226.98388671875,18.920814514160156,18.920814514160156,281.1703605653546,0.8,0.6328608
195,23,462,452.9966735839844,225.98941040039062,18.928800582885742,18.928800582885742,281.40776257556695,0.8,0.63527244
195,23,463,452.9791564941406,224.96812438964844,18.439088821411133,18.439088821411133,267.03537285641715,0.8,0.6360002
195,23,464,454.00115966796875,222.99264526367188,18.920814514160156,18.920814514160156,281.1703605653546,0.8,0.63338226
195,23,465,453.96307373046875,222.0172882080078,18.920814514160156,18.920814514160156,281.1703605653546,0.8,0.63454455
195,23,466,455.0274353027344,220.97482299804688,18.920814514160156,18.920814514160156,281.1703605653546,0.8,0.6293195
195,23,467,455.01336669921875,219.98736572265625,18.920814514160156,18.920814514160156,281.1703605653546,0.8,0.63352346
195,23,468,455.9605712890625,218.98497009277344,18.920814514160156,18.920814514160156,281.1703605653546,0.8,0.6340775
195,23,469,455.97998046875,217.07090759277344,18.920814514160156,18.920814514160156,281.1703605653546,0.8,0.63317585
195,23,470,457.0279846191406,216.017333984375,18.96587562561035,18.96587562561035,282.51120516441415,0.8,0.6357395
195,23,471,456.9687805175781,214.99407958984375,18.920814514160156,18.920814514160156,281.1703605653546,0.8,0.63428384
195,23,472,457.0803527832031,214.01702880859375,20.01970100402832,20.01970100402832,314.7784954904598,0.8,0.6034314
195,23,473,458.0461730957031,213.0096435546875,18.920814514160156,18.920814514160156,281.1703605653546,0.8,0.632611
195,23,474,458.0589904785156,211.98939514160156,18.920814514160156,18.920814514160156,281.1703605653546,0.8,0.6358264
195,23,475,459.0030212402344,209.9952850341797,18.920814514160156,18.920814514160156,281.1703605653546,0.8,0.63685846
195,23,476,459.0940246582031,209.09210205078125,18.928800582885742,18.928800582885742,281.40776257556695,0.8,0.632209
195,23,477,460.06890869140625,207.9605255126953,18.843416213989258,18.843416213989258,278.87473027511857,0.8,0.6301776
195,23,478,460.1010437011719,207.00042724609375,18.875762939453125,18.875762939453125,279.8329882383148,0.8,0.62973225
195,23,479,461.1143493652344,205.99951171875,18.974626541137695,18.974626541137695,282.7719684519661,0.8,0.6283852
195,23,480,461.1014709472656,203.9246368408203,18.841827392578125,18.841827392578125,278.82770446432477,0.8,0.63207865
195,23,481,461.16375732421875,203.03799438476562,18.974485397338867,18.974485397338867,282.7677616380611,0.8,0.6305144
195,23,482,462.1731872558594,201.96646118164062,19.078039169311523,19.078039169311523,285.8626093187294,0.8,0.6320678
195,23,483,461.0783996582031,200.99098205566406,19.888429641723633,19.888429641723633,310.6639557728052,0.8,0.6159752
195,23,484,461.1067810058594,200.034423828125,19.960613250732422,19.960613250732422,312.92311253825255,0.8,0.60621566
195,23,485,460.1690368652344,199.02357482910156,20.013404846191406,20.013404846191406,314.5805321502721,0.8,0.60532355
195,23,486,460.09967041015625,196.9935760498047,18.759632110595703,18.759632110595703,276.40030376066784,0.8,0.62608224
195,23,487,459.0997009277344,195.97413635253906,19.910747528076172,19.910747528076172,311.3615727425836,0.8,0.6155727
195,23,488,459.1078186035156,194.96188354492188,18.693880081176758,18.693880081176758,274.4661473439438,0.8,0.62522405
195,23,489,458.1684875488281,193.9775390625,18.700233459472656,18.700233459472656,274.65274141443587,0.8,0.6263321
195,23,490,458.1479187011719,192.97705078125,18.716550827026367,18.716550827026367,275.1322610966553,0.8,0.62442017
195,23,491,457.1146545410156,190.97592163085938,18.23262596130371,18.23262596130371,261.08885073464484,0.8,0.6246592
195,23,492,457.06719970703125,189.99098205566406,18.2124080657959,18.2124080657959,260.51013646772986,0.8,0.62534356
195,23,493,457.11187744140625,188.9976348876953,16.970314025878906,16.970314025878906,226.18804083472395,0.8,0.6897619
195,23,494,456.1040344238281,187.99241638183594,16.17496681213379,16.17496681213379,205.48336913934696,0.8,0.7017157
195,23,495,456.0177001953125,186.9966583251953,14.560219764709473,14.560219764709473,166.504410323458,0.8,0.74051416
195,23,496,455.0334167480469,185.96783447265625,14.142135620117188,14.142135620117188,157.07963259921203,0.8,0.74230945
195,23,497,454.9717712402344,183.99728393554688,12.68738079071045,12.68738079071045,126.42525280815923,0.8,0.7870054
195,23,498,453.9469909667969,183.03213500976562,12.556181907653809,12.556181907653809,123.82407124410047,0.8,0.7861469
195,23,499,453.895263671875,181.897216796875,12.485361099243164,12.485361099243164,122.43119719543333,0.8,0.7837568
197,24,417,328.0473937988281,387.94244384765625,12.256814956665039,12.256814956665039,117.9899835055594,0.8,0.82253164
197,24,418,326.94927978515625,387.9821472167969,12.508210182189941,12.508210182189941,122.8797225225857,0.8,0.8225548
197,24,419,326.9765625,387.9182434082031,12.434091567993164,12.434091567993164,121.42776570248397,0.8,0.8242023
197,24,420,325.964599609375,388.0556335449219,14.202473640441895,14.202473640441895,158.4228657847751,0.8,0.7823965
197,24,421,325.8364562988281,389.03564453125,15.102252960205078,15.102252960205078,179.13207724117922,0.8,0.7807059
197,24,422,325.8687438964844,389.0053405761719,15.321635246276855,15.321635246276855,184.3741875522586,0.8,0.7825708
197,24,423,324.85888671875,389.0379638671875,15.146026611328125,15.146026611328125,180.17200538550347,0.8,0.7879391
197,24,424,324.86090087890625,389.09588623046875,16.394729614257812,16.394729614257812,211.1049411212959,0.8,0.73711926
197,24,425,323.8288879394531,389.06622314453125,17.6564884185791,17.6564884185791,244.84912094075992,0.8,0.7364272
197,24,426,323.815673828125,389.0537109375,17.606220245361328,17.606220245361328,243.45693048093912,0.8,0.73564017
197,24,427,322.8818054199219,389.04449462890625,19.433794021606445,19.433794021606445,296.6231701142956,0.8,0.6816034
197,24,428,322.886962890625,389.0875244140625,19.58991813659668,19.58991813659668,301.40824182332767,0.8,0.6792896
197,24,429,321.89422607421875,389.0858459472656,20.306047439575195,20.306047439575195,323.84759358384935,0.8,0.6226758
197,24,430,321.90380859375,390.0512390136719,20.31795883178711,20.31795883178711,324.2276387009825,0.8,0.62079054
197,24,431,320.95458984375,390.11505126953125,20.31793212890625,20.31793212890625,324.2267864690836,0.8,0.6203103
197,24,432,320.9014892578125,390.02239990234375,20.28111457824707,20.28111457824707,323.05280670617424,0.8,0.6221155
197,24,433,319.9278869628906,390.0387878417969,20.400476455688477,20.400476455688477,326.86656752062026,0.8,0.62013257
197,24,434,319.95330810546875,390.0509033203125,20.214893341064453,20.214893341064453,320.94660779296686,0.8,0.6196879
197,24,435,319.9626159667969,390.02130126953125,20.328397750854492,20.328397750854492,324.56088630431424,0.8,0.62012357
197,24,436,318.9815673828125,390.0250549316406,20.52492904663086,20.52492904663086,330.8668145842556,0.8,0.62255126
197,24,437,318.89971923828125,390.03717041015625,20.43071937561035,20.43071937561035,327.8364200444022,0.8,0.62114626
197,24,438,317.9540710449219,390.02911376953125,20.262033462524414,20.262033462524414,322.4452160114573,0.8,0.6202036
197,24,439,318.0277099609375,390.0342102050781,20.60482406616211,20.60482406616211,333.44768198022206,0.8,0.62180424
197,24,440,316.99908447265625,390.9489440917969,20.486286163330078,20.486286163330078,329.62212216959193,0.8,0.6268285
197,24,441,316.982666015625,390.99102783203125,20.553335189819336,20.553335189819336,331.7832761100225,0.8,0.62563694
197,24,442,315.97802734375,390.9953918457031,20.649431228637695,20.649431228637695,334.8929993805131,0.8,0.6293184
197,24,443,315.96136474609375,390.9740905761719,20.65256118774414,20.65256118774414,334.9945305871211,0.8,0.62737095
197,24,444,315.0191650390625,390.97607421875,20.827686309814453,20.827686309814453,340.6998461630898,0.8,0.626873
197,24,445,315.0260009765625,390.928466796875,20.736780166625977,20.736780166625977,337.7322464237604,0.8,0.6260282
197,24,446,314.0945739746094,390.9305725097656,20.606346130371094,20.606346130371094,333.4969469024638,0.8,0.62488997
197,24,447,314.07244873046875,390.9144287109375,20.533592224121094,20.533592224121094,331.1461785568293,0.8,0.62618834
197,24,448,314.05255126953125,390.9576416015625,20.740877151489258,20.740877151489258,337.8657117523385,0.8,0.6284025
197,24,449,313.0664367675781,391.9490966796875,20.448368072509766,20.448368072509766,328.40305546417045,0.8,0.62470317
197,24,450,313.0721130371094,391.966552734375,20.62740135192871,20.62740135192871,334.1788183480065,0.8,0.62606376
197,24,451,312.0948486328125,391.9946594238281,20.58676528930664,20.58676528930664,332.8634480679402,0.8,0.6198657
197,24,452,312.04217529296875,391.9439392089844,20.688478469848633,20.688478469848633,336.1607351634828,0.8,0.6222488
197,24,453,311.04766845703125,391.917724609375,20.306045532226562,20.306045532226562,323.84753274579236,0.8,0.6206038
197,24,454,311.05169677734375,391.960693359375,20.31795883178711,20.31795883178711,324.2276387009825,0.8,0.6211373
197,24,455,310.07098388671875,391.9432373046875,20.326984405517578,20.326984405517578,324.5157572513966,0.8,0.6220711
197,24,456,310.0630187988281,391.96661376953125,20.252058029174805,20.252058029174805,322.127800784239,0.8,0.61890537
197,24,457,309.0680847167969,392.0104675292969,20.238622665405273,20.238622665405273,321.700538666394,0.8,0.618683
197,24,458,309.0872802734375,393.0166931152344,20.28143882751465,20.28143882751465,323.0631365598827,0.8,0.62435645
197,24,459,308.04541015625,393.0076904296875,20.23324966430664,20.23324966430664,321.5297495832317,0.8,0.62156415
197,24,460,308.0411376953125,392.97711181640625,20.124635696411133,20.124635696411133,318.0870116608784,0.8,0.6205059
197,24,461,307.042724609375,393.0182189941406,20.16023826599121,20.16023826599121,319.2134650719444,0.8,0.62136847
197,24,462,307.01031494140625,392.92913818359375,20.16749382019043,20.16749382019043,319.44327261059084,0.8,0.6244809
197,24,463,307.07049560546875,392.9960021972656,20.26698112487793,20.26698112487793,322.60270709829035,0.8,0.6225423
197,24,464,306.0473327636719,392.969970703125,20.16023826599121,20.16023826599121,319.2134650719444,0.8,0.6219732
197,24,465,306.0660705566406,393.0416259765625,20.16023826599121,20.16023826599121,319.2134650719444,0.8,0.6202748
197,24,466,305.0694885253906,393.01690673828125,20.094419479370117,20.094419479370117,317.13254264096685,0.8,0.6355089
197,24,467,305.10986328125,394.015625,20.173471450805664,20.173471450805664,319.6326661854677,0.8,0.6338282
197,24,468,304.10400390625,393.9597473144531,20.16749382019043,20.16749382019043,319.44327261059084,0.8,0.6352661
197,24,469,304.0710754394531,393.9603576660156,20.099750518798828,20.099750518798828,317.3008351715834,0.8,0.63175535
197,24,470,303.0854187011719,393.97314453125,20.16023826599121,20.16023826599121,319.2134650719444,0.8,0.63371617
197,24,471,303.0514831542969,393.9822082519531,20.118085861206055,20.118085861206055,317.8799939040893,0.8,0.616371
197,24,472,302.0606994628906,393.9455871582031,20.099750518798828,20.099750518798828,317.3008351715834,0.8,0.64511764
197,24,473,302.06829833984375,394.07891845703125,20.08112335205078,20.08112335205078,316.7129993312897,0.8,0.6528235
197,24,474,301.1134948730469,393.9879150390625,20.095726013183594,20.095726013183594,317.1737837289237,0.8,0.6328571
197,24,475,301.0321350097656,393.9938049316406,20.118085861206055,20.118085861206055,317.8799939040893,0.8,0.61432576
197,24,476,301.0915222167969,394.97247314453125,20.08061408996582,20.08061408996582,316.6969357003493,0.8,0.6352754
197,24,477,300.1032409667969,394.94818115234375,18.939146041870117,18.939146041870117,281.7154511721463,0.8,0.68100595
197,24,478,300.077392578125,395.03973388671875,18.692174911499023,18.692174911499023,274.41607855083475,0.8,0.67583513
197,24,479,299.0915832519531,395.0867004394531,18.34402084350586,18.34402084350586,264.28891727280666,0.8,0.6717723
197,24,480,299.0378112792969,394.9914855957031,17.145992279052734,17.145992279052734,230.89531930496682,0.8,0.73026663
197,24,481,298.0151672363281,394.99163818359375,14.571822166442871,14.571822166442871,166.76987620157735,0.8,0.77894557
197,24,482,298.0099792480469,395.1533203125,14.936500549316406,14.936500549316406,175.22158307306935,0.8,0.77770805
197,24,483,296.9400329589844,394.90655517578125,13.799365997314453,13.799365997314453,149.55748328367127,0.8,0.8209537
197,24,484,297.03704833984375,394.95697021484375,14.099431991577148,14.099431991577148,156.13242873826923,0.8,0.77929413
197,24,485,296.1638488769531,394.9714660644531,12.24344253540039,12.24344253540039,117.73266526121881,0.8,0.8365511
197,24,486,296.0896301269531,396.0434265136719,12.168779373168945,12.168779373168945,116.30112498874897,0.8,0.83413786
197,24,487,295.0193176269531,396.0518798828125,12.225528717041016,12.225528717041016,117.38839955861044,0.8,0.82459676
197,24,488,294.9487609863281,395.97247314453125,12.17050552368164,12.17050552368164,116.33412213314105,0.8,0.81974703
197,24,490,293.96856689453125,396.0511474609375,12.097331047058105,12.097331047058105,114.93942288177689,0.8,0.8320513
197,24,491,294.043701171875,396.0985412597656,12.067757606506348,12.067757606506348,114.37814215838183,0.8,0.8425381
197,24,492,293.0929260253906,395.9701232910156,12.137807846069336,12.137807846069336,115.7098677285794,0.8,0.82943684
197,24,493,293.1391906738281,395.9898986816406,12.205759048461914,12.205759048461914,117.00905345356537,0.8,0.8289845
197,24,494,292.0522766113281,395.9233703613281,11.968291282653809,11.968291282653809,112.50042996130901,0.8,0.837609
197,24,495,291.8670959472656,397.06170654296875,12.144390106201172,12.144390106201172,115.83539928637265,0.8,0.8284566
197,24,496,291.0644226074219,396.97894287109375,12.255537033081055,12.255537033081055,117.96538097665103,0.8,0.823599
198,25,423,286.0541076660156,267.6817626953125,17.94119644165039,17.94119644165039,252.8090892942238,0.8,0.8576374
198,25,424,287.0762023925781,267.4740295410156,18.083641052246094,18.083641052246094,256.83939448684094,0.8,0.8602155
198,25,425,286.904541015625,267.44580078125,19.66750144958496,19.66750144958496,303.80034524444824,0.8,0.8364396
198,25,426,286.91668701171875,267.4718322753906,19.648706436157227,19.648706436157227,303.21997632785616,0.8,0.8291848
198,25,428,288.02825927734375,266.4653625488281,19.916223526000977,19.916223526000977,311.5328621215109,0.8,0.83498454
198,25,429,288.05743408203125,266.40203857421875,18.141738891601562,18.141738891601562,258.4923562671053,0.8,0.85236794
198,25,430,270.7335510253906,289.0353698730469,13.91299819946289,13.91299819946289,152.030715428746,0.8,0.85705674
198,25,431,270.7217712402344,290.0188903808594,13.930171012878418,13.930171012878418,152.40625006538025,0.8,0.856712
198,25,432,270.5806579589844,292.1635437011719,14.947097778320312,14.947097778320312,175.4703055827088,0.8,0.8355382
198,25,433,270.60064697265625,293.1732482910156,16.681156158447266,16.681156158447266,218.54565539776897,0.8,0.81074107
198,25,434,270.5663757324219,295.18890380859375,18.501068115234375,18.501068115234375,268.8335614613189,0.8,0.779406
198,25,435,271.6998291015625,296.1903991699219,18.397144317626953,18.397144317626953,265.82187180967054,0.8,0.76918924
198,25,436,271.5628356933594,297.2987365722656,20.14674186706543,20.14674186706543,318.7862091909763,0.8,0.7446471
198,25,437,271.6147766113281,299.3058776855469,19.973270416259766,19.973270416259766,313.32009186379486,0.8,0.74721575
198,25,438,271.6011657714844,300.25628662109375,21.669849395751953,21.669849395751953,368.8091331880881,0.8,0.70686275
198,25,439,272.6018981933594,301.2837829589844,21.508058547973633,21.508058547973633,363.3225062918408,0.8,0.7082807
198,25,440,272.633544921875,303.31915283203125,21.476028442382812,21.476028442382812,362.24118200316383,0.8,0.7065387
198,25,441,272.6606140136719,304.27947998046875,22.013587951660156,22.013587951660156,380.6024219945783,0.8,0.7101767
198,25,442,272.57421875,306.3948059082031,21.40093421936035,21.40093421936035,359.71234741743285,0.8,0.7052828
198,25,443,272.61614990234375,307.4561767578125,21.43962860107422,21.43962860107422,361.01429338468256,0.8,0.70538807
198,25,444,273.6575927734375,308.4297790527344,20.714282989501953,20.714282989501953,336.999837574492,0.8,0.74071896
198,25,445,273.6658935546875,310.428466796875,20.315568923950195,20.315568923950195,324.1513683818376,0.8,0.74280393
198,25,446,273.623046875,311.4671325683594,20.96432876586914,20.96432876586914,345.184912313469,0.8,0.7253569
198,25,447,273.753662109375,313.3836364746094,21.08247184753418,21.08247184753418,349.0864080054334,0.8,0.7321329
198,25,448,273.74224853515625,314.3578186035156,21.071258544921875,21.071258544921875,348.7151640104737,0.8,0.73033655
198,25,449,274.72381591796875,315.3846740722656,21.213459014892578,21.213459014892578,353.43768989686123,0.8,0.73625004
198,25,450,274.7312316894531,317.37908935546875,21.34609031677246,21.34609031677246,357.8710492428073,0.8,0.72811306
198,25,451,274.7509765625,318.27716064453125,21.558406829833984,21.558406829833984,365.02550283050226,0.8,0.717323
198,25,452,274.7882080078125,319.22381591796875,22.04187774658203,22.04187774658203,381.5812795041055,0.8,0.72249234
198,25,453,274.82470703125,321.20721435546875,22.388513565063477,22.388513565063477,393.6773262546536,0.8,0.7198946
198,25,454,275.83575439453125,322.1318664550781,22.60146141052246,22.60146141052246,401.20184768341386,0.8,0.7092331
198,25,455,275.9345703125,324.0536193847656,22.554031372070312,22.554031372070312,399.51973942039285,0.8,0.70803213
198,25,456,275.86749267578125,325.15948486328125,22.838407516479492,22.838407516479492,409.65807262707955,0.8,0.70724636
198,25,457,275.9645690917969,326.0966796875,22.788755416870117,22.788755416870117,407.8787653095935,0.8,0.71245044
198,25,458,276.8855285644531,328.1142272949219,22.973888397216797,22.973888397216797,414.53279571013974,0.8,0.71802515
198,25,459,276.93157958984375,329.0169677734375,22.78016471862793,22.78016471862793,407.5713063999758,0.8,0.7144445
198,25,460,276.8775939941406,330.9990539550781,22.943214416503906,22.943214416503906,413.42659355680274,0.8,0.7160903
198,25,461,276.95306396484375,331.9870910644531,22.858524322509766,22.858524322509766,410.380070555737,0.8,0.7190556
198,25,462,276.9771423339844,332.981201171875,23.931556701660156,23.931556701660156,449.81276974389164,0.8,0.72245824
198,25,463,277.95355224609375,334.9778137207031,23.016767501831055,23.016767501831055,416.08163084782296,0.8,0.71752846
198,25,464,277.9869384765625,335.9853210449219,23.52735137939453,23.52735137939453,434.74636427871457,0.8,0.71480787
198,25,465,277.88555908203125,336.99407958984375,22.960474014282227,22.960474014282227,414.0488481844828,0.8,0.7181141
198,25,466,277.9169921875,338.983154296875,22.662450790405273,22.662450790405273,403.37003194035105,0.8,0.7123541
198,25,467,277.876220703125,339.91351318359375,22.494937896728516,22.494937896728516,397.4289308481435,0.8,0.7077134
198,25,468,278.8763122558594,341.9537353515625,22.5758113861084,22.5758113861084,400.29172974450285,0.8,0.70755035
198,25,469,278.8039245605469,342.8639831542969,22.419862747192383,22.419862747192383,394.78057972782915,0.8,0.70699435
198,25,470,278.83282470703125,343.93853759765625,22.451135635375977,22.451135635375977,395.88268633526735,0.8,0.70706105
198,25,471,278.80517578125,345.9168395996094,22.5465030670166,22.5465030670166,399.2530727253889,0.8,0.70803213
198,25,472,278.8461608886719,346.9501953125,22.451025009155273,22.451025009155273,395.8787849827261,0.8,0.7064236
198,25,473,279.8338623046875,348.8843078613281,22.356874465942383,22.356874465942383,392.56543511603894,0.8,0.7055933
198,25,474,279.8485412597656,349.9461364746094,22.641429901123047,22.641429901123047,402.6220753880984,0.8,0.7062975
198,25,475,279.8489074707031,350.89080810546875,22.725576400756836,22.725576400756836,405.62031306847246,0.8,0.7126135
198,25,476,279.78289794921875,352.9066467285156,19.225454330444336,19.225454330444336,290.2973723525705,0.8,0.7895932
198,25,477,280.88397216796875,353.9867248535156,19.176042556762695,19.176042556762695,288.80709027558584,0.8,0.78953886
198,25,478,280.8371276855469,354.9818115234375,17.415111541748047,17.415111541748047,238.200353787009,0.8,0.82357013
198,25,479,280.9181213378906,357.05963134765625,16.051937103271484,16.051937103271484,202.36937018868565,0.8,0.8365809
198,25,482,277.1689758300781,364.4714050292969,27.950971603393555,27.950971603393555,613.5976665225368,0.8,0.6823679
198,25,483,277.28265380859375,364.4023742675781,27.3170108795166,27.3170108795166,586.0790975879122,0.8,0.6901131
198,25,484,277.2362976074219,365.21234130859375,24.627891540527344,24.627891540527344,476.3699370161636,0.8,0.73528475
198,25,485,277.39544677734375,364.8928527832031,24.731525421142578,24.731525421142578,480.38749046539084,0.8,0.74964714
198,25,486,277.8242492675781,365.6404724121094,24.679231643676758,24.679231643676758,478.35811968041196,0.8,0.75349027
198,25,487,278.2793884277344,365.4725036621094,26.938613891601562,26.938613891601562,569.9547437098602,0.8,0.70874256
198,25,488,278.2335205078125,365.4902038574219,28.163408279418945,28.163408279418945,622.96020351632,0.8,0.67951685
198,25,491,282.8600158691406,373.1249084472656,15.626148223876953,15.626148223876953,191.7757811750673,0.8,0.84522873
198,25,492,283.9762268066406,375.05816650390625,17.039979934692383,17.039979934692383,228.04893028602476,0.8,0.81361014
198,25,493,284.01202392578125,375.9671630859375,17.28118133544922,17.28118133544922,234.55070146348322,0.8,0.8178574
198,25,494,284.0194091796875,377.96826171875,15.699542045593262,15.699542045593262,193.58149961688338,0.8,0.8433116
198,25,495,283.9801025390625,378.94537353515625,15.819902420043945,15.819902420043945,196.5610584548479,0.8,0.8507713
198,25,496,284.9559631347656,379.9708557128906,15.89416217803955,15.89416217803955,198.410732989266,0.8,0.85063183
198,25,499,286.78936767578125,389.10296630859375,24.4832763671875,24.4832763671875,470.7918664250765,0.8,0.7249506
198,25,500,283.30035400390625,389.8053283691406,27.458980560302734,27.458980560302734,592.1867699827974,0.8,0.69453776
202,26,430,226.07635498046875,210.1468505859375,13.0823974609375,13.0823974609375,134.42020712727975,0.8,0.84246445
202,26,431,224.94419860839844,210.0745391845703,14.449971199035645,14.449971199035645,163.99244628895886,0.8,0.80149895
202,26,432,225.05047607421875,211.17355346679688,16.05857276916504,16.05857276916504,202.53671860011872,0.8,0.7865809
202,26,433,224.00082397460938,211.0540771484375,15.991801261901855,15.991801261901855,200.85592586064385,0.8,0.78844774
202,26,434,223.9906768798828,212.0939483642578,18.108171463012695,18.108171463012695,257.536670997815,0.8,0.7095058
202,26,435,222.99588012695312,212.15701293945312,18.66818618774414,18.66818618774414,273.7121832111885,0.8,0.691315
202,26,436,223.050048828125,213.17396545410156,18.190580368041992,18.190580368041992,259.8860642480455,0.8,0.7093567
202,26,437,223.00404357910156,213.11227416992188,17.08770751953125,17.08770751953125,229.32821202453266,0.8,0.7483683
202,26,438,221.91604614257812,214.07870483398438,15.695369720458984,15.695369720458984,193.47862048467957,0.8,0.7948409
202,26,439,221.9517059326172,214.04188537597656,15.9774751663208,15.9774751663208,200.49621749966678,0.8,0.77248776
202,26,440,220.86976623535156,214.95474243164062,15.387799263000488,15.387799263000488,185.970006302035,0.8,0.7933072
202,26,441,220.89675903320312,215.0012664794922,15.428237915039062,15.428237915039062,186.9487372955887,0.8,0.7895425
202,26,442,220.9264678955078,215.93104553222656,15.318852424621582,15.318852424621582,184.30721899714948,0.8,0.7904488
202,26,443,219.90643310546875,216.02297973632812,15.705510139465332,15.705510139465332,193.72870545907756,0.8,0.79151195
202,26,444,219.89047241210938,216.9917755126953,15.810806274414062,15.810806274414062,196.33508563311858,0.8,0.77624184
202,26,445,218.9900360107422,217.13162231445312,16.875425338745117,16.875425338745117,223.665673549902,0.8,0.7466857
202,26,446,218.98416137695312,218.0597686767578,18.439088821411133,18.439088821411133,267.03537285641715,0.8,0.6991038
202,26,447,218.97486877441406,218.04393005371094,19.096311569213867,19.096311569213867,286.410453599557,0.8,0.7011026
202,26,448,217.97421264648438,219.09954833984375,19.823278427124023,19.823278427124023,308.631921796788,0.8,0.6935295
202,26,449,217.93161010742188,219.1864013671875,20.975902557373047,20.975902557373047,345.56615046693975,0.8,0.64279044
202,26,450,216.9447021484375,220.1245880126953,20.34271812438965,20.34271812438965,325.01832227842726,0.8,0.6446045
202,26,451,216.9515838623047,220.1256103515625,20.31084442138672,20.31084442138672,324.00061937723075,0.8,0.640594
202,26,452,215.94419860839844,221.09994506835938,21.255163192749023,21.255163192749023,354.8287234860937,0.8,0.6449069
202,26,453,215.93431091308594,221.1295928955078,21.322519302368164,21.322519302368164,357.0811409996155,0.8,0.6418568
202,26,454,215.97543334960938,222.15911865234375,21.22378921508789,21.22378921508789,353.7819968827435,0.8,0.6407363
202,26,455,214.9241180419922,222.1612548828125,20.653549194335938,20.653549194335938,335.0265832432829,0.8,0.6420257
202,26,456,214.96768188476562,223.10269165039062,20.66187858581543,20.66187858581543,335.2968641763144,0.8,0.6472456
202,26,457,214.00689697265625,223.1305694580078,20.733837127685547,20.733837127685547,337.63638885941947,0.8,0.645716
202,26,458,214.02877807617188,224.15257263183594,20.68610954284668,20.68610954284668,336.0837556358336,0.8,0.64833933
202,26,459,214.02200317382812,224.14817810058594,20.68610954284668,20.68610954284668,336.0837556358336,0.8,0.6471211
202,26,460,213.03616333007812,225.11846923828125,20.696504592895508,20.696504592895508,336.42161377640986,0.8,0.64791256
202,26,461,212.93272399902344,225.09950256347656,20.73944091796875,20.73944091796875,337.81892132433217,0.8,0.6464719
202,26,462,212.02183532714844,226.10340881347656,20.660816192626953,20.660816192626953,335.26238445123545,0.8,0.6457872
202,26,463,211.9887237548828,226.0528106689453,20.740877151489258,20.740877151489258,337.8657117523385,0.8,0.6478591
202,26,464,210.9971160888672,227.03033447265625,20.880613327026367,20.880613327026367,342.4336093829699,0.8,0.6490329
202,26,465,211.0070343017578,227.0362548828125,20.57567596435547,20.57567596435547,332.50494232663425,0.8,0.6495132
202,26,466,210.984619140625,228.0184783935547,20.880613327026367,20.880613327026367,342.4336093829699,0.8,0.64922863
202,26,468,209.93984985351562,228.984619140625,20.880613327026367,20.880613327026367,342.4336093829699,0.8,0.651754
202,26,469,208.99928283691406,229.02268981933594,20.880613327026367,20.880613327026367,342.4336093829699,0.8,0.6471744
202,26,470,208.97621154785156,230.00465393066406,20.65256118774414,20.65256118774414,334.9945305871211,0.8,0.6497799
202,26,471,209.02139282226562,230.1012725830078,20.63840103149414,20.63840103149414,334.5353189021284,0.8,0.648446
202,26,472,208.01239013671875,230.97442626953125,20.827686309814453,20.827686309814453,340.6998461630898,0.8,0.6511405
202,26,473,207.9966583251953,231.04714965820312,20.65256118774414,20.65256118774414,334.9945305871211,0.8,0.64823264
202,26,474,207.00672912597656,232.0461883544922,20.740877151489258,20.740877151489258,337.8657117523385,0.8,0.64999336
202,26,475,207.0054168701172,232.01229858398438,20.827686309814453,20.827686309814453,340.6998461630898,0.8,0.6507581
202,26,476,206.94290161132812,232.97216796875,20.827686309814453,20.827686309814453,340.6998461630898,0.8,0.6511049
202,26,477,206.01712036132812,233.05685424804688,20.827686309814453,20.827686309814453,340.6998461630898,0.8,0.6512116
202,26,478,205.94253540039062,234.04359436035156,20.306045532226562,20.306045532226562,323.84753274579236,0.8,0.64921963
202,26,479,204.98471069335938,234.03684997558594,20.653451919555664,20.653451919555664,335.023427411787,0.8,0.6503579
202,26,480,204.99542236328125,234.98008728027344,20.827686309814453,20.827686309814453,340.6998461630898,0.8,0.6507404
202,26,481,204.02932739257812,235.037353515625,20.61870002746582,20.61870002746582,333.8969423157897,0.8,0.6494687
202,26,482,204.05116271972656,236.00328063964844,20.827686309814453,20.827686309814453,340.6998461630898,0.8,0.6487217
202,26,483,204.0439453125,236.963623046875,20.880613327026367,20.880613327026367,342.4336093829699,0.8,0.65037566
202,26,484,203.01510620117188,237.04592895507812,20.554519653320312,20.554519653320312,331.82151773852553,0.8,0.64846385
202,26,485,202.99258422851562,238.00228881835938,20.39634895324707,20.39634895324707,326.73431511205087,0.8,0.64846385
202,26,486,201.89756774902344,238.0008087158203,20.450834274291992,20.450834274291992,328.4822751884842,0.8,0.6494686
202,26,487,202.027099609375,238.9945526123047,20.532073974609375,20.532073974609375,331.0972106089577,0.8,0.649282
202,26,488,201.96868896484375,238.97869873046875,20.279150009155273,20.279150009155273,322.99022347704584,0.8,0.64562714
202,26,489,201.02951049804688,240.0577392578125,20.45125389099121,20.45125389099121,328.49575513363516,0.8,0.6449336
202,26,490,201.01698303222656,240.01535034179688,20.34271812438965,20.34271812438965,325.01832227842726,0.8,0.6439376
202,26,491,200.007080078125,241.044677734375,20.637924194335938,20.637924194335938,334.5198606282292,0.8,0.6455827
202,26,492,200.0076446533203,240.95431518554688,20.508384704589844,20.508384704589844,330.33363197884285,0.8,0.6448625
202,26,493,199.0554656982422,242.03126525878906,20.49320411682129,20.49320411682129,329.8447779997724,0.8,0.64271927
202,26,494,199.0181427001953,241.99822998046875,20.370094299316406,20.370094299316406,325.89369649946866,0.8,0.642995
202,26,495,198.9987335205078,243.038330078125,20.591449737548828,20.591449737548828,333.01494918789575,0.8,0.64324397
202,26,496,197.9828338623047,243.00636291503906,20.39607810974121,20.39607810974121,326.7256377472895,0.8,0.6412521
202,26,497,198.0423583984375,243.9747314453125,20.57927894592285,20.57927894592285,332.6214015935188,0.8,0.6439465
202,26,498,197.02584838867188,243.98574829101562,20.300275802612305,20.300275802612305,323.66352377772307,0.8,0.6385132
202,26,499,197.0204315185547,244.9086456298828,20.299930572509766,20.299930572509766,323.65251531237345,0.8,0.6403272
202,26,500,197.0895538330078,244.98590087890625,20.099750518798828,20.099750518798828,317.3008351715834,0.8,0.6556116
203,27,443,392.02947998046875,88.0,12.407318115234375,12.407318115234375,120.90540499560383,0.8,0.7899757
203,27,444,392.96173095703125,87.95562744140625,12.649110794067383,12.649110794067383,125.66370919140154,0.8,0.7893955
203,27,445,393.9423828125,87.02207946777344,14.256820678710938,14.256820678710938,159.63762412610095,0.8,0.74527234
203,27,446,395.02996826171875,87.06209564208984,15.620731353759766,15.620731353759766,191.6428444555479,0.8,0.7446972
203,27,447,396.0093078613281,87.03569030761719,16.492422103881836,16.492422103881836,213.6282901181701,0.8,0.6964787
203,27,448,397.0886535644531,86.96891784667969,18.247827529907227,18.247827529907227,261.5244012315856,0.8,0.630069
203,27,449,398.0677490234375,87.01873779296875,18.844778060913086,18.844778060913086,278.91504126895325,0.8,0.6281571
203,27,450,399.02313232421875,86.96533966064453,19.912811279296875,19.912811279296875,311.4261214117176,0.8,0.6265928
203,27,451,400.03662109375,86.94363403320312,19.945220947265625,19.945220947265625,312.4406874418823,0.8,0.5910589
203,27,452,401.057861328125,86.95635223388672,19.86241912841797,19.86241912841797,309.8519012107846,0.8,0.6255934
203,27,453,402.0414733886719,86.94537353515625,18.886808395385742,18.886808395385742,280.16058159598737,0.8,0.6274184
203,27,454,403.00286865234375,86.93863677978516,19.9803466796875,19.9803466796875,313.5421414542516,0.8,0.60351914
203,27,455,405.01513671875,86.9578857421875,19.92283821105957,19.92283821105957,311.73983248110284,0.8,0.6059856
203,27,456,406.0799255371094,86.97378540039062,19.883060455322266,19.883060455322266,310.4962414219007,0.8,0.610258
203,27,457,407.0851135253906,86.9912109375,19.907079696655273,19.907079696655273,311.2468692067009,0.8,0.6155212
203,27,458,408.11602783203125,85.9124526977539,19.96500587463379,19.96500587463379,313.0608542770888,0.8,0.5920589
203,27,459,409.0137023925781,85.92332458496094,20.000194549560547,20.000194549560547,314.165377343408,0.8,0.58889216
203,27,460,410.0516662597656,85.95623779296875,18.903076171875,18.903076171875,280.64341092550126,0.8,0.63192654
203,27,461,411.02276611328125,85.98141479492188,18.920814514160156,18.920814514160156,281.1703605653546,0.8,0.6305361
203,27,462,411.9992370605469,85.98846435546875,18.91335105895996,18.91335105895996,280.9485848586862,0.8,0.62836355
203,27,463,413.07366943359375,85.95097351074219,18.920814514160156,18.920814514160156,281.1703605653546,0.8,0.6291674
203,27,464,414.076904296875,85.9304428100586,18.841827392578125,18.841827392578125,278.82770446432477,0.8,0.62898266
203,27,465,415.0934143066406,85.97178649902344,18.774044036865234,18.774044036865234,276.8251512102294,0.8,0.62820053
203,27,466,416.04248046875,85.96849822998047,18.875762939453125,18.875762939453125,279.8329882383148,0.8,0.62842864
203,27,467,417.0005187988281,85.9505844116211,18.841827392578125,18.841827392578125,278.82770446432477,0.8,0.63015586
203,27,468,418.0895080566406,85.91210174560547,18.875762939453125,18.875762939453125,279.8329882383148,0.8,0.6223888
203,27,469,419.0643310546875,85.93605041503906,18.920814514160156,18.920814514160156,281.1703605653546,0.8,0.6258107
203,27,470,420.0633239746094,85.96239471435547,18.91335105895996,18.91335105895996,280.9485848586862,0.8,0.62871116
203,27,471,420.98724365234375,85.94583892822266,19.955402374267578,19.955402374267578,312.7597517415739,0.8,0.6011455
203,27,472,422.051513671875,84.98456573486328,18.920814514160156,18.920814514160156,281.1703605653546,0.8,0.62898266
203,27,473,423.0632629394531,84.93679809570312,18.91335105895996,18.91335105895996,280.9485848586862,0.8,0.62511545
203,27,474,424.0690002441406,84.94357299804688,18.875762939453125,18.875762939453125,279.8329882383148,0.8,0.6269295
203,27,475,425.01470947265625,84.95237731933594,18.875762939453125,18.875762939453125,279.8329882383148,0.8,0.623323
203,27,476,427.01715087890625,84.9497299194336,18.920814514160156,18.920814514160156,281.1703605653546,0.8,0.6281136
203,27,477,428.0396423339844,84.94426727294922,19.964872360229492,19.964872360229492,313.0566671514782,0.8,0.5920392
203,27,478,429.0369567871094,84.99161529541016,18.920814514160156,18.920814514160156,281.1703605653546,0.8,0.62734234
203,27,479,430.0455017089844,84.95958709716797,20.01970100402832,20.01970100402832,314.7784954904598,0.8,0.59202945
203,27,480,431.0076599121094,84.98723602294922,18.920814514160156,18.920814514160156,281.1703605653546,0.8,0.6284287
203,27,481,431.98187255859375,85.0215072631836,18.920814514160156,18.920814514160156,281.1703605653546,0.8,0.62809193
203,27,482,433.0379943847656,84.95928955078125,20.0,20.0,314.1592653589793,0.8,0.5943824
203,27,483,434.0007629394531,84.9285888671875,18.920814514160156,18.920814514160156,281.1703605653546,0.8,0.6273098
203,27,484,435.011474609375,85.01343536376953,18.920814514160156,18.920814514160156,281.1703605653546,0.8,0.62625605
203,27,485,436.0469055175781,84.98416900634766,18.920814514160156,18.920814514160156,281.1703605653546,0.8,0.62327963
203,27,486,437.0306396484375,83.9665756225586,18.920814514160156,18.920814514160156,281.1703605653546,0.8,0.6245506
203,27,487,438.0639343261719,83.98734283447266,18.920814514160156,18.920814514160156,281.1703605653546,0.8,0.62431157
203,27,488,439.0948791503906,83.96932983398438,18.920814514160156,18.920814514160156,281.1703605653546,0.8,0.62285596
203,27,489,440.08514404296875,84.00882720947266,18.91335105895996,18.91335105895996,280.9485848586862,0.8,0.621422
203,27,490,441.0796813964844,83.95120239257812,18.920814514160156,18.920814514160156,281.1703605653546,0.8,0.62464833
203,27,491,442.03240966796875,83.9798355102539,20.03728675842285,20.03728675842285,315.33175536326854,0.8,0.5872745
203,27,492,443.0844421386719,83.95762634277344,18.920814514160156,18.920814514160156,281.1703605653546,0.8,0.6233013
203,27,493,444.02349853515625,83.9844970703125,18.920814514160156,18.920814514160156,281.1703605653546,0.8,0.62396395
203,27,494,445.02789306640625,84.01776123046875,18.920814514160156,18.920814514160156,281.1703605653546,0.8,0.6246918
203,27,495,446.01507568359375,83.9344482421875,18.920814514160156,18.920814514160156,281.1703605653546,0.8,0.6281354
203,27,496,447.03814697265625,83.98394012451172,18.920814514160156,18.920814514160156,281.1703605653546,0.8,0.6246049
203,27,497,447.9783630371094,83.96751403808594,18.920814514160156,18.920814514160156,281.1703605653546,0.8,0.62405086
203,27,498,449.9366455078125,83.97373962402344,18.920814514160156,18.920814514160156,281.1703605653546,0.8,0.6270708
203,27,499,450.994873046875,83.9921875,18.920814514160156,18.920814514160156,281.1703605653546,0.8,0.62158495
203,27,500,452.0103759765625,82.98365020751953,18.920814514160156,18.920814514160156,281.1703605653546,0.8,0.622139
204,28,443,125.1275863647461,252.06280517578125,12.434091567993164,12.434091567993164,121.42776570248397,0.8,0.8278687
204,28,444,126.09458923339844,253.11940002441406,14.176271438598633,14.176271438598633,157.83885501500737,0.8,0.8072629
204,28,445,127.03247833251953,255.04855346679688,15.745003700256348,15.745003700256348,194.7042428474455,0.8,0.78351194
204,28,446,128.1373748779297,256.0681457519531,16.820022583007812,16.820022583007812,222.199476023767,0.8,0.7410272
204,28,447,129.1334686279297,257.0757751464844,18.69853973388672,18.69853973388672,274.60299173512203,0.8,0.6857857
204,28,448,130.18521118164062,258.04156494140625,20.02822494506836,20.02822494506836,315.04660384522896,0.8,0.66687256
204,28,449,130.12652587890625,259.0384826660156,20.453144073486328,20.453144073486328,328.5564795882953,0.8,0.6244454
204,28,450,131.1547088623047,260.0023498535156,20.58352279663086,20.58352279663086,332.7586018446742,0.8,0.62484556
204,28,451,132.1664581298828,261.021240234375,20.606346130371094,20.606346130371094,333.4969469024638,0.8,0.62562805
204,28,452,133.14163208007812,262.0437927246094,20.63840103149414,20.63840103149414,334.5353189021284,0.8,0.6267129
204,28,453,134.1664276123047,263.0137634277344,20.03229522705078,20.03229522705078,315.1746689953708,0.8,0.6446032
204,28,454,134.13560485839844,264.93536376953125,20.56624984741211,20.56624984741211,332.2003581613212,0.8,0.6244987
204,28,455,135.15309143066406,265.9958190917969,20.08814239501953,20.08814239501953,316.93444218818786,0.8,0.64861816
204,28,456,136.1436767578125,267.0013732910156,20.696504592895508,20.696504592895508,336.42161377640986,0.8,0.6316571
204,28,457,137.1297149658203,267.9811706542969,20.09369468688965,20.09369468688965,317.109665529529,0.8,0.64985067
204,28,458,138.09326171875,269.0037841796875,20.696504592895508,20.696504592895508,336.42161377640986,0.8,0.629105
204,28,459,139.1151123046875,269.9973449707031,20.095335006713867,20.095335006713867,317.161441224366,0.8,0.64879555
204,28,460,139.1581573486328,270.98736572265625,20.70587158203125,20.70587158203125,336.72620344253204,0.8,0.6277978
204,28,461,140.09808349609375,271.94244384765625,20.724687576293945,20.724687576293945,337.33846620694806,0.8,0.6255836
204,28,462,141.10650634765625,272.9872741699219,20.640850067138672,20.640850067138672,334.6147182246974,0.8,0.6260282
204,28,463,142.13011169433594,274.95330810546875,20.63255500793457,20.63255500793457,334.3458251165087,0.8,0.62657064
204,28,464,143.0872039794922,275.9689636230469,20.827686309814453,20.827686309814453,340.6998461630898,0.8,0.62835807
204,28,465,144.10853576660156,276.9794006347656,20.59215545654297,20.59215545654297,333.0377760412972,0.8,0.6274865
204,28,466,144.1163787841797,277.9299621582031,20.57155990600586,20.57155990600586,332.37192381926235,0.8,0.6264906
204,28,467,145.09771728515625,278.9395751953125,20.696611404418945,20.696611404418945,336.4250862272914,0.8,0.631257
204,28,468,146.1107177734375,279.95172119140625,20.880613327026367,20.880613327026367,342.4336093829699,0.8,0.6317994
204,28,469,147.05540466308594,280.90362548828125,20.61079216003418,20.61079216003418,333.64087317323066,0.8,0.62916726
204,28,470,148.11151123046875,281.9239501953125,20.650165557861328,20.650165557861328,334.9168185439769,0.8,0.6311057
204,28,471,148.0423583984375,282.9692687988281,20.880613327026367,20.880613327026367,342.4336093829699,0.8,0.63258195
204,28,472,149.0986785888672,284.950439453125,20.740877151489258,20.740877151489258,337.8657117523385,0.8,0.63163936
204,28,473,150.0097198486328,285.93359375,20.697662353515625,20.697662353515625,336.4592536192747,0.8,0.630679
204,28,474,151.07945251464844,286.97906494140625,20.720394134521484,20.720394134521484,337.1987108515508,0.8,0.62916726
204,28,475,152.10427856445312,287.92498779296875,20.653549194335938,20.653549194335938,335.0265832432829,0.8,0.623814
204,28,476,153.0658416748047,288.98150634765625,20.009361267089844,20.009361267089844,314.45342706520654,0.8,0.6532843
204,28,477,153.06100463867188,289.97412109375,20.509906768798828,20.509906768798828,330.3826663287603,0.8,0.62413406
204,28,478,154.03807067871094,290.9861755371094,19.987415313720703,19.987415313720703,313.7640301662585,0.8,0.6515393
204,28,479,154.99546813964844,291.9730224609375,20.377437591552734,20.377437591552734,326.1287041504806,0.8,0.6239474
204,28,480,156.03086853027344,293.0285949707031,19.97866439819336,19.97866439819336,313.48934517947487,0.8,0.65930396
204,28,481,157.05941772460938,294.9471130371094,19.851333618164062,19.851333618164062,309.5061318580232,0.8,0.67791
204,28,482,158.02792358398438,296.0201416015625,19.955425262451172,19.955425262451172,312.76046919207573,0.8,0.6707121
204,28,483,158.052734375,297.0047607421875,18.439088821411133,18.439088821411133,267.03537285641715,0.8,0.6803976
204,28,484,159.02130126953125,298.05096435546875,18.404186248779297,18.404186248779297,266.0254096570731,0.8,0.6770192
204,28,485,160.06564331054688,299.0637512207031,18.404186248779297,18.404186248779297,266.0254096570731,0.8,0.67773616
204,28,486,161.06930541992188,300.0134582519531,18.42215347290039,18.42215347290039,266.54508178167447,0.8,0.67525935
204,28,487,162.0493621826172,301.02716064453125,18.481483459472656,18.481483459472656,268.2647050000382,0.8,0.6824833
204,28,488,163.0249786376953,302.0399169921875,19.819835662841797,19.819835662841797,308.52472916537033,0.8,0.68247247
204,28,489,163.12942504882812,303.0304870605469,18.550989151000977,18.550989151000977,270.28629443969857,0.8,0.68342835
204,28,490,164.07188415527344,304.07025146484375,18.439504623413086,18.439504623413086,267.04741630342363,0.8,0.68151647
204,28,491,165.13674926757812,306.0763854980469,18.533714294433594,18.533714294433594,269.7831425108154,0.8,0.6879257
204,28,492,166.07162475585938,307.03570556640625,20.07268524169922,20.07268524169922,316.446888944324,0.8,0.6436508
204,28,493,167.09043884277344,308.0326232910156,20.022306442260742,20.022306442260742,314.8604337066697,0.8,0.6682353
204,28,494,167.0493927001953,309.06036376953125,20.004215240478516,20.004215240478516,314.2917049993362,0.8,0.6667353
204,28,495,168.11094665527344,310.0920715332031,20.015043258666992,20.015043258666992,314.6320410034369,0.8,0.6675196
204,28,496,169.14138793945312,311.07135009765625,19.738542556762695,19.738542556762695,305.99902734420016,0.8,0.6754696
204,28,497,170.1168212890625,312.1302490234375,19.905303955078125,19.905303955078125,311.1913443015657,0.8,0.66554904
204,28,498,171.0606231689453,313.1146240234375,18.671234130859375,18.671234130859375,273.80156814237256,0.8,0.6911086
204,28,499,172.0961151123047,314.0823059082031,18.024301528930664,18.024301528930664,255.15657831173257,0.8,0.7244735
204,28,500,172.0573272705078,316.0956726074219,18.224985122680664,18.224985122680664,260.87006494211556,0.8,0.6892727
208,29,458,297.9610595703125,258.8880615234375,21.371328353881836,21.371328353881836,358.71778998541515,0.8,0.84197235
208,29,459,298.90557861328125,258.8282165527344,21.076692581176758,21.076692581176758,348.8950464964013,0.8,0.83717924
208,29,460,299.01470947265625,257.8455505371094,21.018089294433594,21.018089294433594,346.9575536005452,0.8,0.83782846
208,29,461,298.81695556640625,257.9150695800781,21.401575088500977,21.401575088500977,359.7338915231513,0.8,0.83692145
208,29,462,299.8187255859375,258.0270690917969,21.943944931030273,21.943944931030273,378.19805481791735,0.8,0.83175457
208,29,463,299.9160461425781,257.9725646972656,21.86349105834961,21.86349105834961,375.42993636595,0.8,0.8321195
208,29,464,299.8515319824219,257.077880859375,23.899377822875977,23.899377822875977,448.60392742465683,0.8,0.7977465
208,29,465,300.9892272949219,257.00006103515625,24.093265533447266,24.093265533447266,455.91220164775865,0.8,0.78480315
208,29,466,300.9748840332031,256.9248046875,23.983455657958984,23.983455657958984,451.76585009141326,0.8,0.79479164
208,29,467,300.9363708496094,256.88446044921875,23.9328556060791,23.9328556060791,449.86159896610184,0.8,0.794567
208,29,468,301.9066162109375,256.0502624511719,24.227991104125977,24.227991104125977,461.02522920280813,0.8,0.7862902
208,29,469,301.8902893066406,256.0693054199219,24.074607849121094,24.074607849121094,455.20636355158024,0.8,0.80010897
208,29,470,302.0138854980469,256.03759765625,24.211933135986328,24.211933135986328,460.4143097859937,0.8,0.788273
208,29,471,302.92083740234375,255.1425323486328,24.270915985107422,24.270915985107422,462.6602788076871,0.8,0.7981961
208,29,472,302.9490051269531,255.04881286621094,24.14539909362793,24.14539909362793,457.88736283071864,0.8,0.78981024
208,29,473,302.94635009765625,255.0893096923828,24.252546310424805,24.252546310424805,461.96020613045295,0.8,0.7877082
208,29,474,303.99835205078125,255.09921264648438,24.205772399902344,24.205772399902344,460.18003438445425,0.8,0.78795916
208,29,475,303.828369140625,254.19908142089844,24.094009399414062,24.094009399414062,455.94035414585176,0.8,0.80179054
208,29,476,305.0448913574219,254.0659942626953,24.205150604248047,24.205150604248047,460.15639256334606,0.8,0.7869113
208,29,477,304.9714660644531,254.12759399414062,24.35359764099121,24.35359764099121,465.81785847898607,0.8,0.7869804
208,29,478,304.9233093261719,254.14939880371094,24.084917068481445,24.084917068481445,455.59630361330613,0.8,0.8025532
208,29,479,306.0509338378906,253.0582733154297,24.184377670288086,24.184377670288086,459.36691623946257,0.8,0.78964084
208,29,480,305.93853759765625,253.17886352539062,24.19442367553711,24.19442367553711,459.7486305007509,0.8,0.79840523
208,29,481,306.1014709472656,253.14071655273438,24.0137939453125,24.0137939453125,452.9095110440311,0.8,0.8054602
208,29,482,307.0572204589844,253.06410217285156,24.083568572998047,24.083568572998047,455.5452880871247,0.8,0.80518794
208,29,483,306.93804931640625,252.189697265625,24.00830078125,24.00830078125,452.70232831392445,0.8,0.8013413
208,29,484,307.01104736328125,252.1257781982422,24.072092056274414,24.072092056274414,455.11123053147094,0.8,0.7957778
208,29,485,308.1228332519531,252.1547393798828,23.960140228271484,23.960140228271484,450.8879119662007,0.8,0.80373776
208,29,486,308.0449523925781,251.23252868652344,23.675390243530273,23.675390243530273,440.2346011802822,0.8,0.8073601
208,29,487,308.154052734375,251.13040161132812,23.821544647216797,23.821544647216797,445.68674584905204,0.8,0.80326116
208,29,488,309.00091552734375,251.345703125,23.81296157836914,23.81296157836914,445.3656356163791,0.8,0.80740976
208,29,489,309.1065368652344,251.16371154785156,23.919086456298828,23.919086456298828,449.3441153863165,0.8,0.80273694
208,29,490,309.1144714355469,250.1949005126953,23.824573516845703,23.824573516845703,445.8000897055472,0.8,0.80212426
208,29,491,310.0595703125,250.25173950195312,24.03878402709961,24.03878402709961,453.8526468887961,0.8,0.8014638
208,29,492,310.0703125,250.2052001953125,24.105762481689453,24.105762481689453,456.38527897316817,0.8,0.8019403
208,29,493,310.0205993652344,250.28860473632812,23.85243034362793,23.85243034362793,446.84320059817423,0.8,0.8084541
208,29,494,311.1665344238281,249.30593872070312,23.876461029052734,23.876461029052734,447.7440192846455,0.8,0.79999995
208,29,495,311.02532958984375,249.2470245361328,24.07499885559082,24.07499885559082,455.22115009179896,0.8,0.79253596
208,29,496,310.9599609375,249.34317016601562,23.95140266418457,23.95140266418457,450.5591205944146,0.8,0.7994826
208,29,497,311.92523193359375,249.267822265625,23.87497329711914,23.87497329711914,447.68822355161495,0.8,0.7960921
208,29,498,312.059814453125,248.20387268066406,23.710153579711914,23.710153579711914,441.52837154493096,0.8,0.8061808
208,29,499,312.0918884277344,248.2827606201172,23.47410011291504,23.47410011291504,432.7806015683987,0.8,0.80463904
208,29,500,313.0050048828125,248.33065795898438,23.103199005126953,23.103199005126953,419.21239917310464,0.8,0.8065014
210,30,462,170.07525634765625,82.94855499267578,16.014434814453125,16.014434814453125,201.4248799346812,0.8,0.8316177
210,30,463,170.97183227539062,82.01988220214844,16.10642433166504,16.10642433166504,203.74556054619794,0.8,0.81408507
210,30,464,172.0349884033203,82.04121398925781,16.16511344909668,16.16511344909668,205.2330952982769,0.8,0.8161205
210,30,465,173.97393798828125,80.99982452392578,16.09667205810547,16.09667205810547,203.49890357834232,0.8,0.8114119
210,30,466,175.03170776367188,79.97533416748047,17.997011184692383,17.997011184692383,254.38450519482822,0.8,0.7954249
210,30,467,176.1193389892578,78.9237289428711,18.7220516204834,18.7220516204834,275.2940075804456,0.8,0.77660096
210,30,468,177.11769104003906,77.84669494628906,20.273557662963867,20.273557662963867,322.81210712711066,0.8,0.74223155
210,30,469,178.17718505859375,76.93097686767578,20.207748413085938,20.207748413085938,320.7197715583958,0.8,0.74676937
210,30,470,179.1608428955078,75.86180114746094,21.281951904296875,21.281951904296875,355.7236960865948,0.8,0.7311635
210,30,471,180.20553588867188,74.77474975585938,21.561887741088867,21.561887741088867,365.1433894601679,0.8,0.719175
210,30,472,182.22296142578125,73.74015808105469,21.383079528808594,21.383079528808594,359.11238543133646,0.8,0.72517014
210,30,473,183.28048706054688,72.66459655761719,21.41104507446289,21.41104507446289,360.0523193583631,0.8,0.7121976
210,30,474,184.23745727539062,71.6927261352539,21.471254348754883,21.471254348754883,362.08014840193937,0.8,0.71136576
210,30,475,185.2591552734375,70.73086547851562,21.529644012451172,21.529644012451172,364.05213238903065,0.8,0.7050803
210,30,476,186.2507781982422,69.70173645019531,21.422611236572266,21.422611236572266,360.4414221117917,0.8,0.71384436
210,30,477,187.3238983154297,68.68197631835938,21.412818908691406,21.412818908691406,360.1119801158731,0.8,0.70311946
210,30,478,188.28164672851562,67.72197723388672,21.461153030395508,21.461153030395508,361.7395417056862,0.8,0.70448065
210,30,479,190.22607421875,66.78357696533203,21.573877334594727,21.573877334594727,365.5495819091538,0.8,0.70401883
210,30,480,191.27529907226562,65.78591918945312,21.868650436401367,21.868650436401367,375.60714626483934,0.8,0.7074705
210,30,481,192.1959228515625,64.78321838378906,22.019241333007812,22.019241333007812,380.7979345961087,0.8,0.7104926
210,30,482,193.1483154296875,63.81768035888672,21.920459747314453,21.920459747314453,377.38896621654953,0.8,0.7114326
210,30,483,194.2136993408203,62.7906494140625,22.37361717224121,22.37361717224121,393.15362724940223,0.8,0.71415496
210,30,484,195.1581268310547,61.89540100097656,22.667373657226562,22.667373657226562,403.5452956522824,0.8,0.69528896
210,30,485,196.11268615722656,60.944087982177734,22.46268081665039,22.46268081665039,396.2899452480215,0.8,0.6939991
210,30,486,198.16343688964844,59.915687561035156,22.635169982910156,22.635169982910156,402.39947170491575,0.8,0.6969643
210,30,487,199.17823791503906,58.954803466796875,22.52971839904785,22.52971839904785,398.6588487918627,0.8,0.69425106
210,30,488,200.1212615966797,58.01885223388672,22.53494644165039,22.53494644165039,398.84388858946437,0.8,0.6925016
210,30,489,201.05062866210938,56.989192962646484,22.564559936523438,22.564559936523438,399.8928302488949,0.8,0.6979948
210,30,490,202.04556274414062,56.001548767089844,22.715463638305664,22.715463638305664,405.25939556056954,0.8,0.6975871
210,30,491,203.10736083984375,55.015869140625,22.567298889160156,22.567298889160156,399.9899164761031,0.8,0.6934949
210,30,492,204.0729217529297,55.070228576660156,22.457050323486328,22.457050323486328,396.0913021567337,0.8,0.6919753
210,30,493,206.0194549560547,54.05029296875,22.593948364257812,22.593948364257812,400.93516164935863,0.8,0.6941843
210,30,494,207.07232666015625,53.08344650268555,22.55592918395996,22.55592918395996,399.5869775295443,0.8,0.69434005
210,30,495,208.02381896972656,52.0103759765625,22.724079132080078,22.724079132080078,405.56686645202063,0.8,0.69815785
210,30,496,209.01791381835938,51.012596130371094,22.885751724243164,22.885751724243164,411.3582822253938,0.8,0.6988547
210,30,497,210.09207153320312,50.039058685302734,23.53485679626465,23.53485679626465,435.023783789165,0.8,0.7006264
210,30,498,211.12228393554688,50.02587127685547,22.985698699951172,22.985698699951172,414.959107192067,0.8,0.69838023
210,30,499,212.06906127929688,49.98527526855469,23.121675491333008,23.121675491333008,419.8831867397821,0.8,0.70153826
210,30,500,213.0877227783203,51.054168701171875,23.219690322875977,23.219690322875977,423.4505760676839,0.8,0.70094514
213,31,469,182.9993133544922,384.0869140625,16.236818313598633,16.236818313598633,207.05787064102583,0.8,0.82111406
213,31,470,183.07681274414062,384.99383544921875,16.267017364501953,16.267017364501953,207.82880568797358,0.8,0.8203542
213,31,471,184.1205291748047,385.94964599609375,16.202253341674805,16.202253341674805,206.17723855130166,0.8,0.82456744
213,31,472,184.18582153320312,387.99407958984375,18.19704246520996,18.19704246520996,260.0707430505789,0.8,0.7937622
213,31,473,185.1667938232422,388.9676818847656,20.067462921142578,20.067462921142578,316.2822500735284,0.8,0.7602801
213,31,474,185.1321563720703,390.9227294921875,20.1218204498291,20.1218204498291,317.9980231444809,0.8,0.76975495
213,31,475,186.1077423095703,391.9155578613281,23.333772659301758,23.333772659301758,427.6217690279392,0.8,0.71050817
213,31,476,186.09716796875,392.9301452636719,23.215559005737305,23.215559005737305,423.2999062725279,0.8,0.7100708
213,31,477,187.13214111328125,394.9286193847656,22.96443748474121,22.96443748474121,414.1918079525881,0.8,0.7071204
213,31,478,187.1195526123047,395.8908386230469,22.79356575012207,22.79356575012207,408.05097654519125,0.8,0.70585275
213,31,479,188.10714721679688,396.9322814941406,22.809436798095703,22.809436798095703,408.61942216422443,0.8,0.7068239
213,31,480,188.04002380371094,398.8971862792969,23.11606788635254,23.11606788635254,419.67954634774236,0.8,0.7092998
213,31,481,189.08750915527344,399.92572021484375,22.749889373779297,22.749889373779297,406.488683656813,0.8,0.7066385
213,31,482,189.04415893554688,401.9065856933594,22.912199020385742,22.912199020385742,412.3095815869906,0.8,0.7082175
213,31,483,189.9297332763672,402.9658508300781,22.787761688232422,22.787761688232422,407.8431940846492,0.8,0.7055636
213,31,484,190.03668212890625,403.9756774902344,22.79186248779297,22.79186248779297,407.9899951352165,0.8,0.7081879
213,31,485,191.06826782226562,405.93536376953125,22.833168029785156,22.833168029785156,409.47013029260404,0.8,0.7043108
213,31,486,191.99966430664062,406.95062255859375,23.024770736694336,23.024770736694336,416.37103534009884,0.8,0.7051781
213,31,487,191.93609619140625,407.8976745605469,23.21028709411621,23.21028709411621,423.107677749164,0.8,0.7064976
213,31,488,193.00341796875,409.9559631347656,22.715463638305664,22.715463638305664,405.25939556056954,0.8,0.7026132
213,31,489,193.00460815429688,410.9634094238281,22.721473693847656,22.721473693847656,405.4738709263037,0.8,0.70586014
213,31,490,193.94960021972656,412.9848327636719,22.752758026123047,22.752758026123047,406.59120268133614,0.8,0.70550436
213,31,491,194.0156707763672,413.9535217285156,23.015108108520508,23.015108108520508,416.02163821974636,0.8,0.7050002
213,31,492,194.9782257080078,415.0332946777344,23.290742874145508,23.290742874145508,426.04606954961696,0.8,0.7056377
213,31,493,194.99307250976562,417.0205078125,22.75545883178711,22.75545883178711,406.6877350662746,0.8,0.7056081
213,31,494,195.8897247314453,418.06109619140625,23.008148193359375,23.008148193359375,415.7700610828088,0.8,0.7070685
213,31,495,195.9303741455078,419.0090637207031,23.524139404296875,23.524139404296875,434.6276684548771,0.8,0.7113533
213,31,496,196.91769409179688,421.0191955566406,22.26119041442871,22.26119041442871,389.2123840455573,0.8,0.70832866
213,31,497,196.85147094726562,422.0476989746094,21.99912452697754,21.99912452697754,380.1024575105622,0.8,0.7282126
213,31,498,197.8809051513672,424.0276184082031,23.178550720214844,23.178550720214844,421.9514039687799,0.8,0.7056526
213,31,499,197.8494415283203,425.0066833496094,23.449071884155273,23.449071884155273,431.8582269157007,0.8,0.70249456
213,31,500,198.84600830078125,426.14007568359375,22.784597396850586,22.784597396850586,407.72993635267005,0.8,0.7012862
214,32,469,169.1707000732422,370.1711730957031,15.720270156860352,15.720270156860352,194.09300852030734,0.8,0.83207726
214,32,470,170.22344970703125,368.1215515136719,15.862679481506348,15.862679481506348,197.6254989671571,0.8,0.8376532
214,32,471,171.1474609375,367.02142333984375,16.126340866088867,16.126340866088867,204.24975866059893,0.8,0.82957035
214,32,472,172.17462158203125,364.92120361328125,18.315567016601562,18.315567016601562,263.4696640759769,0.8,0.80220157
214,32,473,173.08702087402344,363.9932556152344,20.071744918823242,20.071744918823242,316.4172411642349,0.8,0.7658543
214,32,474,174.10354614257812,362.8596496582031,20.24039649963379,20.24039649963379,321.7569326654875,0.8,0.7630906
214,32,475,175.14126586914062,360.8982849121094,23.448904037475586,23.448904037475586,431.85204452089914,0.8,0.71755815
214,32,476,176.1677703857422,359.9067077636719,23.396263122558594,23.396263122558594,429.9152742808132,0.8,0.7157715
214,32,477,177.11734008789062,357.91729736328125,23.573917388916016,23.573917388916016,436.4689923097151,0.8,0.7119019
214,32,478,178.13504028320312,356.87054443359375,23.65817642211914,23.65817642211914,439.5946653828876,0.8,0.7119834
214,32,479,179.176025390625,354.998779296875,23.429048538208008,23.429048538208008,431.12100757119015,0.8,0.71111614
214,32,480,180.18508911132812,353.9994812011719,22.131366729736328,22.131366729736328,384.68597315516087,0.8,0.7239867
214,32,481,181.18569946289062,351.9794616699219,23.03023910522461,23.03023910522461,416.56883454255245,0.8,0.7110864
214,32,482,182.15040588378906,350.9914245605469,23.562715530395508,23.562715530395508,436.0542880262371,0.8,0.716713
214,32,483,183.19235229492188,349.0506286621094,23.50054168701172,23.50054168701172,433.7561316459507,0.8,0.7181586
214,32,484,184.1722869873047,347.9967346191406,23.504297256469727,23.504297256469727,433.89477793465943,0.8,0.7160903
214,32,485,185.16412353515625,346.0768737792969,23.369518280029297,23.369518280029297,428.93294266494127,0.8,0.7137774
214,32,486,186.20001220703125,345.02923583984375,22.044788360595703,22.044788360595703,381.68206122166856,0.8,0.7394426
214,32,487,187.1316375732422,344.0318908691406,22.301769256591797,22.301769256591797,390.6326299955733,0.8,0.71466696
214,32,488,188.16162109375,341.98388671875,23.221878051757812,23.221878051757812,423.5303737466604,0.8,0.7149116
214,32,489,189.10195922851562,341.07720947265625,22.320072174072266,22.320072174072266,391.2740724365571,0.8,0.716928
214,32,490,190.05531311035156,339.09234619140625,22.288959503173828,22.288959503173828,390.1840135176277,0.8,0.71768415
214,32,491,191.0894012451172,338.0528869628906,22.36248016357422,22.36248016357422,392.7623212254757,0.8,0.7182846
214,32,492,191.98252868652344,335.98382568359375,22.36859893798828,22.36859893798828,392.9772842176729,0.8,0.7217317
214,32,493,192.94473266601562,334.98663330078125,22.319284439086914,22.319284439086914,391.24645470894785,0.8,0.7215983
214,32,494,193.9657745361328,333.0118408203125,22.29932975769043,22.29932975769043,390.5471752730154,0.8,0.7193595
214,32,495,195.03900146484375,331.9734802246094,22.314626693725586,22.314626693725586,391.083175620267,0.8,0.71873677
214,32,496,196.0056915283203,329.9864501953125,22.291566848754883,22.291566848754883,390.27530571701425,0.8,0.72055304
214,32,497,196.97116088867188,328.988037109375,22.338064193725586,22.338064193725586,391.905132059652,0.8,0.7189147
214,32,498,197.9899139404297,328.0161437988281,22.0986385345459,22.0986385345459,383.54905571370307,0.8,0.71829945
214,32,499,198.96397399902344,326.0330505371094,22.10871124267578,22.10871124267578,383.8987838802079,0.8,0.7179659
214,32,500,199.976318359375,324.99737548828125,22.116104125976562,22.116104125976562,384.15556894502225,0.8,0.71837354
217,33,475,411.9493408203125,178.02838134765625,14.413755416870117,14.413755416870117,163.17145196787502,0.8,0.83015245
217,33,476,412.12103271484375,176.94383239746094,14.313482284545898,14.313482284545898,160.90905749602993,0.8,0.8252724
217,33,477,412.0065612792969,176.9762725830078,14.339235305786133,14.339235305786133,161.48859812351472,0.8,0.82255346
217,33,478,412.0018310546875,175.962890625,14.422483444213867,14.422483444213867,163.36912371182228,0.8,0.8236514
217,33,479,411.9778137207031,175.8722686767578,16.087228775024414,16.087228775024414,203.2602040441686,0.8,0.7916522
217,33,480,411.9583740234375,174.92715454101562,16.203397750854492,16.203397750854492,206.20636529711896,0.8,0.78676975
217,33,481,411.92633056640625,174.91705322265625,16.157974243164062,16.157974243164062,205.05185589178242,0.8,0.7892878
217,33,482,411.9617004394531,173.89305114746094,16.21861457824707,16.21861457824707,206.59384946486418,0.8,0.786322
217,33,483,411.9239501953125,173.97975158691406,17.847400665283203,17.847400665283203,250.17264961983753,0.8,0.78800464
217,33,484,410.99951171875,172.86424255371094,19.201374053955078,19.201374053955078,289.57062092867085,0.8,0.7521047
217,33,485,410.90618896484375,172.9051513671875,20.5069522857666,20.5069522857666,330.287488940803,0.8,0.70599794
217,33,486,410.9142761230469,171.8745574951172,20.249614715576172,20.249614715576172,322.05007912676,0.8,0.71319336
217,33,487,410.9569396972656,170.8479766845703,21.73980140686035,21.73980140686035,371.19406726252237,0.8,0.6913929
217,33,488,410.9138488769531,170.9256134033203,21.86960792541504,21.86960792541504,375.6400378774442,0.8,0.67523897
217,33,489,410.9874267578125,169.9582977294922,22.17966079711914,22.17966079711914,386.3666936119141,0.8,0.65713334
217,33,490,410.9513244628906,169.93165588378906,22.03949737548828,22.03949737548828,381.49886765038383,0.8,0.6807972
217,33,491,410.9659729003906,168.8522491455078,22.03555679321289,22.03555679321289,381.36245861568,0.8,0.68031114
217,33,492,411.0063781738281,168.90185546875,22.25482177734375,22.25482177734375,388.98971869771185,0.8,0.66503584
217,33,493,410.96551513671875,167.89178466796875,22.001554489135742,22.001554489135742,380.186432270368,0.8,0.6809999
217,33,494,410.0273742675781,167.84812927246094,22.169681549072266,22.169681549072266,386.0190975214389,0.8,0.6730606
217,33,495,410.00262451171875,166.9569549560547,22.23046875,22.23046875,388.13885642196277,0.8,0.6644279
217,33,496,410.05206298828125,166.961181640625,22.298015594482422,22.298015594482422,390.5011445078864,0.8,0.6636421
217,33,497,410.0355224609375,165.97134399414062,22.538026809692383,22.538026809692383,398.9529343278999,0.8,0.6646503
217,33,498,410.04327392578125,165.86212158203125,22.565271377563477,22.565271377563477,399.9180471959019,0.8,0.666726
217,33,499,410.0553283691406,164.9378662109375,22.66429901123047,22.66429901123047,403.43582776272257,0.8,0.66646653
217,33,500,410.0421447753906,164.87510681152344,22.66429901123047,22.66429901123047,403.43582776272257,0.8,0.665488
219,34,487,104.2351303100586,206.6547393798828,20.064910888671875,20.064910888671875,316.2018102839283,0.8,0.84102935
219,34,488,104.12568664550781,206.9368133544922,20.36520767211914,20.36520767211914,325.7373565276813,0.8,0.8289271
219,34,489,103.14680480957031,206.8209686279297,20.373151779174805,20.373151779174805,325.99153484792856,0.8,0.8278956
219,34,490,103.10953521728516,206.93447875976562,20.59259033203125,20.59259033203125,333.05184270809895,0.8,0.8278511
219,34,491,103.195556640625,206.91998291015625,22.49610137939453,22.49610137939453,397.4700435315661,0.8,0.7990215
219,34,492,103.15428924560547,205.84954833984375,22.839677810668945,22.839677810668945,409.70364504635944,0.8,0.79905117
219,34,493,102.19638061523438,205.70103454589844,23.15826988220215,23.15826988220215,421.2133263960664,0.8,0.79669374
219,34,494,102.20191192626953,205.7078857421875,23.091999053955078,23.091999053955078,418.80604675907836,0.8,0.79826534
219,34,495,102.18673706054688,205.6937255859375,22.956111907958984,22.956111907958984,413.891538406742,0.8,0.7981467
219,34,496,102.18921661376953,205.7417449951172,23.01124382019043,23.01124382019043,415.88194801347714,0.8,0.799407
219,34,497,101.179443359375,205.703369140625,23.040321350097656,23.040321350097656,416.93364780480914,0.8,0.79835427
219,34,498,101.17219543457031,204.60733032226562,22.596731185913086,22.596731185913086,401.0339314387425,0.8,0.8044486
219,34,499,101.1824951171875,204.7283172607422,22.761152267456055,22.761152267456055,406.8912677779576,0.8,0.79866564
219,34,500,101.05292510986328,204.6636199951172,22.791828155517578,22.791828155517578,407.98876599351496,0.8,0.79962933
220,35,487,92.05547332763672,188.9652862548828,16.079551696777344,16.079551696777344,203.06625240980452,0.8,0.82361597
220,35,488,92.02986907958984,186.99378967285156,16.135332107543945,16.135332107543945,204.47758106263643,0.8,0.81719255
220,35,489,91.14835357666016,185.9210968017578,16.02313804626465,16.02313804626465,201.64387283702888,0.8,0.82639396
220,35,490,91.06957244873047,184.9455108642578,16.154714584350586,16.154714584350586,204.96913120626724,0.8,0.81180537
220,35,491,90.05564880371094,183.93446350097656,18.004365921020508,18.004365921020508,254.59246342009445,0.8,0.79451704
220,35,492,90.01783752441406,182.8907470703125,18.21657943725586,18.21657943725586,260.62948466062403,0.8,0.78980625
220,35,493,90.13406372070312,180.78382873535156,18.479305267333984,18.479305267333984,268.20147440075567,0.8,0.7855087
220,35,494,89.04757690429688,179.87266540527344,18.48423957824707,18.48423957824707,268.34472287546106,0.8,0.783901
220,35,495,89.0386734008789,178.902099609375,20.101011276245117,20.101011276245117,317.340641828539,0.8,0.753296
220,35,496,88.14833068847656,177.85272216796875,20.243017196655273,20.243017196655273,321.8402592964676,0.8,0.77103925
220,35,497,88.20301055908203,176.8033905029297,20.42354965209961,20.42354965209961,327.6063660735109,0.8,0.75385714
220,35,498,87.14093780517578,175.82984924316406,20.129962921142578,20.129962921142578,318.2554366003932,0.8,0.76746076
220,35,499,87.17781066894531,173.8452606201172,21.871286392211914,21.871286392211914,375.6976999561012,0.8,0.7304813
220,35,500,87.12693786621094,172.8815155029297,22.70827865600586,22.70827865600586,405.00306611673074,0.8,0.7080767
221,36,488,212.56603773584905,347.89343116701605,38.0,34.0,477.0,0.85,0.12284168
221,36,490,242.0749158249158,347.77525252525254,27.0,17.0,198.0,0.85,0.12677486
221,36,491,272.8935852050781,356.9563293457031,13.26967716217041,13.26967716217041,138.29631094662,0.8,0.8468964
221,36,492,272.9164733886719,356.0250549316406,14.453659057617188,14.453659057617188,164.07616384338175,0.8,0.80702394
221,36,493,272.9083251953125,353.96649169921875,16.318452835083008,16.318452835083008,209.1451714894844,0.8,0.7707443
221,36,494,272.9215087890625,352.86700439453125,17.97987937927246,17.97987937927246,253.90042575250783,0.8,0.7360325
221,36,495,273.89581298828125,350.82135009765625,19.142534255981445,19.142534255981445,287.7986465756865,0.8,0.729629
221,36,496,273.8915710449219,349.87261962890625,21.221073150634766,21.221073150634766,353.6914538404966,0.8,0.67852026
221,36,497,274.0040283203125,348.85321044921875,21.613222122192383,21.613222122192383,366.8841204585668,0.8,0.68259305
221,36,498,274.02532958984375,346.9190368652344,22.22652816772461,22.22652816772461,388.00126530268324,0.8,0.6340487
221,36,499,275.03790283203125,345.8995666503906,22.055160522460938,22.055160522460938,382.04131161563805,0.8,0.6581186
221,36,500,275.0252685546875,343.9169921875,22.171518325805664,22.171518325805664,386.08306418395574,0.8,0.6344861
223,37,494,363.7246398925781,222.17840576171875,23.532676696777344,23.532676696777344,434.9431925869351,0.8,0.77331626
223,37,495,364.75494384765625,221.09149169921875,23.559005737304688,23.559005737304688,435.9169911313132,0.8,0.77650607
223,37,496,365.7804870605469,220.075439453125,23.502635955810547,23.502635955810547,433.83344411145663,0.8,0.789199
223,37,497,366.810791015625,218.93666076660156,23.01572608947754,23.01572608947754,416.0439797964656,0.8,0.78519595
223,37,498,367.9769287109375,218.00473022460938,23.02422332763672,23.02422332763672,416.3512373087314,0.8,0.7859001
223,37,499,368.8680725097656,216.8843994140625,23.766536712646484,23.766536712646484,443.6307917463113,0.8,0.77890027
223,37,500,371.03997802734375,214.8759307861328,22.973878860473633,22.973878860473633,414.5324515549043,0.8,0.78598166
226,38,498,291.9768981933594,147.0071258544922,20.246524810791016,20.246524810791016,321.9518028708738,0.8,0.8288026
226,38,499,292.0201416015625,147.254150390625,20.660606384277344,20.660606384277344,335.2555753794388,0.8,0.8298253
226,38,500,292.0719909667969,148.24241638183594,22.9095458984375,22.9095458984375,412.21410020043334,0.8,0.80384004
227,39,498,289.9132385253906,125.102783203125,12.837101936340332,12.837101936340332,129.42669492587092,0.8,0.84573615
227,39,499,291.0282897949219,124.0609359741211,12.649110794067383,12.649110794067383,125.66370919140154,0.8,0.8428124
227,39,500,292.9542541503906,122.12654876708984,12.90785026550293,12.90785026550293,130.85722884243273,0.8,0.84051514
